date,expiry,type,entry_ts,atm,lot,short_strike,long_strike,credit,margin,alpha,alpha2,spot_entry,exit_ts,exit_reason,exit_cost_to_close,gross_pnl,charges,net_pnl
2024-09-27,2024-10-03,bull_put,2024-09-27 10:31:00,26250,25,26250,25850,90.8,7730.0,0.8329113924050633,0.9627118644067797,26273.45,2024-09-30 09:16:00,SL,139.70000000000002,-1222.5000000000005,102.138035975,-1324.6380359750005
2024-09-30,2024-10-03,bull_put,2024-09-30 10:28:00,26000,25,26000,25600,86.5,7837.5,0.8848101265822785,0.8745762711864407,25994.5,2024-09-30 12:53:00,SL,136.45000000000002,-1248.7500000000005,101.3944586175,-1350.1444586175005
2024-09-27,2024-10-03,bear_call,2024-09-27 10:58:00,26250,25,26250,26650,132.5,6687.5,0.15569620253164557,0.12203389830508475,26260.5,2024-09-30 15:01:00,TIME,15.010000000000002,2937.25,100.53242357650001,2836.7175764235
2024-09-30,2024-10-03,bear_call,2024-09-30 12:53:00,25900,25,25900,26300,110.85,7228.749999999999,0.07341772151898734,0.01694915254237288,25888.75,2024-10-01 15:01:00,TIME,35.8,1876.25,99.8007923875,1776.4492076125
2024-10-01,2024-10-03,bear_call,2024-10-01 10:19:00,25800,25,25800,26200,96.16000000000001,7595.999999999999,0.08860759493670886,0.0711864406779661,25812.55,2024-10-03 15:01:00,TIME,0.25,2397.7500000000005,98.27923948149999,2299.4707605185004
2024-10-03,2024-10-03,bear_call,2024-10-03 11:17:00,25450,25,25450,25850,64.34,8391.5,0.0810126582278481,0.19661016949152543,25471.9,2024-10-03 15:01:00,TIME,0.25000000000000006,1602.25,96.85466773650002,1505.3953322635
2024-10-04,2024-10-10,bear_call,2024-10-04 10:20:00,25200,25,25200,25600,161.59999999999997,5960.000000000001,0.0189873417721519,0.07796610169491526,25176.05,2024-10-04 10:46:00,SL,207.35000000000002,-1143.7500000000014,108.07760870749999,-1251.8276087075014
2024-10-04,2024-10-10,bull_put,2024-10-04 10:52:00,25350,25,25350,24950,106.96,7326.000000000001,0.8987341772151899,0.8576271186440678,25325.5,2024-10-04 12:48:00,SL,152.70000000000005,-1143.5000000000014,107.91250528900001,-1251.4125052890013
2024-10-04,2024-10-10,bull_put,2024-10-04 10:25:00,25200,25,25200,24800,99.89999999999998,7502.500000000001,0.8886075949367088,0.8372881355932204,25193.25,2024-10-04 13:41:00,SL,149.35000000000002,-1236.2500000000011,107.7515621725,-1344.001562172501
2024-10-04,2024-10-10,bull_put,2024-10-04 13:51:00,25050,25,25050,24650,100.25,7493.75,0.8848101265822785,0.9898305084745763,25071.35,2024-10-07 10:50:00,SL,148.35000000000002,-1202.5000000000005,107.06961850500001,-1309.5696185050006
2024-10-04,2024-10-10,bear_call,2024-10-04 13:00:00,25100,25,25100,25500,179.81,5504.75,0.02911392405063291,0.05423728813559322,25117.25,2024-10-07 15:01:00,TIME,61.95,2946.5,105.77831966900001,2840.721680331
2024-10-07,2024-10-10,bear_call,2024-10-07 10:52:00,24900,25,24900,25300,162.9,5927.5,0.15569620253164557,0.16610169491525423,24912.2,2024-10-08 15:01:00,TIME,144.35000000000002,463.74999999999955,105.4923331275,358.25766687249956
2024-10-08,2024-10-10,bull_put,2024-10-08 10:21:00,24850,25,24850,24450,113.5,7162.5,0.9063291139240506,0.8542372881355932,24854.4,2024-10-09 15:01:00,TIME,46.599999999999994,1672.5000000000002,101.473897825,1571.0261021750002
2024-10-09,2024-10-10,bear_call,2024-10-09 10:17:00,25150,25,25150,25550,97.35,7566.249999999999,0.1569620253164557,0.13559322033898305,25134.5,2024-10-10 15:01:00,TIME,0.35,2425.0,98.4112037,2326.5887963
2024-10-10,2024-10-10,bear_call,2024-10-10 10:21:00,25100,25,25100,25500,39.14,9021.5,0.024050632911392405,0.04406779661016949,25095.15,2024-10-10 15:01:00,TIME,0.4,968.5,95.85595807400001,872.644041926
2024-10-11,2024-10-17,bear_call,2024-10-11 11:00:00,24950,25,24950,25350,132.54,6686.500000000001,0.03291139240506329,0.17627118644067796,24951.45,2024-10-14 09:45:00,SL,185.75,-1330.2500000000002,104.05615692150002,-1434.3061569215001
2024-10-11,2024-10-17,bull_put,2024-10-11 10:47:00,25000,25,25000,24600,114.0,7150.0,0.8607594936708861,0.8338983050847457,24978.5,2024-10-14 15:01:00,TIME,52.9,1527.5,101.366391465,1426.133608535
2024-10-14,2024-10-17,bear_call,2024-10-14 10:20:00,25100,25,25100,25500,112.4,7190.000000000001,0.14050632911392405,0.1423728813559322,25088.55,2024-10-15 15:01:00,TIME,53.65,1468.7500000000002,99.8239192125,1368.9260807875003
2024-10-15,2024-10-17,bull_put,2024-10-15 10:17:00,25050,25,25050,24650,94.45,7638.75,0.8708860759493671,0.8915254237288136,25071.9,2024-10-16 11:41:00,SL,145.8,-1283.7500000000002,100.5873797175,-1384.3373797175002
2024-10-16,2024-10-17,bear_call,2024-10-16 11:41:00,24950,25,24950,25350,68.7,8282.5,0.09113924050632911,0.10847457627118644,24945.05,2024-10-16 14:10:00,SL,120.85,-1303.7499999999998,98.72790705749999,-1402.4779070574998
2024-10-16,2024-10-17,bull_put,2024-10-16 14:10:00,25000,25,25000,24600,53.7,8657.5,0.9569620253164557,0.9423728813559322,25020.5,2024-10-17 09:35:00,SL,117.64999999999999,-1598.7499999999998,97.8644432075,-1696.6144432074998
2024-10-17,2024-10-17,bull_put,2024-10-17 10:16:00,24850,25,24850,24450,37.34,9066.5,0.9544303797468354,0.888135593220339,24842.4,2024-10-17 13:28:00,SL,98.25,-1522.75,96.87742150650001,-1619.6274215065
2024-10-16,2024-10-17,bear_call,2024-10-16 10:23:00,25050,25,25050,25450,82.0,7950.0,0.053164556962025315,0.04745762711864407,25049.9,2024-10-17 15:01:00,TIME,0.19999999999999996,2045.0,97.518134025,1947.481865975
2024-10-17,2024-10-17,bear_call,2024-10-17 13:28:00,24750,25,24750,25150,19.09,9522.75,0.1240506329113924,0.09830508474576272,24758.45,2024-10-17 15:01:00,TIME,3.4,392.25,95.18491062650001,297.0650893735
2024-10-18,2024-10-24,bull_put,2024-10-18 10:16:00,24700,25,24700,24300,104.29999999999998,7392.500000000001,0.9227848101265823,0.9491525423728814,24678.65,2024-10-21 15:01:00,TIME,68.80000000000001,887.4999999999993,101.36506152,786.1349384799993
2024-10-18,2024-10-24,bull_put,2024-10-18 10:18:00,24700,25,24700,24300,102.25999999999999,7443.5,0.9037974683544304,0.9355932203389831,24684.05,2024-10-21 15:01:00,TIME,68.80000000000001,836.4999999999995,101.232035809,735.2679641909996
2024-10-22,2024-10-24,bull_put,2024-10-22 10:35:00,24700,25,24700,24300,104.95,7376.25,0.9860759493670886,0.9593220338983051,24691.95,2024-10-22 13:24:00,SL,149.95,-1124.9999999999995,102.162085125,-1227.1620851249995
2024-10-22,2024-10-24,bull_put,2024-10-22 13:31:00,24600,25,24600,24200,99.80000000000001,7505.0,0.8240506329113924,0.8847457627118644,24595.6,2024-10-22 15:04:00,SL,146.55,-1168.75,101.84690124750003,-1270.5969012475
2024-10-23,2024-10-24,bull_put,2024-10-23 10:17:00,24550,25,24550,24150,87.45,7813.75,0.8481012658227848,0.8372881355932204,24533.05,2024-10-23 14:24:00,SL,143.9,-1411.25,100.75792571749999,-1512.0079257175
2024-10-22,2024-10-24,bear_call,2024-10-22 10:27:00,24700,25,24700,25100,98.7,7532.5,0.05569620253164557,0.06440677966101695,24685.25,2024-10-23 15:01:00,TIME,6.75,2298.75,98.5928132075,2200.1571867925
2024-10-24,2024-10-24,bear_call,2024-10-24 10:19:00,24450,25,24450,24850,23.56,9411.0,0.18734177215189873,0.11864406779661017,24426.75,2024-10-24 15:01:00,TIME,0.35000000000000003,580.2499999999999,95.29700514150002,484.9529948584999
2024-10-24,2024-10-24,bull_put,2024-10-24 10:42:00,24450,25,24450,24050,41.1,8972.5,0.8822784810126583,0.9050847457627119,24434.2,2024-10-24 15:01:00,TIME,50.349999999999994,-231.24999999999983,96.4710867325,-327.7210867324998
2024-10-25,2024-10-31,bull_put,2024-10-25 10:19:00,24250,25,24250,23850,111.1,7222.499999999999,0.8227848101265823,0.8305084745762712,24248.4,2024-10-25 12:16:00,SL,156.55,-1136.2500000000005,105.5041131925,-1241.7541131925004
2024-10-25,2024-10-31,bull_put,2024-10-25 10:21:00,24250,25,24250,23850,112.53999999999999,7186.500000000001,0.8417721518987342,0.8542372881355932,24245.75,2024-10-25 12:16:00,SL,156.55,-1100.2500000000005,105.62939913649998,-1205.8793991365005
2024-10-25,2024-10-31,bear_call,2024-10-25 12:17:00,24150,25,24150,24550,122.64999999999999,6933.750000000001,0.10506329113924051,0.08135593220338982,24125.45,2024-10-28 09:16:00,SL,170.3,-1191.2500000000005,103.62301786249999,-1294.8730178625005
2024-10-25,2024-10-31,bull_put,2024-10-25 12:22:00,24150,25,24150,23750,114.54999999999998,7136.250000000001,0.9443037974683545,0.9050847457627119,24146.6,2024-10-28 15:01:00,TIME,33.35,2029.9999999999998,101.46137852499999,1928.5386214749997
2024-10-28,2024-10-31,bull_put,2024-10-28 10:25:00,24400,25,24400,24000,100.99999999999999,7475.0,0.9417721518987342,0.8983050847457628,24389.25,2024-10-29 09:29:00,SL,151.65,-1266.2500000000005,102.64781352250002,-1368.8978135225004
2024-10-29,2024-10-31,bull_put,2024-10-29 10:28:00,24250,25,24250,23850,89.7,7757.5,0.9341772151898734,0.9423728813559322,24237.7,2024-10-29 10:48:00,SL,138.00000000000003,-1207.5000000000007,101.32964489,-1308.8296448900007
2024-10-29,2024-10-31,bull_put,2024-10-29 10:24:00,24200,25,24200,23800,80.8,7980.0,0.8278481012658228,0.8406779661016949,24220.25,2024-10-30 15:01:00,TIME,19.950000000000003,1521.2499999999998,98.30170760250002,1422.9482923974997
2024-10-29,2024-10-31,bull_put,2024-10-29 10:52:00,24150,25,24150,23750,86.65,7833.750000000001,0.8746835443037975,0.8610169491525423,24173.15,2024-10-30 15:01:00,TIME,13.150000000000002,1837.5,98.407450235,1739.092549765
2024-10-31,2024-10-31,bear_call,2024-10-31 10:18:00,24250,25,24250,24650,46.95,8826.25,0.11518987341772152,0.10847457627118644,24261.8,2024-10-31 15:01:00,TIME,0.35,1165.0,96.138561675,1068.861438325
2024-10-31,2024-10-31,bull_put,2024-10-31 10:26:00,24250,25,24250,23850,20.349999999999998,9491.25,0.8708860759493671,0.9050847457627119,24273.9,2024-10-31 15:01:00,TIME,54.1,-843.75,95.7789722825,-939.5289722825
2024-11-04,2024-11-07,bull_put,2024-11-04 10:18:00,24000,25,24000,23600,142.64999999999998,6433.750000000001,0.9885350318471338,0.9689655172413794,23982.45,2024-11-04 11:03:00,SL,183.86,-1030.250000000001,111.70299630150001,-1141.952996301501
2024-11-04,2024-11-07,bear_call,2024-11-04 11:09:00,23850,25,23850,24250,141.1,6472.499999999999,0.06624203821656051,0.16896551724137931,23831.1,2024-11-04 14:38:00,SL,182.20999999999998,-1027.7499999999995,107.8303758565,-1135.5803758564996
2024-11-04,2024-11-07,bear_call,2024-11-04 10:28:00,23950,25,23950,24350,147.6,6310.0,0.05987261146496815,0.13448275862068965,23945.6,2024-11-05 13:34:00,SL,187.00000000000003,-985.0000000000009,107.65149217999999,-1092.6514921800008
2024-11-05,2024-11-07,bear_call,2024-11-05 10:16:00,23950,25,23950,24350,148.59999999999997,6285.000000000001,0.10191082802547771,0.0847457627118644,23958.6,2024-11-05 13:34:00,SL,187.00000000000003,-960.0000000000016,106.947876,-1066.9478760000015
2024-11-05,2024-11-07,bear_call,2024-11-05 13:39:00,24050,25,24050,24450,139.35,6516.249999999999,0.05222929936305733,0.17627118644067796,24067.35,2024-11-05 14:28:00,SL,181.0,-1041.2500000000002,105.59201722249999,-1146.8420172225003
2024-11-06,2024-11-07,bear_call,2024-11-06 10:27:00,24350,25,24350,24750,97.9,7552.500000000001,0.12531645569620253,0.15254237288135594,24353.2,2024-11-06 13:40:00,SL,145.24,-1183.5,100.66133076899999,-1284.161330769
2024-11-05,2024-11-07,bull_put,2024-11-05 13:46:00,24100,25,24100,23700,137.5,6562.5,0.8968152866242038,0.8711864406779661,24076.95,2024-11-06 15:01:00,TIME,3.1499999999999995,3358.75,102.0298328705,3256.7201671295
2024-11-06,2024-11-07,bull_put,2024-11-06 13:55:00,24500,25,24500,24100,91.60000000000001,7709.999999999999,0.8025316455696202,0.9084745762711864,24483.95,2024-11-07 09:25:00,SL,147.55,-1398.75,99.93670295749999,-1498.6867029575
2024-11-07,2024-11-07,bear_call,2024-11-07 10:27:00,24200,25,24200,24600,49.65,8758.75,0.13291139240506328,0.10508474576271186,24214.05,2024-11-07 15:01:00,TIME,3.9999999999999996,1141.25,96.34199766249999,1044.9080023375
2024-11-07,2024-11-07,bull_put,2024-11-07 10:39:00,24200,25,24200,23800,39.50000000000001,9012.5,0.8227848101265823,0.8067796610169492,24204.8,2024-11-07 15:01:00,TIME,3.75,893.7500000000002,95.8942994275,797.8557005725003
2024-11-08,2024-11-14,bear_call,2024-11-08 10:30:00,24200,25,24200,24600,129.6,6759.999999999999,0.09240506329113925,0.19661016949152543,24185.35,2024-11-11 11:15:00,SL,171.20000000000002,-1040.0000000000005,103.667326175,-1143.6673261750004
2024-11-08,2024-11-14,bear_call,2024-11-08 10:27:00,24200,25,24200,24600,135.34999999999997,6616.250000000001,0.12784810126582277,0.14576271186440679,24195.2,2024-11-11 11:16:00,SL,175.3,-998.7500000000011,104.1300229925,-1102.8800229925012
2024-11-11,2024-11-14,bull_put,2024-11-11 11:44:00,24350,25,24350,23950,99.0,7525.0,0.889873417721519,0.8338983050847457,24331.75,2024-11-11 12:12:00,SL,148.15,-1228.7500000000002,102.1268713025,-1330.8768713025001
2024-11-11,2024-11-14,bear_call,2024-11-11 11:28:00,24300,25,24300,24700,117.54999999999998,7061.250000000001,0.08481012658227848,0.19322033898305085,24299.75,2024-11-12 15:01:00,TIME,13.05,2612.4999999999995,99.47815189999999,2513.0218480999997
2024-11-11,2024-11-14,bear_call,2024-11-11 12:21:00,24250,25,24250,24650,108.25,7293.75,0.05949367088607595,0.12542372881355932,24238.7,2024-11-12 15:01:00,TIME,17.55,2267.5,99.14583461500001,2168.3541653849998
2024-11-13,2024-11-14,bull_put,2024-11-13 10:26:00,23750,25,23750,23350,94.7,7632.5,0.979746835443038,0.9661016949152542,23742.45,2024-11-13 13:03:00,SL,146.70000000000002,-1300.0000000000005,100.729385825,-1400.7293858250005
2024-11-13,2024-11-14,bull_put,2024-11-13 10:19:00,23700,25,23700,23300,86.0,7850.0,0.8253164556962025,0.8983050847457628,23714.0,2024-11-13 14:30:00,SL,139.90000000000003,-1347.500000000001,100.08588438,-1447.5858843800008
2024-11-13,2024-11-14,bull_put,2024-11-13 13:13:00,23650,25,23650,23250,79.05000000000001,8023.75,0.8911392405063291,0.9559322033898305,23663.35,2024-11-13 14:41:00,SL,126.60000000000001,-1188.75,99.3530216325,-1288.1030216325
2024-11-14,2024-11-14,bear_call,2024-11-14 10:28:00,23600,25,23600,24000,34.190000000000005,9145.25,0.15316455696202533,0.17966101694915254,23590.6,2024-11-14 15:01:00,TIME,0.3,847.2500000000002,95.68909349649999,751.5609065035003
2024-11-14,2024-11-14,bear_call,2024-11-14 10:40:00,23550,25,23550,23950,47.00000000000001,8825.0,0.0670886075949367,0.0711864406779661,23573.2,2024-11-14 15:01:00,TIME,0.35,1166.2500000000002,96.1682158625,1070.0817841375
2024-11-18,2024-11-21,bull_put,2024-11-18 10:25:00,23450,25,23450,23050,102.94999999999999,7426.25,0.9430379746835443,0.8711864406779661,23452.3,2024-11-18 10:49:00,SL,152.65,-1242.5000000000005,102.895201525,-1345.3952015250004
2024-11-18,2024-11-21,bear_call,2024-11-18 10:49:00,23350,25,23350,23750,116.54999999999998,7086.250000000001,0.13164556962025317,0.14576271186440679,23354.75,2024-11-18 11:56:00,SL,159.85000000000002,-1082.500000000001,102.38254743499999,-1184.882547435001
2024-11-18,2024-11-21,bear_call,2024-11-18 10:20:00,23450,25,23450,23850,110.0,7250.0,0.10379746835443038,0.13220338983050847,23425.9,2024-11-18 12:28:00,SL,157.70000000000002,-1192.5000000000005,101.94576466000001,-1294.4457646600003
2024-11-18,2024-11-21,bear_call,2024-11-18 12:40:00,23500,25,23500,23900,127.28999999999999,6817.750000000001,0.08227848101265822,0.12542372881355932,23510.4,2024-11-19 09:25:00,SL,184.95000000000002,-1441.5000000000007,102.68807197900001,-1544.1880719790006
2024-11-19,2024-11-21,bear_call,2024-11-19 10:16:00,23700,25,23700,24100,85.64999999999999,7858.750000000001,0.12278481012658228,0.0711864406779661,23686.3,2024-11-19 11:27:00,SL,133.60000000000002,-1198.7500000000007,99.36676231249999,-1298.1167623125007
2024-11-19,2024-11-21,bull_put,2024-11-19 11:41:00,23800,25,23800,23400,90.35,7741.249999999999,0.8936708860759494,0.847457627118644,23777.6,2024-11-19 14:12:00,SL,138.15,-1195.0000000000002,100.45497392499999,-1295.454973925
2024-11-18,2024-11-21,bull_put,2024-11-18 11:59:00,23450,25,23450,23050,102.55,7436.25,0.8632911392405064,0.8779661016949153,23449.95,2024-11-19 15:01:00,TIME,64.09,961.4999999999999,100.09588578400002,861.4041142159999
2024-11-21,2024-11-21,bull_put,2024-11-21 10:23:00,23300,25,23300,22900,32.35,9191.25,0.8518987341772152,0.8169491525423729,23322.55,2024-11-21 15:01:00,TIME,0.35000000000000003,800.0,95.66873346499999,704.331266535
2024-11-21,2024-11-21,bear_call,2024-11-21 10:37:00,23300,25,23300,23700,26.05,9348.75,0.07088607594936709,0.15932203389830507,23314.05,2024-11-21 15:01:00,TIME,43.64999999999999,-439.9999999999998,95.90391406499998,-535.9039140649998
2024-11-22,2024-11-28,bear_call,2024-11-22 10:23:00,23550,25,23550,23950,159.05,6023.75,0.04177215189873418,0.02711864406779661,23545.25,2024-11-22 12:07:00,SL,197.64999999999998,-964.9999999999991,108.184055055,-1073.1840550549991
2024-11-22,2024-11-28,bear_call,2024-11-22 12:13:00,23600,25,23600,24000,171.04999999999998,5723.75,0.09620253164556962,0.0576271186440678,23624.3,2024-11-22 13:46:00,SL,208.05,-925.0000000000007,109.63261357999998,-1034.6326135800007
2024-11-22,2024-11-28,bull_put,2024-11-22 10:30:00,23550,25,23550,23150,113.8,7155.0,0.9,0.8135593220338984,23551.4,2024-11-25 15:01:00,TIME,9.64,2604.0,101.76626024400001,2502.233739756
2024-11-22,2024-11-28,bull_put,2024-11-22 13:46:00,23750,25,23750,23350,116.94999999999997,7076.25,0.9151898734177215,0.9559322033898305,23733.4,2024-11-25 15:01:00,TIME,16.300000000000004,2516.2499999999995,102.95789026249999,2413.2921097374997
2024-11-26,2024-11-28,bear_call,2024-11-26 10:16:00,24200,25,24200,24600,123.05,6923.75,0.11012658227848102,0.05084745762711865,24220.05,2024-11-27 13:11:00,SL,170.2,-1178.7499999999998,101.8327559075,-1280.5827559074999
2024-11-26,2024-11-28,bull_put,2024-11-26 10:28:00,24200,25,24200,23800,106.5,7337.5,0.889873417721519,0.9559322033898305,24193.5,2024-11-27 15:01:00,TIME,35.4,1777.4999999999998,100.032920755,1677.4670792449997
2024-11-27,2024-11-28,bull_put,2024-11-27 13:27:00,24350,25,24350,23950,69.45,8263.75,0.8430379746835444,0.847457627118644,24338.65,2024-11-28 09:38:00,SL,118.85,-1234.9999999999998,98.80191792000001,-1333.8019179199998
2024-11-28,2024-11-28,bear_call,2024-11-28 10:16:00,24300,25,24300,24700,69.2,8270.0,0.1518987341772152,0.09830508474576272,24324.8,2024-11-28 15:01:00,TIME,0.35,1721.2500000000002,96.95792990249998,1624.2920700975003
2024-11-28,2024-11-28,bear_call,2024-11-28 10:26:00,24300,25,24300,24700,64.35,8391.25,0.13544303797468354,0.1288135593220339,24312.7,2024-11-28 15:01:00,TIME,0.35,1599.9999999999998,96.78641765500001,1503.2135823449998
2024-11-29,2024-12-05,bear_call,2024-11-29 10:45:00,24100,25,24100,24500,156.45,6088.75,0.07215189873417721,0.14915254237288136,24082.35,2024-12-02 13:59:00,SL,201.75000000000003,-1132.500000000001,107.554392495,-1240.054392495001
2024-11-29,2024-12-05,bull_put,2024-11-29 10:28:00,24050,25,24050,23650,115.1,7122.499999999999,0.9911392405063291,0.9491525423728814,24035.6,2024-12-02 15:01:00,TIME,50.05,1626.25,102.5262402625,1523.7237597375
2024-12-02,2024-12-05,bear_call,2024-12-02 14:11:00,24250,25,24250,24650,157.0,6075.0,0.10379746835443038,0.1288135593220339,24241.0,2024-12-03 10:26:00,SL,193.1,-902.4999999999999,105.26542093999998,-1007.7654209399999
2024-12-03,2024-12-05,bull_put,2024-12-03 10:17:00,24350,25,24350,23950,103.89999999999999,7402.500000000001,0.8151898734177215,0.9559322033898305,24358.7,2024-12-04 15:01:00,TIME,70.30000000000001,839.9999999999995,101.00274411,738.9972558899996
2024-12-03,2024-12-05,bull_put,2024-12-03 10:30:00,24400,25,24400,24000,100.6,7484.999999999999,0.9025316455696203,0.9593220338983051,24395.5,2024-12-04 15:01:00,TIME,84.85,393.75,101.31266148750001,292.4373385125
2024-12-05,2024-12-05,bull_put,2024-12-05 10:23:00,24400,25,24400,24000,116.49999999999999,7087.5,0.9924050632911392,0.9661016949152542,24418.45,2024-12-05 10:59:00,SL,171.8,-1382.5000000000007,102.71575744500001,-1485.2157574450007
2024-12-05,2024-12-05,bear_call,2024-12-05 10:17:00,24400,25,24400,24800,117.84999999999998,7053.750000000001,0.12025316455696203,0.1694915254237288,24410.25,2024-12-05 12:07:00,SL,170.35000000000002,-1312.5000000000011,102.05952845000002,-1414.5595284500012
2024-12-05,2024-12-05,bear_call,2024-12-05 12:22:00,24600,25,24600,25000,137.48999999999998,6562.75,0.06455696202531645,0.1152542372881356,24608.75,2024-12-05 14:13:00,SL,182.65,-1129.0000000000007,102.19825601899998,-1231.1982560190006
2024-12-05,2024-12-05,bull_put,2024-12-05 14:13:00,24750,25,24750,24350,93.14999999999999,7671.250000000001,0.9886075949367089,0.976271186440678,24731.95,2024-12-05 14:54:00,SL,143.10000000000002,-1248.7500000000007,100.89483409249999,-1349.6448340925008
2024-12-05,2024-12-05,bull_put,2024-12-05 11:04:00,24350,25,24350,23950,119.73999999999998,7006.5,0.9936708860759493,0.9423728813559322,24367.8,2024-12-05 15:01:00,TIME,5.25,2862.2499999999995,99.4572943315,2762.7927056684994
2024-12-06,2024-12-12,bull_put,2024-12-06 10:23:00,24700,25,24700,24300,132.79999999999998,6680.000000000001,0.9784810126582278,0.9220338983050848,24711.55,2024-12-09 15:01:00,TIME,149.70000000000002,-422.50000000000085,105.774757305,-528.2747573050009
2024-12-06,2024-12-12,bear_call,2024-12-06 11:13:00,24700,25,24700,25100,146.15,6346.25,0.08354430379746836,0.13559322033898305,24711.45,2024-12-09 15:01:00,TIME,89.3,1421.2500000000002,104.3463029725,1316.9036970275001
2024-12-10,2024-12-12,bull_put,2024-12-10 10:16:00,24650,25,24650,24250,105.69999999999999,7357.5,0.8936708860759494,0.8813559322033898,24657.45,2024-12-10 12:16:00,SL,150.55,-1121.2500000000005,102.1952756475,-1223.4452756475005
2024-12-10,2024-12-12,bear_call,2024-12-10 10:23:00,24650,25,24650,25050,100.35000000000001,7491.249999999999,0.13291139240506328,0.03389830508474576,24643.8,2024-12-11 15:01:00,TIME,53.25,1177.5000000000002,99.60481449000001,1077.8951855100001
2024-12-10,2024-12-12,bear_call,2024-12-10 12:33:00,24600,25,24600,25000,94.21000000000001,7644.749999999999,0.08860759493670886,0.13559322033898305,24578.95,2024-12-11 15:01:00,TIME,78.55,391.5000000000003,99.656767334,291.8432326660003
2024-12-12,2024-12-12,bull_put,2024-12-12 10:32:00,24600,25,24600,24200,29.89,9252.75,0.8354430379746836,0.888135593220339,24624.7,2024-12-12 15:01:00,TIME,53.55,-591.4999999999999,96.233389554,-687.7333895539999
2024-12-12,2024-12-12,bear_call,2024-12-12 10:33:00,24600,25,24600,25000,31.050000000000004,9223.75,0.1379746835443038,0.05084745762711865,24604.5,2024-12-12 15:01:00,TIME,0.09999999999999998,773.7500000000001,95.7384983575,678.0115016425001
2024-12-13,2024-12-19,bear_call,2024-12-13 10:25:00,24250,25,24250,24650,135.7,6607.5,0.012658227848101266,0.15254237288135594,24257.6,2024-12-13 11:36:00,SL,177.05,-1033.7500000000005,106.7436292125,-1140.4936292125005
2024-12-13,2024-12-19,bear_call,2024-12-13 10:16:00,24300,25,24300,24700,133.65,6658.750000000001,0.016455696202531647,0.023728813559322035,24315.7,2024-12-13 11:53:00,SL,175.70999999999998,-1051.4999999999993,106.058552094,-1157.5585520939994
2024-12-13,2024-12-19,bear_call,2024-12-13 12:06:00,24500,25,24500,24900,152.6,6185.0,0.002531645569620253,0.03389830508474576,24519.4,2024-12-13 13:00:00,SL,192.85000000000002,-1006.2500000000007,107.8933220275,-1114.1433220275007
2024-12-13,2024-12-19,bear_call,2024-12-13 13:12:00,24650,25,24650,25050,145.10999999999999,6372.25,0.08354430379746836,0.01694915254237288,24653.05,2024-12-13 15:29:00,SL,183.4,-957.2500000000005,105.51284733649999,-1062.7628473365005
2024-12-13,2024-12-19,bull_put,2024-12-13 11:44:00,24350,25,24350,23950,121.4,6965.000000000001,0.9936708860759493,0.9186440677966101,24372.75,2024-12-16 15:01:00,TIME,33.3,2202.5,101.75651001000001,2100.74348999
2024-12-16,2024-12-19,bear_call,2024-12-16 10:22:00,24700,25,24700,25100,120.41,6989.750000000001,0.15949367088607594,0.15254237288135594,24691.7,2024-12-17 15:01:00,TIME,25.259999999999998,2378.75,100.8202010105,2277.9297989895
2024-12-17,2024-12-19,bear_call,2024-12-17 10:21:00,24450,25,24450,24850,121.29999999999998,6967.500000000001,0.0012658227848101266,0.003389830508474576,24456.25,2024-12-18 15:01:00,TIME,15.200000000000003,2652.4999999999995,101.13353174,2551.3664682599997
2024-12-18,2024-12-19,bull_put,2024-12-18 10:17:00,24250,25,24250,23850,77.45,8063.75,0.9088607594936708,0.8847457627118644,24254.3,2024-12-19 09:16:00,SL,229.40000000000003,-3798.750000000001,102.8858909075,-3901.635890907501
2024-12-19,2024-12-19,bull_put,2024-12-19 11:39:00,24000,25,24000,23600,43.400000000000006,8915.0,0.9962025316455696,0.9830508474576272,23996.6,2024-12-19 15:01:00,TIME,49.8,-159.99999999999977,96.676444855,-256.6764448549998
2024-12-19,2024-12-19,bear_call,2024-12-19 11:44:00,23950,25,23950,24350,28.15,9296.25,0.08227848101265822,0.18983050847457628,23971.4,2024-12-19 15:01:00,TIME,2.9499999999999997,630.0,95.623464825,534.376535175
2024-12-27,2025-01-02,bull_put,2024-12-27 13:56:00,23850,75,23850,23450,89.95,23253.75,0.8443037974683544,0.9691358024691358,23857.65,2024-12-30 09:26:00,SL,135.9,-3446.25,115.79379304250001,-3562.0437930425
2024-12-30,2025-01-02,bear_call,2024-12-30 10:21:00,23750,75,23750,24150,123.2,20760.0,0.05822784810126582,0.17288135593220338,23762.65,2024-12-30 10:49:00,SL,169.25,-3453.75,119.2271075075,-3572.9771075075
2024-12-30,2025-01-02,bear_call,2024-12-30 10:56:00,23800,75,23800,24200,135.7,19822.5,0.08860759493670886,0.13220338983050847,23820.1,2024-12-30 11:51:00,SL,182.35,-3498.7500000000005,122.6143484525,-3621.3643484525005
2024-12-27,2025-01-02,bear_call,2024-12-27 13:48:00,23850,75,23850,24250,145.49999999999997,19087.500000000004,0.1379746835443038,0.12337662337662338,23846.2,2024-12-30 15:01:00,TIME,66.3,5939.999999999998,116.59196885000001,5823.408031149998
2024-12-30,2025-01-02,bear_call,2024-12-30 11:58:00,23900,75,23900,24300,131.14999999999998,20163.75,0.07341772151898734,0.1423728813559322,23889.9,2024-12-31 15:01:00,TIME,43.49999999999999,6573.749999999998,112.7756923925,6460.974307607498
2024-12-31,2025-01-02,bull_put,2024-12-31 10:16:00,23500,75,23500,23100,109.99999999999999,21750.0,0.9025316455696203,0.9152542372881356,23488.0,2025-01-01 15:01:00,TIME,34.1,5692.499999999998,110.30214942500001,5582.1978505749985
2025-01-01,2025-01-02,bull_put,2025-01-01 10:29:00,23650,75,23650,23250,96.2,22785.0,0.8354430379746836,0.8169491525423729,23643.5,2025-01-02 15:01:00,TIME,0.3,7192.5,106.679430305,7085.820569695
2025-01-02,2025-01-02,bull_put,2025-01-02 10:20:00,23850,75,23850,23450,77.35,24198.75,0.9240506329113924,0.8033898305084746,23860.45,2025-01-02 15:01:00,TIME,0.35000000000000003,5775.0,103.88654829500001,5671.1134517049995
2025-01-03,2025-01-09,bear_call,2025-01-03 10:29:00,24050,75,24050,24450,123.38999999999999,20745.75,0.10506329113924051,0.14576271186440679,24047.45,2025-01-06 15:01:00,TIME,39.449999999999996,6295.5,115.63779114199998,6179.862208858
2025-01-03,2025-01-09,bear_call,2025-01-03 10:34:00,24050,75,24050,24450,113.7,21472.5,0.10126582278481013,0.09152542372881356,24028.1,2025-01-06 15:01:00,TIME,39.449999999999996,5568.75,113.95445708749999,5454.7955429125
2025-01-07,2025-01-09,bull_put,2025-01-07 10:48:00,23750,75,23750,23350,95.4,22845.0,0.9443037974683545,0.9796610169491525,23760.0,2025-01-08 09:23:00,SL,143.75,-3626.2499999999995,116.6058171875,-3742.8558171874997
2025-01-07,2025-01-09,bull_put,2025-01-07 10:30:00,23750,75,23750,23350,100.54999999999998,22458.750000000004,0.9443037974683545,0.8983050847457628,23758.85,2025-01-08 09:29:00,SL,147.4,-3513.750000000002,117.16929955250001,-3630.919299552502
2025-01-08,2025-01-09,bear_call,2025-01-08 10:21:00,23650,75,23650,24050,69.85000000000001,24761.25,0.10253164556962026,0.02711864406779661,23636.7,2025-01-08 14:24:00,SL,124.19000000000001,-4075.5000000000005,108.92075193200002,-4184.420751932001
2025-01-08,2025-01-09,bull_put,2025-01-08 10:32:00,23600,75,23600,23200,75.55000000000001,24333.75,0.9265822784810127,0.9288135593220339,23612.3,2025-01-09 15:01:00,TIME,79.85000000000001,-322.4999999999998,106.004516435,-428.5045164349998
2025-01-09,2025-01-09,bear_call,2025-01-09 10:31:00,23600,75,23600,24000,34.150000000000006,27438.75,0.04177215189873418,0.006779661016949152,23613.95,2025-01-09 15:01:00,TIME,0.3,2538.7500000000005,98.36760946249998,2440.3823905375007
2025-01-10,2025-01-16,bear_call,2025-01-10 10:29:00,23400,75,23400,23800,155.54999999999998,18333.75,0.11772151898734177,0.0711864406779661,23409.0,2025-01-10 11:05:00,SL,198.11,-3192.0000000000023,135.20656147699998,-3327.206561477002
2025-01-10,2025-01-16,bull_put,2025-01-10 11:15:00,23550,75,23550,23150,106.1,22042.5,0.9227848101265823,0.9152542372881356,23557.65,2025-01-10 14:15:00,SL,151.89999999999998,-3434.9999999999986,126.97805756,-3561.9780575599984
2025-01-10,2025-01-16,bull_put,2025-01-10 10:19:00,23400,75,23400,23000,121.85,20861.25,0.9316455696202531,0.9491525423728814,23402.15,2025-01-13 09:17:00,SL,181.55,-4477.500000000001,134.984652665,-4612.484652665001
2025-01-13,2025-01-16,bull_put,2025-01-13 10:24:00,23300,75,23300,22900,112.2,21585.0,0.9417721518987342,0.9593220338983051,23290.5,2025-01-13 13:13:00,SL,158.45000000000002,-3468.750000000001,124.5251478125,-3593.275147812501
2025-01-13,2025-01-16,bear_call,2025-01-13 10:21:00,23250,75,23250,23650,140.14999999999998,19488.75,0.06582278481012659,0.16610169491525423,23263.2,2025-01-14 15:01:00,TIME,68.19999999999999,5396.249999999999,117.0916298975,5279.158370102499
2025-01-13,2025-01-16,bear_call,2025-01-13 13:14:00,23150,75,23150,23550,130.29,20228.250000000004,0.07088607594936709,0.09491525423728814,23167.8,2025-01-14 15:01:00,TIME,123.40000000000002,516.749999999998,117.9905253395,398.759474660498
2025-01-15,2025-01-16,bull_put,2025-01-15 10:16:00,23200,75,23200,22800,51.4,26145.0,0.9113924050632911,0.888135593220339,23219.85,2025-01-16 15:01:00,TIME,0.25,3836.25,101.17200652250001,3735.0779934775
2025-01-15,2025-01-16,bull_put,2025-01-15 10:21:00,23250,75,23250,22850,64.16000000000001,25187.999999999996,0.9088607594936708,0.9389830508474576,23238.0,2025-01-16 15:01:00,TIME,0.25,4793.250000000001,102.54523577449999,4690.704764225501
2025-01-17,2025-01-23,bull_put,2025-01-17 10:27:00,23250,75,23250,22850,107.19999999999999,21960.0,0.9772151898734177,0.9728813559322034,23250.3,2025-01-17 10:50:00,SL,148.3,-3082.500000000002,125.88020615,-3208.380206150002
2025-01-17,2025-01-23,bull_put,2025-01-17 10:20:00,23200,75,23200,22800,101.89999999999999,22357.5,0.8556962025316456,0.8711864406779661,23215.05,2025-01-17 10:59:00,SL,149.85000000000002,-3596.2500000000023,126.42230321750002,-3722.6723032175023
2025-01-17,2025-01-23,bear_call,2025-01-17 10:57:00,23100,75,23100,23500,152.95,18528.75,0.05063291139240506,0.1016949152542373,23122.25,2025-01-17 12:02:00,SL,199.85000000000002,-3517.5000000000027,135.02499086,-3652.5249908600026
2025-01-17,2025-01-23,bear_call,2025-01-17 12:07:00,23200,75,23200,23600,157.2,18210.0,0.11139240506329114,0.17288135593220338,23187.1,2025-01-20 11:28:00,SL,196.10000000000002,-2917.5000000000027,130.75662659,-3048.2566265900027
2025-01-17,2025-01-23,bull_put,2025-01-17 11:10:00,23150,75,23150,22750,127.0,20475.0,0.9227848101265823,0.8169491525423729,23127.65,2025-01-20 15:01:00,TIME,46.15,6063.75,119.3464742825,5944.4035257175
2025-01-20,2025-01-23,bull_put,2025-01-20 11:29:00,23350,75,23350,22950,107.89999999999999,21907.5,0.9696202531645569,0.8711864406779661,23325.75,2025-01-21 10:17:00,SL,159.45,-3866.25,123.55155175249999,-3989.8015517525
2025-01-21,2025-01-23,bear_call,2025-01-21 10:16:00,23250,75,23250,23650,129.75,20268.75,0.09746835443037975,0.12542372881355932,23250.55,2025-01-21 11:52:00,SL,177.65,-3592.5000000000005,123.16494338000001,-3715.6649433800003
2025-01-21,2025-01-23,bull_put,2025-01-21 10:35:00,23150,75,23150,22750,119.38999999999999,21045.75,0.9189873417721519,0.8305084745762712,23160.1,2025-01-21 14:41:00,SL,163.3,-3293.250000000002,124.59911090450001,-3417.8491109045017
2025-01-21,2025-01-23,bear_call,2025-01-21 12:09:00,23300,75,23300,23700,135.79999999999998,19815.000000000004,0.002531645569620253,0.013559322033898305,23308.55,2025-01-22 15:01:00,TIME,19.05,8756.249999999998,113.1858549275,8643.064145072498
2025-01-22,2025-01-23,bear_call,2025-01-22 10:20:00,23100,75,23100,23500,93.65,22976.25,0.16962025316455695,0.1288135593220339,23080.2,2025-01-23 10:22:00,SL,140.75,-3532.4999999999995,110.54076180499999,-3643.0407618049994
2025-01-23,2025-01-23,bear_call,2025-01-23 10:40:00,23250,75,23250,23650,21.5,28387.5,0.1911392405063291,0.11864406779661017,23226.15,2025-01-23 15:01:00,TIME,0.35,1586.25,96.82506368749999,1489.4249363125
2025-01-23,2025-01-23,bear_call,2025-01-23 10:52:00,23200,75,23200,23600,40.400000000000006,26970.0,0.13924050632911392,0.030508474576271188,23214.35,2025-01-23 15:01:00,TIME,8.200000000000001,2415.0,99.11279954,2315.88720046
2025-01-24,2025-01-30,bear_call,2025-01-24 10:19:00,23150,25,23150,23550,145.04999999999998,6373.75,0.08607594936708861,0.10508474576271186,23133.3,2025-01-24 11:14:00,SL,195.0,-1248.7500000000005,107.3876290825,-1356.1376290825006
2025-01-24,2025-01-30,bull_put,2025-01-24 11:14:00,23300,25,23300,22900,118.79999999999998,7030.000000000001,0.9607594936708861,0.9898305084745763,23275.05,2025-01-24 13:06:00,SL,162.95000000000002,-1103.750000000001,106.08224376249998,-1209.8322437625009
2025-01-24,2025-01-30,bull_put,2025-01-24 13:11:00,23200,25,23200,22800,122.95,6926.25,0.889873417721519,0.9864406779661017,23192.25,2025-01-24 14:50:00,SL,165.05,-1052.5000000000002,106.212834505,-1158.7128345050003
2025-01-24,2025-01-30,bull_put,2025-01-24 10:25:00,23150,25,23150,22750,121.15,6971.250000000001,0.9151898734177215,0.9796610169491525,23156.9,2025-01-27 09:16:00,SL,194.20000000000002,-1826.2500000000002,107.5978707675,-1933.8478707675001
2025-01-27,2025-01-30,bear_call,2025-01-27 10:27:00,22900,25,22900,23300,126.99999999999999,6825.0,0.15316455696202533,0.13559322033898305,22885.35,2025-01-28 11:05:00,SL,169.20000000000002,-1055.0000000000007,105.17286776,-1160.1728677600006
2025-01-27,2025-01-30,bear_call,2025-01-27 10:18:00,22950,25,22950,23350,121.54999999999998,6961.250000000001,0.021518987341772152,0.013559322033898305,22930.8,2025-01-28 11:42:00,SL,167.55,-1150.0000000000007,104.66899726499999,-1254.6689972650006
2025-01-28,2025-01-30,bear_call,2025-01-28 11:10:00,22950,25,22950,23350,142.09999999999997,6447.500000000001,0.10126582278481013,0.1152542372881356,22947.3,2025-01-28 14:27:00,SL,202.40000000000003,-1507.5000000000018,106.150180285,-1613.6501802850019
2025-01-28,2025-01-30,bear_call,2025-01-28 11:47:00,23000,25,23000,23400,128.08999999999997,6797.750000000001,0.04050632911392405,0.020338983050847456,22993.95,2025-01-28 14:27:00,SL,182.4,-1357.7500000000007,104.44484287650002,-1462.1948428765006
2025-01-29,2025-01-30,bear_call,2025-01-29 10:16:00,23050,25,23050,23450,141.85,6453.749999999999,0.06835443037974684,0.12203389830508475,23067.55,2025-01-29 12:18:00,SL,181.0,-978.7500000000001,104.83919732749999,-1083.5891973275002
2025-01-29,2025-01-30,bear_call,2025-01-29 10:19:00,23050,25,23050,23450,137.04999999999998,6573.750000000001,0.10759493670886076,0.15593220338983052,23058.1,2025-01-29 12:18:00,SL,181.0,-1098.7500000000005,104.60438586749999,-1203.3543858675005
2025-01-29,2025-01-30,bear_call,2025-01-29 12:23:00,23150,25,23150,23550,128.7,6782.5,0.1620253164556962,0.19661016949152543,23137.3,2025-01-30 10:10:00,SL,169.8,-1027.5000000000005,102.57653855500001,-1130.0765385550005
2025-01-29,2025-01-30,bull_put,2025-01-29 12:18:00,23150,25,23150,22750,120.69999999999999,6982.5,0.9405063291139241,0.9457627118644067,23151.8,2025-01-30 15:01:00,TIME,1.6500000000000001,2976.2499999999995,100.49928467250001,2875.7507153274996
2025-01-30,2025-01-30,bear_call,2025-01-30 10:16:00,23300,25,23300,23700,80.21,7994.750000000001,0.15443037974683543,0.09152542372881356,23278.75,2025-01-30 15:01:00,TIME,0.9500000000000001,1981.4999999999998,97.36045513399999,1884.1395448659998
2025-01-31,2025-02-06,bull_put,2025-01-31 10:16:00,23350,75,23350,22950,133.2,20010.0,0.8215189873417722,0.847457627118644,23348.65,2025-02-01 15:01:00,TIME,58.849999999999994,5576.25,133.09487581250002,5443.1551241875
2025-01-31,2025-02-06,bull_put,2025-01-31 10:20:00,23350,75,23350,22950,128.99999999999997,20325.0,0.9050632911392406,0.8542372881355932,23362.05,2025-02-01 15:01:00,TIME,58.849999999999994,5261.249999999998,132.09854870750002,5129.151451292498
2025-02-03,2025-02-06,bear_call,2025-02-03 10:17:00,23250,75,23250,23650,133.48999999999998,19988.25,0.09367088607594937,0.1864406779661017,23249.75,2025-02-03 13:09:00,SL,175.15,-3124.500000000002,121.12200135200001,-3245.622001352002
2025-02-03,2025-02-06,bull_put,2025-02-03 10:23:00,23250,75,23250,22850,79.5,24037.5,0.8924050632911392,0.8406779661016949,23266.6,2025-02-04 15:01:00,TIME,8.7,5310.0,106.67968496,5203.32031504
2025-02-03,2025-02-06,bull_put,2025-02-03 13:10:00,23350,75,23350,22950,75.25,24356.25,0.889873417721519,0.9152542372881356,23351.55,2025-02-04 15:01:00,TIME,12.84,4680.75,106.52020316450002,4574.2297968355
2025-02-05,2025-02-06,bull_put,2025-02-05 10:26:00,23750,75,23750,23350,74.75000000000001,24393.75,0.9025316455696203,0.9050847457627119,23757.05,2025-02-06 09:15:00,SL,86.44999999999999,-877.4999999999981,106.57889354,-984.078893539998
2025-02-05,2025-02-06,bear_call,2025-02-05 10:58:00,23750,75,23750,24150,53.510000000000005,25986.75,0.04177215189873418,0.006779661016949152,23755.75,2025-02-06 15:01:00,TIME,0.3,3990.7500000000005,100.7059502345,3890.0440497655004
2025-02-06,2025-02-06,bull_put,2025-02-06 10:21:00,23650,75,23650,23250,56.900000000000006,25732.5,0.8620253164556962,0.9186440677966101,23644.1,2025-02-06 15:01:00,TIME,71.05,-1061.2499999999993,102.9935650325,-1164.2435650324994
2025-02-07,2025-02-13,bear_call,2025-02-07 10:26:00,23500,75,23500,23900,154.54999999999998,18408.75,0.01139240506329114,0.09830508474576272,23521.1,2025-02-07 11:01:00,SL,191.9,-2801.250000000002,133.3401784025,-2934.590178402502
2025-02-07,2025-02-13,bear_call,2025-02-07 10:19:00,23550,75,23550,23950,142.04999999999998,19346.250000000004,0.0012658227848101266,0.013559322033898305,23536.5,2025-02-07 11:19:00,SL,184.35,-3172.500000000001,129.28745112500002,-3301.787451125001
2025-02-07,2025-02-13,bull_put,2025-02-07 11:23:00,23650,75,23650,23250,100.79999999999998,22440.000000000004,0.9772151898734177,0.8983050847457628,23653.55,2025-02-07 13:13:00,SL,149.15,-3626.250000000002,121.24744521650001,-3747.497445216502
2025-02-07,2025-02-13,bull_put,2025-02-07 11:19:00,23650,75,23650,23250,108.1,21892.5,0.9405063291139241,0.8169491525423729,23639.15,2025-02-07 13:52:00,SL,160.75,-3948.7500000000005,123.34422313249999,-4072.0942231325002
2025-02-07,2025-02-13,bull_put,2025-02-07 13:59:00,23500,75,23500,23100,105.39999999999998,22095.0,0.9329113924050633,0.9525423728813559,23514.4,2025-02-10 10:10:00,SL,154.9,-3712.5000000000023,121.22443702999998,-3833.7244370300023
2025-02-07,2025-02-13,bear_call,2025-02-07 13:15:00,23550,75,23550,23950,136.8,19740.0,0.16075949367088607,0.020338983050847456,23547.7,2025-02-10 15:01:00,TIME,71.55,4893.750000000001,118.07490227749999,4775.675097722501
2025-02-11,2025-02-13,bull_put,2025-02-11 10:25:00,23300,75,23300,22900,107.5,21937.5,0.859493670886076,0.9525423728813559,23280.4,2025-02-11 12:58:00,SL,156.15000000000003,-3648.7500000000027,116.66461973750002,-3765.4146197375026
2025-02-10,2025-02-13,bear_call,2025-02-10 10:16:00,23350,75,23350,23750,134.64999999999998,19901.25,0.10886075949367088,0.14915254237288136,23360.4,2025-02-11 15:01:00,TIME,30.089999999999996,7841.999999999998,115.75343668699999,7726.246563312998
2025-02-12,2025-02-13,bear_call,2025-02-12 10:16:00,22800,75,22800,23200,113.1,21517.5,0.03291139240506329,0.09152542372881356,22811.95,2025-02-12 10:39:00,SL,161.55,-3633.7500000000014,116.9786409575,-3750.7286409575013
2025-02-12,2025-02-13,bear_call,2025-02-12 10:44:00,22900,75,22900,23300,87.5,23437.5,0.0620253164556962,0.19322033898305085,22876.9,2025-02-12 11:44:00,SL,140.8,-3997.500000000001,112.546118405,-4110.046118405001
2025-02-12,2025-02-13,bear_call,2025-02-12 11:51:00,23000,75,23000,23400,105.3,22102.5,0.010126582278481013,0.18983050847457628,22994.45,2025-02-12 11:59:00,SL,150.70000000000002,-3405.0000000000014,115.94974364,-3520.9497436400015
2025-02-12,2025-02-13,bear_call,2025-02-12 12:18:00,23000,75,23000,23400,124.24999999999999,20681.25,0.07974683544303797,0.14576271186440679,23019.6,2025-02-12 13:14:00,SL,167.05,-3210.000000000002,118.93052171,-3328.930521710002
2025-02-12,2025-02-13,bull_put,2025-02-12 13:14:00,23100,75,23100,22700,77.30000000000001,24202.5,0.9455696202531646,0.8542372881355932,23117.1,2025-02-12 14:01:00,SL,124.34,-3527.9999999999995,110.510875382,-3638.5108753819995
2025-02-11,2025-02-13,bear_call,2025-02-11 13:11:00,23100,75,23100,23500,110.7,21697.5,0.035443037974683546,0.023728813559322035,23095.25,2025-02-12 15:01:00,TIME,49.01,4626.75,111.3461806445,4515.4038193555
2025-02-12,2025-02-13,bear_call,2025-02-12 14:03:00,23000,75,23000,23400,96.7,22747.5,0.08227848101265822,0.17288135593220338,22999.55,2025-02-13 09:35:00,SL,143.0,-3472.5,111.82473270499999,-3584.324732705
2025-02-13,2025-02-13,bear_call,2025-02-13 10:29:00,23150,75,23150,23550,58.050000000000004,25646.25,0.07088607594936709,0.05423728813559322,23137.15,2025-02-13 11:52:00,SL,112.85,-4109.999999999999,104.62072676000001,-4214.620726759999
2025-02-13,2025-02-13,bear_call,2025-02-13 10:22:00,23150,75,23150,23550,68.2,24885.0,0.08987341772151898,0.08135593220338982,23156.55,2025-02-13 15:01:00,TIME,0.3,5092.5,101.83357406000002,4990.66642594
2025-02-13,2025-02-13,bear_call,2025-02-13 12:13:00,23200,75,23200,23600,38.60000000000001,27105.0,0.19240506329113924,0.09830508474576272,23202.85,2025-02-13 15:01:00,TIME,0.25,2876.2500000000005,98.5870690025,2777.6629309975006
2025-02-14,2025-02-20,bull_put,2025-02-14 10:18:00,23050,75,23050,22650,100.41,22469.250000000004,0.8556962025316456,0.8610169491525423,23074.15,2025-02-14 10:39:00,SL,147.20000000000002,-3509.2500000000014,123.81114341450001,-3633.061143414501
2025-02-14,2025-02-20,bear_call,2025-02-14 10:29:00,23050,75,23050,23450,145.75,19068.75,0.11772151898734177,0.18983050847457628,23047.7,2025-02-17 15:01:00,TIME,105.3,3033.75,121.7042805275,2912.0457194725
2025-02-14,2025-02-20,bear_call,2025-02-14 10:47:00,22900,75,22900,23300,151.39999999999998,18645.0,0.05063291139240506,0.16610169491525423,22914.9,2025-02-17 15:01:00,TIME,163.00000000000003,-870.0000000000039,129.26780831,-999.2678083100038
2025-02-18,2025-02-20,bear_call,2025-02-18 10:29:00,22850,75,22850,23250,111.1,21667.5,0.16582278481012658,0.17288135593220338,22826.05,2025-02-18 13:44:00,SL,153.75,-3198.7500000000005,118.66757501749998,-3317.4175750175004
2025-02-18,2025-02-20,bear_call,2025-02-18 10:19:00,22900,75,22900,23300,116.5,21262.5,0.18227848101265823,0.18305084745762712,22897.3,2025-02-19 10:16:00,SL,178.45000000000002,-4646.250000000001,119.15766487249999,-4765.407664872501
2025-02-19,2025-02-20,bull_put,2025-02-19 10:31:00,23050,75,23050,22650,85.0,23625.0,0.8405063291139241,0.847457627118644,23049.1,2025-02-19 10:56:00,SL,143.10000000000002,-4357.500000000002,112.761922685,-4470.261922685002
2025-02-18,2025-02-20,bull_put,2025-02-18 13:44:00,22900,75,22900,22500,89.15,23313.75,0.9151898734177215,0.9220338983050848,22919.6,2025-02-19 15:01:00,TIME,61.7,2058.75,108.5781239525,1950.1718760475
2025-02-19,2025-02-20,bear_call,2025-02-19 11:12:00,22950,75,22950,23350,93.65,22976.25,0.08607594936708861,0.1423728813559322,22941.45,2025-02-20 15:01:00,TIME,0.5,6986.25,105.33498541249999,6880.9150145875
2025-02-20,2025-02-20,bull_put,2025-02-20 10:21:00,22900,75,22900,22500,44.900000000000006,26632.5,0.8708860759493671,0.8101694915254237,22890.7,2025-02-20 15:01:00,TIME,1.9,3225.0000000000005,99.45684900500001,3125.5431509950004
2025-02-21,2025-02-27,bull_put,2025-02-21 10:21:00,22800,75,22800,22400,116.69999999999999,21247.5,0.9911392405063291,1.0,22782.05,2025-02-24 09:17:00,SL,164.85000000000002,-3611.2500000000027,124.49089283749998,-3735.7408928375025
2025-02-21,2025-02-27,bull_put,2025-02-21 10:33:00,22800,75,22800,22400,114.5,21412.5,0.8924050632911392,0.976271186440678,22787.4,2025-02-24 09:17:00,SL,164.85000000000002,-3776.250000000002,123.86709044749999,-3900.1170904475016
2025-02-24,2025-02-27,bear_call,2025-02-24 10:16:00,22550,75,22550,22950,137.04999999999998,19721.250000000004,0.06455696202531645,0.14576271186440679,22568.4,2025-02-25 15:01:00,TIME,84.25,3959.9999999999986,115.43646671,3844.5635332899988
2025-02-24,2025-02-27,bear_call,2025-02-24 10:24:00,22550,75,22550,22950,128.29999999999998,20377.500000000004,0.04810126582278481,0.04067796610169491,22550.2,2025-02-25 15:01:00,TIME,84.25,3303.7499999999986,114.2781191075,3189.4718808924986
2025-02-27,2025-02-27,bull_put,2025-02-27 10:18:00,22550,75,22550,22150,20.599999999999998,28455.0,0.8772151898734177,0.8067796610169492,22548.4,2025-02-27 15:01:00,TIME,3.2499999999999996,1301.2499999999998,96.9238698575,1204.3261301424998
2025-02-27,2025-02-27,bear_call,2025-02-27 10:23:00,22550,75,22550,22950,14.8,28890.0,0.060759493670886074,0.03389830508474576,22531.45,2025-02-27 15:01:00,TIME,3.9,817.5,96.36507612500002,721.134923875
2025-02-28,2025-03-06,bull_put,2025-02-28 10:22:00,22300,75,22300,21900,93.15,23013.75,0.9873417721518988,0.9694915254237289,22287.05,2025-02-28 12:39:00,SL,138.85,-3427.499999999999,117.09610097000001,-3544.596100969999
2025-02-28,2025-03-06,bear_call,2025-02-28 10:29:00,22300,75,22300,22700,132.75,20043.75,0.189873417721519,0.19661016949152543,22276.45,2025-03-03 15:01:00,TIME,46.05,6502.5,113.664860555,6388.835139445
2025-02-28,2025-03-06,bear_call,2025-02-28 12:53:00,22150,75,22150,22550,143.25,19256.25,0.08354430379746836,0.12542372881355932,22158.6,2025-03-03 15:01:00,TIME,101.1,3161.2500000000005,118.3431090725,3042.9068909275006
2025-03-04,2025-03-06,bear_call,2025-03-04 10:42:00,22050,75,22050,22450,99.41000000000001,22544.249999999996,0.15949367088607594,0.15932203389830507,22056.0,2025-03-05 09:25:00,SL,155.50000000000003,-4206.750000000001,112.8413107895,-4319.591310789501
2025-03-05,2025-03-06,bear_call,2025-03-05 10:19:00,22200,75,22200,22600,91.35000000000001,23148.75,0.14430379746835442,0.12203389830508475,22223.35,2025-03-05 11:36:00,SL,146.8,-4158.75,110.38691791250001,-4269.1369179125
2025-03-04,2025-03-06,bull_put,2025-03-04 10:34:00,22050,75,22050,21650,71.21000000000001,24659.249999999996,0.8607594936708861,0.8440677966101695,22072.55,2025-03-05 15:01:00,TIME,9.700000000000001,4613.25,103.6709776445,4509.5790223555
2025-03-05,2025-03-06,bull_put,2025-03-05 11:36:00,22300,75,22300,21900,65.95,25053.75,0.910126582278481,0.9864406779661017,22316.7,2025-03-06 15:01:00,TIME,0.25,4927.5,102.276411935,4825.223588065
2025-03-06,2025-03-06,bull_put,2025-03-06 10:17:00,22350,75,22350,21950,51.1,26167.5,0.9860759493670886,0.9525423728813559,22357.55,2025-03-06 15:01:00,TIME,0.2,3817.5,100.05095772499999,3717.449042275
2025-03-07,2025-03-13,bull_put,2025-03-07 10:18:00,22600,75,22600,22200,99.29999999999998,22552.500000000004,0.9772151898734177,0.9796610169491525,22619.5,2025-03-10 14:24:00,SL,153.45,-4061.2500000000005,118.84881194749998,-4180.0988119475005
2025-03-07,2025-03-13,bear_call,2025-03-07 10:23:00,22600,75,22600,23000,134.58999999999997,19905.750000000004,0.10253164556962026,0.13220338983050847,22602.85,2025-03-10 15:01:00,TIME,55.95,5897.999999999998,114.671166587,5783.328833412998
2025-03-11,2025-03-13,bull_put,2025-03-11 10:24:00,22450,75,22450,22050,102.2,22335.0,0.920253164556962,0.8576271186440678,22432.25,2025-03-12 15:01:00,TIME,48.75,4008.75,109.6284465275,3899.1215534725
2025-03-11,2025-03-13,bull_put,2025-03-11 10:27:00,22450,75,22450,22050,100.6,22455.0,0.9632911392405064,0.9186440677966101,22436.05,2025-03-12 15:01:00,TIME,48.75,3888.7499999999995,109.4029304075,3779.3470695924993
2025-03-13,2025-03-13,bull_put,2025-03-13 10:16:00,22550,75,22550,22150,28.1,27892.5,0.850632911392405,0.847457627118644,22551.65,2025-03-13 11:02:00,SL,87.0,-4417.5,100.6233185,-4518.1233185
2025-03-13,2025-03-13,bear_call,2025-03-13 10:24:00,22550,75,22550,22950,26.05,28046.25,0.16835443037974684,0.17288135593220338,22536.5,2025-03-13 15:01:00,TIME,0.25,1935.0,97.26958188500001,1837.730418115
2025-03-13,2025-03-13,bear_call,2025-03-13 11:02:00,22500,75,22500,22900,22.7,28297.5,0.15822784810126583,0.16271186440677965,22483.35,2025-03-13 15:01:00,TIME,0.2,1687.5,96.91948472,1590.58051528
2025-03-17,2025-03-20,bear_call,2025-03-17 10:28:00,22500,75,22500,22900,107.96000000000001,21902.999999999996,0.16835443037974684,0.1016949152542373,22478.95,2025-03-18 09:16:00,SL,172.21,-4818.75,115.3010238665,-4934.0510238665
2025-03-17,2025-03-20,bear_call,2025-03-17 10:37:00,22450,75,22450,22850,124.48999999999998,20663.25,0.10632911392405063,0.17627118644067796,22463.15,2025-03-18 09:16:00,SL,200.20000000000002,-5678.250000000003,119.5941151445,-5797.844115144503
2025-03-18,2025-03-20,bear_call,2025-03-18 10:50:00,22750,75,22750,23150,109.45,21791.25,0.10632911392405063,0.05423728813559322,22759.15,2025-03-18 15:14:00,SL,154.65,-3390.0,112.86167042,-3502.86167042
2025-03-18,2025-03-20,bull_put,2025-03-18 10:30:00,22750,75,22750,22350,83.85000000000001,23711.25,0.9569620253164557,0.9966101694915255,22763.25,2025-03-19 15:01:00,TIME,24.15,4477.500000000001,107.05673102,4370.4432689800005
2025-03-19,2025-03-20,bull_put,2025-03-19 10:16:00,22900,75,22900,22500,70.5,24712.5,0.9759493670886076,0.9966101694915255,22879.1,2025-03-20 15:01:00,TIME,0.3,5265.0,103.08844940000002,5161.9115506
2025-03-20,2025-03-20,bull_put,2025-03-20 10:17:00,23000,75,23000,22600,38.25,27131.25,0.9607594936708861,0.9491525423728814,23003.7,2025-03-20 15:01:00,TIME,0.35000000000000003,2842.5,98.80424566999999,2743.69575433
2025-03-21,2025-03-27,bear_call,2025-03-21 10:36:00,23300,75,23300,23700,120.69999999999999,20947.5,0.1468354430379747,0.18305084745762712,23294.75,2025-03-21 12:22:00,SL,171.55,-3813.750000000002,120.1121762675,-3933.862176267502
2025-03-21,2025-03-27,bear_call,2025-03-21 12:49:00,23400,75,23400,23800,123.39999999999999,20745.0,0.189873417721519,0.17288135593220338,23376.85,2025-03-24 09:20:00,SL,167.15000000000003,-3281.250000000003,120.10552157749999,-3401.355521577503
2025-03-21,2025-03-27,bull_put,2025-03-21 10:27:00,23300,75,23300,22900,109.1,21817.5,0.8759493670886076,0.9423728813559322,23276.05,2025-03-24 15:01:00,TIME,20.35,6656.25,111.08677165249999,6545.1632283475
2025-03-25,2025-03-27,bull_put,2025-03-25 10:20:00,23800,75,23800,23400,98.45,22616.25,0.9443037974683545,0.8745762711864407,23798.2,2025-03-25 10:57:00,SL,144.8,-3476.2500000000005,118.07286818750002,-3594.3228681875003
2025-03-24,2025-03-27,bull_put,2025-03-24 10:20:00,23550,75,23550,23150,94.85,22886.25,0.8544303797468354,0.8949152542372881,23559.05,2025-03-25 15:01:00,TIME,33.309999999999995,4615.5,109.97082366199999,4505.529176338
2025-03-26,2025-03-27,bull_put,2025-03-26 10:21:00,23700,75,23700,23300,76.10000000000001,24292.5,0.8848101265822785,0.8779661016949153,23682.1,2025-03-26 12:03:00,SL,130.25,-4061.2499999999995,109.93225705249999,-4171.182257052499
2025-03-25,2025-03-27,bull_put,2025-03-25 11:03:00,23700,75,23700,23300,89.65,23276.25,0.9822784810126582,0.911864406779661,23698.7,2025-03-26 13:11:00,SL,137.90000000000003,-3618.7500000000023,113.52804947749999,-3732.2780494775025
2025-03-26,2025-03-27,bull_put,2025-03-26 12:08:00,23600,75,23600,23200,66.4,25020.0,0.8772151898734177,0.8542372881355932,23596.05,2025-03-26 14:56:00,SL,119.70000000000002,-3997.500000000001,107.95886811500002,-4105.458868115001
2025-03-26,2025-03-27,bear_call,2025-03-26 13:19:00,23550,75,23550,23950,94.55000000000001,22908.75,0.07721518987341772,0.05084745762711865,23537.95,2025-03-27 15:01:00,TIME,43.4,3836.250000000001,106.9792701875,3729.270729812501
2025-03-27,2025-03-27,bull_put,2025-03-27 10:24:00,23600,75,23600,23200,22.65,28301.25,0.839240506329114,0.8440677966101695,23614.95,2025-03-27 15:01:00,TIME,9.100000000000001,1016.2499999999998,97.85228512249999,918.3977148774998
2025-03-28,2025-04-03,bull_put,2025-03-28 10:20:00,23550,75,23550,23150,99.5,22537.5,0.8417721518987342,0.8338983050847457,23535.6,2025-04-01 10:25:00,SL,162.25,-4706.25,119.3934820625,-4825.6434820625
2025-03-28,2025-04-03,bull_put,2025-03-28 10:23:00,23550,75,23550,23150,98.99999999999999,22575.0,0.8759493670886076,0.8305084745762712,23541.5,2025-04-01 10:25:00,SL,162.25,-4743.750000000001,119.4380381075,-4863.188038107501
2025-04-01,2025-04-03,bull_put,2025-04-01 10:40:00,23300,75,23300,22900,69.5,24787.5,0.9455696202531646,0.8372881355932204,23315.55,2025-04-01 11:37:00,SL,124.65,-4136.25,111.5899577675,-4247.8399577675
2025-04-01,2025-04-03,bear_call,2025-04-01 10:51:00,23300,75,23300,23700,116.88999999999999,21233.25,0.07088607594936709,0.1152542372881356,23304.55,2025-04-02 15:01:00,TIME,61.19,4177.499999999999,111.30885637400002,4066.191143625999
2025-04-01,2025-04-03,bear_call,2025-04-01 11:37:00,23200,75,23200,23600,110.8,21690.0,0.11392405063291139,0.10508474576271186,23201.0,2025-04-02 15:01:00,TIME,121.90000000000002,-832.5000000000017,113.356106885,-945.8561068850017
2025-04-03,2025-04-03,bull_put,2025-04-03 10:23:00,23300,75,23300,22900,37.650000000000006,27176.25,0.9405063291139241,0.9084745762711864,23283.0,2025-04-03 15:01:00,TIME,52.349999999999994,-1102.499999999999,100.57187531000002,-1203.071875309999
2025-04-03,2025-04-03,bull_put,2025-04-03 10:25:00,23300,75,23300,22900,29.0,27825.0,0.9784810126582278,0.976271186440678,23302.7,2025-04-03 15:01:00,TIME,52.349999999999994,-1751.2499999999995,99.6611678825,-1850.9111678824995
2025-04-04,2025-04-09,bull_put,2025-04-04 10:19:00,22950,75,22950,22550,103.85,22211.25,0.9455696202531646,0.9525423728813559,22974.0,2025-04-07 09:16:00,SL,299.15,-14647.499999999998,176.09899319000002,-14823.598993189999
2025-04-07,2025-04-09,bull_put,2025-04-07 10:30:00,22000,75,22000,21600,112.24999999999997,21581.25,0.9860759493670886,0.8101694915254237,22005.15,2025-04-07 12:17:00,SL,156.45000000000005,-3315.0000000000055,164.11072115000002,-3479.1107211500057
2025-04-04,2025-04-09,bear_call,2025-04-04 10:24:00,22950,75,22950,23350,113.6,21480.0,0.03164556962025317,0.07796610169491526,22940.3,2025-04-07 15:01:00,TIME,12.55,7578.75,111.27623846750001,7467.4737615325
2025-04-08,2025-04-09,bear_call,2025-04-08 10:17:00,22400,75,22400,22800,134.25,19931.25,0.08227848101265822,0.09491525423728814,22386.9,2025-04-08 11:09:00,SL,185.15,-3817.5000000000005,124.72200807499998,-3942.2220080750003
2025-04-08,2025-04-09,bull_put,2025-04-08 11:09:00,22450,75,22450,22050,86.2,23535.0,0.9531645569620253,0.8305084745762712,22459.1,2025-04-08 11:31:00,SL,135.7,-3712.499999999999,133.292112185,-3845.792112184999
2025-04-08,2025-04-09,bear_call,2025-04-08 11:31:00,22350,75,22350,22750,153.34999999999997,18498.750000000004,0.06962025316455696,0.18983050847457628,22341.3,2025-04-08 11:48:00,SL,197.0,-3273.7500000000027,130.9498493525,-3404.6998493525025
2025-04-07,2025-04-09,bull_put,2025-04-07 12:42:00,21900,75,21900,21500,131.45,20141.25,0.9810126582278481,0.8711864406779661,21892.5,2025-04-08 15:01:00,TIME,16.499999999999996,8621.25,138.7894613375,8482.4605386625
2025-04-08,2025-04-09,bull_put,2025-04-08 11:48:00,22450,75,22450,22050,100.64999999999999,22451.25,0.9683544303797469,0.8576271186440678,22432.6,2025-04-09 15:01:00,TIME,52.55,3607.4999999999995,118.953430355,3488.5465696449996
2025-04-09,2025-04-09,bull_put,2025-04-09 10:18:00,22400,75,22400,22000,35.400000000000006,27345.0,0.8582278481012658,0.888135593220339,22405.6,2025-04-09 15:01:00,TIME,3.9,2362.5000000000005,98.79453382999999,2263.7054661700004
2025-04-11,2025-04-17,bear_call,2025-04-11 10:21:00,22800,75,22800,23200,167.8,17415.0,0.16455696202531644,0.0847457627118644,22820.15,2025-04-15 09:16:00,SL,316.8,-11175.0,165.729423545,-11340.729423545
2025-04-11,2025-04-17,bull_put,2025-04-11 10:16:00,22850,75,22850,22450,124.99999999999999,20625.0,0.8949367088607595,0.9457627118644067,22841.1,2025-04-15 15:01:00,TIME,7.400000000000001,8819.999999999998,122.78516429000001,8697.214835709998
2025-04-16,2025-04-17,bear_call,2025-04-16 10:16:00,23350,75,23350,23750,47.75,26418.75,0.16835443037974684,0.13898305084745763,23343.3,2025-04-16 14:12:00,SL,104.10000000000001,-4226.250000000001,105.2161812275,-4331.466181227501
2025-04-15,2025-04-17,bear_call,2025-04-15 10:20:00,23300,75,23300,23700,100.51,22461.75,0.189873417721519,0.1694915254237288,23301.2,2025-04-16 15:01:00,TIME,114.90000000000002,-1079.2500000000011,113.04053384449999,-1192.2905338445012
2025-04-16,2025-04-17,bull_put,2025-04-16 14:12:00,23400,75,23400,23000,79.5,24037.5,0.9632911392405064,0.8949152542372881,23419.3,2025-04-17 09:29:00,SL,130.3,-3810.000000000001,108.942158255,-3918.942158255001
2025-04-17,2025-04-17,bull_put,2025-04-17 10:18:00,23350,75,23350,22950,46.650000000000006,26501.25,0.9544303797468354,0.8949152542372881,23367.0,2025-04-17 15:01:00,TIME,0.2,3483.75,99.5718854975,3384.1781145025
2025-04-17,2025-04-17,bull_put,2025-04-17 10:25:00,23400,75,23400,23000,74.80000000000001,24390.0,0.959493670886076,0.8406779661016949,23382.3,2025-04-17 15:01:00,TIME,0.30000000000000004,5587.500000000001,102.666226985,5484.833773015001
2025-04-21,2025-04-24,bear_call,2025-04-21 10:22:00,24000,75,24000,24400,125.14999999999999,20613.75,0.1759493670886076,0.1288135593220339,24020.05,2025-04-21 11:15:00,SL,167.70000000000002,-3191.250000000002,124.7573363825,-3316.0073363825018
2025-04-21,2025-04-24,bear_call,2025-04-21 10:25:00,24000,75,24000,24400,123.85,20711.25,0.15949367088607594,0.1423728813559322,24010.7,2025-04-21 11:15:00,SL,167.70000000000002,-3288.750000000002,124.52878975249999,-3413.278789752502
2025-04-21,2025-04-24,bear_call,2025-04-21 11:32:00,24100,75,24100,24500,116.73999999999998,21244.5,0.12151898734177215,0.07457627118644068,24112.9,2025-04-22 11:02:00,SL,160.8,-3304.5000000000023,119.933203562,-3424.4332035620023
2025-04-21,2025-04-24,bull_put,2025-04-21 11:19:00,24100,75,24100,23700,88.30000000000001,23377.5,0.8620253164556962,0.8915254237288136,24119.5,2025-04-22 15:01:00,TIME,47.9,3030.000000000001,111.24869002999999,2918.751309970001
2025-04-22,2025-04-24,bull_put,2025-04-22 11:02:00,24250,75,24250,23850,88.1,23392.5,0.9075949367088607,0.9525423728813559,24241.1,2025-04-23 10:55:00,SL,134.35000000000002,-3468.7500000000023,113.22433820749998,-3581.974338207502
2025-04-23,2025-04-24,bear_call,2025-04-23 10:55:00,24150,75,24150,24550,66.45,25016.25,0.08354430379746836,0.12542372881355932,24129.55,2025-04-23 11:44:00,SL,116.00000000000001,-3716.250000000001,108.60767998249999,-3824.857679982501
2025-04-23,2025-04-24,bull_put,2025-04-23 10:20:00,24200,75,24200,23800,65.75,25068.75,0.9582278481012658,0.9050847457627119,24218.3,2025-04-24 15:01:00,TIME,0.75,4875.0,102.920213915,4772.079786085
2025-04-23,2025-04-24,bull_put,2025-04-23 11:44:00,24250,75,24250,23850,71.8,24615.0,0.9683544303797469,0.9559322033898305,24227.45,2025-04-24 15:01:00,TIME,9.15,4698.75,103.7026850375,4595.0473149625
2025-04-25,2025-04-30,bear_call,2025-04-25 10:17:00,24000,75,24000,24400,157.5,18187.5,0.10506329113924051,0.1288135593220339,24016.9,2025-04-25 13:59:00,SL,197.3,-2985.000000000001,139.542842915,-3124.542842915001
2025-04-25,2025-04-30,bear_call,2025-04-25 10:19:00,24000,75,24000,24400,160.3,17977.5,0.13924050632911392,0.16610169491525423,24019.15,2025-04-25 13:59:00,SL,197.3,-2775.0,140.02812569,-2915.02812569
2025-04-25,2025-04-30,bear_call,2025-04-25 14:05:00,24100,75,24100,24500,148.64999999999998,18851.25,0.09113924050632911,0.003389830508474576,24123.8,2025-04-28 10:06:00,SL,193.05,-3330.0000000000027,129.852442085,-3459.8524420850026
2025-04-28,2025-04-30,bear_call,2025-04-28 10:24:00,24250,75,24250,24650,109.35000000000001,21798.75,0.14177215189873418,0.14576271186440679,24251.7,2025-04-28 12:19:00,SL,154.5,-3386.2499999999995,116.5549010675,-3502.8049010674995
2025-04-25,2025-04-30,bull_put,2025-04-25 14:15:00,24100,75,24100,23700,110.24999999999999,21731.25,0.850632911392405,0.9220338983050848,24077.1,2025-04-28 15:01:00,TIME,22.0,6618.749999999999,118.53506600749998,6500.214933992499
2025-04-28,2025-04-30,bear_call,2025-04-28 13:05:00,24350,75,24350,24750,102.45,22316.25,0.15063291139240506,0.10847457627118644,24330.9,2025-04-29 15:01:00,TIME,39.55,4717.5,108.88812125000001,4608.61187875
2025-04-29,2025-04-30,bear_call,2025-04-29 10:20:00,24300,75,24300,24700,80.2,23985.0,0.09873417721518987,0.06779661016949153,24319.0,2025-04-30 15:01:00,TIME,87.4,-540.0000000000002,106.93778318,-646.9377831800002
2025-04-30,2025-04-30,bear_call,2025-04-30 10:29:00,24350,75,24350,24750,16.54,28759.5,0.07088607594936709,0.14915254237288136,24338.3,2025-04-30 15:01:00,TIME,42.199999999999996,-1924.4999999999998,97.722024152,-2022.2220241519997
2025-05-02,2025-05-08,bear_call,2025-05-02 10:16:00,24550,75,24550,24950,172.39999999999998,17070.0,0.13037974683544304,0.10238907849829351,24568.2,2025-05-05 15:01:00,TIME,54.15,8868.749999999998,123.08418248749999,8745.665817512498
2025-05-02,2025-05-08,bear_call,2025-05-02 10:20:00,24550,75,24550,24950,168.2,17385.0,0.05063291139240506,0.06143344709897611,24556.3,2025-05-05 15:01:00,TIME,54.15,8553.749999999998,122.39460160250002,8431.355398397498
2025-05-06,2025-05-08,bear_call,2025-05-06 10:18:00,24400,75,24400,24800,61.190000000000005,25410.75,0.17974683544303796,0.17966101694915254,24384.15,2025-05-07 15:01:00,TIME,37.949999999999996,1743.0000000000007,103.662750137,1639.3372498630006
2025-05-06,2025-05-08,bull_put,2025-05-06 10:30:00,24400,75,24400,24000,60.7,25447.5,0.859493670886076,0.9220338983050848,24385.8,2025-05-07 15:01:00,TIME,64.75,-303.7499999999998,108.56866676749999,-412.31866676749974
2025-05-08,2025-05-08,bull_put,2025-05-08 10:22:00,24400,75,24400,24000,24.849999999999998,28136.25,0.8810126582278481,0.9525423728813559,24405.0,2025-05-08 14:53:00,SL,94.35,-5212.5,100.802435405,-5313.302435405
2025-05-08,2025-05-08,bear_call,2025-05-08 10:31:00,24400,75,24400,24800,11.65,29126.25,0.13037974683544304,0.10508474576271186,24399.0,2025-05-08 15:01:00,TIME,0.25,855.0,95.9301158,759.0698842
2025-05-09,2025-05-15,bear_call,2025-05-09 10:21:00,24050,75,24050,24450,169.64999999999998,17276.25,0.03291139240506329,0.17064846416382254,24031.5,2025-05-12 09:16:00,SL,312.85,-10740.000000000004,158.94797903,-10898.947979030003
2025-05-12,2025-05-15,bear_call,2025-05-12 10:38:00,24700,75,24700,25100,132.24999999999997,20081.25,0.14050632911392405,0.19661016949152543,24684.85,2025-05-12 12:32:00,SL,174.55,-3172.500000000003,129.00161942,-3301.5016194200034
2025-05-12,2025-05-15,bear_call,2025-05-12 13:05:00,24800,75,24800,25200,139.84999999999997,19511.250000000004,0.1379746835443038,0.10508474576271186,24781.25,2025-05-12 14:15:00,SL,178.75000000000003,-2917.5000000000045,133.76831675,-3051.2683167500045
2025-05-09,2025-05-15,bull_put,2025-05-09 10:26:00,24050,75,24050,23650,106.45999999999998,22015.5,0.9265822784810127,0.8054607508532423,24051.55,2025-05-12 15:01:00,TIME,10.250000000000002,7215.749999999998,128.74087971950001,7087.009120280498
2025-05-12,2025-05-15,bull_put,2025-05-12 14:15:00,24850,75,24850,24450,117.04999999999998,21221.250000000004,0.9227848101265823,1.0,24866.2,2025-05-13 09:31:00,SL,165.60000000000002,-3641.250000000003,134.8081132475,-3776.058113247503
2025-05-13,2025-05-15,bull_put,2025-05-13 10:17:00,24800,75,24800,24400,138.31,19626.75,0.9493670886075949,0.911864406779661,24783.85,2025-05-13 10:30:00,SL,193.25000000000003,-4120.500000000002,139.01582853199997,-4259.515828532002
2025-05-13,2025-05-15,bull_put,2025-05-13 10:40:00,24700,75,24700,24300,144.2,19185.0,0.9278481012658227,0.8813559322033898,24695.25,2025-05-13 15:13:00,SL,185.70000000000002,-3112.5000000000023,133.7434568,-3246.243456800002
2025-05-14,2025-05-15,bull_put,2025-05-14 10:16:00,24750,75,24750,24350,98.7,22597.5,0.8316455696202532,0.9491525423728814,24758.3,2025-05-14 11:50:00,SL,153.9,-4140.0,115.99761593000001,-4255.99761593
2025-05-14,2025-05-15,bull_put,2025-05-14 12:00:00,24650,75,24650,24250,91.5,23137.5,0.8658227848101265,0.8542372881355932,24662.15,2025-05-14 12:51:00,SL,143.8,-3922.500000000001,113.753706245,-4036.253706245001
2025-05-13,2025-05-15,bear_call,2025-05-13 10:20:00,24750,75,24750,25150,137.95,19653.75,0.14303797468354432,0.1694915254237288,24751.7,2025-05-14 15:01:00,TIME,39.55,7379.999999999999,118.62889781000001,7261.371102189999
2025-05-15,2025-05-15,bear_call,2025-05-15 10:21:00,24550,75,24550,24950,66.34,25024.499999999996,0.08607594936708861,0.1694915254237288,24540.15,2025-05-15 10:37:00,SL,123.60000000000001,-4294.5,108.033728372,-4402.533728372
2025-05-14,2025-05-15,bull_put,2025-05-14 13:01:00,24600,75,24600,24200,111.55,21633.75,0.9088607594936708,0.9457627118644067,24589.75,2025-05-15 15:01:00,TIME,0.30000000000000004,8343.75,108.31488407750001,8235.4351159225
2025-05-15,2025-05-15,bull_put,2025-05-15 10:38:00,24650,75,24650,24250,100.85000000000001,22436.25,0.979746835443038,0.9084745762711864,24647.35,2025-05-15 15:01:00,TIME,0.35000000000000003,7537.500000000001,105.81497256499999,7431.685027435001
2025-05-16,2025-05-22,bear_call,2025-05-16 10:24:00,25000,75,25000,25400,133.5,19987.5,0.07468354430379746,0.0576271186440678,24994.4,2025-05-19 15:01:00,TIME,96.10000000000001,2804.9999999999995,123.332727275,2681.6672727249997
2025-05-16,2025-05-22,bear_call,2025-05-16 10:38:00,25000,75,25000,25400,129.25,20306.25,0.17341772151898735,0.1423728813559322,24989.25,2025-05-19 15:01:00,TIME,96.10000000000001,2486.2499999999995,122.6866424225,2363.5633575774996
2025-05-20,2025-05-22,bull_put,2025-05-20 10:36:00,24900,75,24900,24500,96.3,22777.5,0.8443037974683544,0.9423728813559322,24902.3,2025-05-20 12:57:00,SL,143.8,-3562.500000000001,118.25761085,-3680.757610850001
2025-05-20,2025-05-22,bull_put,2025-05-20 10:23:00,24900,75,24900,24500,99.75,22518.75,0.8518987341772152,0.8271186440677966,24894.65,2025-05-20 12:59:00,SL,153.6,-4038.7499999999995,120.0588233075,-4158.8088233075
2025-05-20,2025-05-22,bull_put,2025-05-20 13:07:00,24800,75,24800,24400,96.64999999999999,22751.25,0.8974683544303798,0.8915254237288136,24805.2,2025-05-20 14:42:00,SL,144.20000000000002,-3566.250000000002,116.68371772250002,-3682.933717722502
2025-05-20,2025-05-22,bear_call,2025-05-20 12:59:00,24800,75,24800,25200,110.64999999999999,21701.25,0.024050632911392405,0.07457627118644068,24784.75,2025-05-21 10:17:00,SL,162.4,-3881.250000000001,122.2824343475,-4003.532434347501
2025-05-21,2025-05-22,bull_put,2025-05-21 10:16:00,24900,75,24900,24500,112.55,21558.75,0.8860759493670886,0.9152542372881356,24879.3,2025-05-21 12:11:00,SL,167.2,-4098.749999999999,120.0366948125,-4218.786694812499
2025-05-21,2025-05-22,bear_call,2025-05-21 10:29:00,24900,75,24900,25300,113.89999999999999,21457.5,0.06329113924050633,0.06440677966101695,24884.0,2025-05-22 15:01:00,TIME,0.25,8523.75,110.1799178525,8413.5700821475
2025-05-21,2025-05-22,bear_call,2025-05-21 12:11:00,24750,75,24750,25150,101.9,22357.5,0.035443037974683546,0.14576271186440679,24759.8,2025-05-22 15:01:00,TIME,0.95,7571.25,107.9681075975,7463.2818924025
2025-05-23,2025-05-29,bear_call,2025-05-23 10:20:00,24800,75,24800,25200,153.85,18461.25,0.09113924050632911,0.19661016949152543,24793.1,2025-05-23 10:50:00,SL,191.49,-2823.000000000001,139.526600447,-2962.526600447001
2025-05-23,2025-05-29,bear_call,2025-05-23 10:17:00,24800,75,24800,25200,160.81,17939.25,0.09240506329113925,0.14576271186440679,24796.5,2025-05-23 10:56:00,SL,195.70000000000002,-2616.750000000001,142.46054847949998,-2759.210548479501
2025-05-23,2025-05-29,bear_call,2025-05-23 11:18:00,24900,75,24900,25300,158.25,18131.25,0.09746835443037975,0.1694915254237288,24875.5,2025-05-26 09:21:00,SL,195.8,-2816.250000000001,141.7475099375,-2957.997509937501
2025-05-23,2025-05-29,bull_put,2025-05-23 10:57:00,24900,75,24900,24500,116.8,21240.0,0.8278481012658228,0.8169491525423729,24906.9,2025-05-26 15:01:00,TIME,93.79,1725.7499999999993,126.0782297195,1599.6717702804992
2025-05-27,2025-05-29,bear_call,2025-05-27 10:17:00,24750,75,24750,25150,147.7,18922.5,0.07721518987341772,0.1016949152542373,24755.65,2025-05-27 11:06:00,SL,203.85000000000002,-4211.250000000003,142.14454670749998,-4353.394546707503
2025-05-27,2025-05-29,bear_call,2025-05-27 11:11:00,24850,75,24850,25250,152.89999999999998,18532.5,0.010126582278481013,0.04406779661016949,24844.6,2025-05-27 11:26:00,SL,199.5,-3495.000000000002,142.44661317499998,-3637.446613175002
2025-05-26,2025-05-29,bear_call,2025-05-26 10:17:00,25050,75,25050,25450,156.35,18273.75,0.09873417721518987,0.030508474576271188,25035.8,2025-05-27 15:01:00,TIME,85.89999999999999,5283.75,125.68870510249998,5158.0612948975
2025-05-27,2025-05-29,bear_call,2025-05-27 11:36:00,25000,75,25000,25400,165.6,17580.0,0.030379746835443037,0.08135593220338982,25014.85,2025-05-28 15:01:00,TIME,40.0,9420.0,126.25517056999999,9293.74482943
2025-05-28,2025-05-29,bear_call,2025-05-28 10:16:00,24750,75,24750,25150,112.19999999999999,21585.0,0.09240506329113925,0.04067796610169491,24738.5,2025-05-29 09:16:00,SL,154.85000000000002,-3198.7500000000027,120.21524912750002,-3318.965249127503
2025-05-29,2025-05-29,bull_put,2025-05-29 10:51:00,24750,75,24750,24350,35.81,27314.25,0.9215189873417722,0.8983050847457628,24764.4,2025-05-29 12:40:00,SL,103.14999999999999,-5050.499999999999,102.194436947,-5152.694436946999
2025-05-29,2025-05-29,bear_call,2025-05-29 10:31:00,24750,75,24750,25150,56.61,25754.25,0.06835443037974684,0.0576271186440678,24762.45,2025-05-29 15:01:00,TIME,52.5,308.24999999999994,102.8936955845,205.35630441549995
2025-05-29,2025-05-29,bull_put,2025-05-29 12:46:00,24700,75,24700,24300,38.75000000000001,27093.75,0.8708860759493671,0.8406779661016949,24706.75,2025-05-29 15:01:00,TIME,0.45,2872.5000000000005,98.74908062,2773.7509193800006
2025-05-30,2025-06-05,bear_call,2025-05-30 10:16:00,24800,75,24800,25200,138.75,19593.75,0.0759493670886076,0.020338983050847456,24777.5,2025-06-02 15:01:00,TIME,142.20000000000002,-258.75000000000125,132.92104421750003,-391.6710442175013
2025-05-30,2025-06-05,bear_call,2025-05-30 10:19:00,24750,75,24750,25150,151.6,18630.0,0.02278481012658228,0.08813559322033898,24767.25,2025-06-02 15:01:00,TIME,154.5,-217.50000000000043,137.929162295,-355.4291622950004
2025-06-03,2025-06-05,bull_put,2025-06-03 10:17:00,24650,75,24650,24250,135.7,19822.5,0.8582278481012658,0.8406779661016949,24672.25,2025-06-03 12:52:00,SL,186.90000000000003,-3840.0000000000036,134.38057301,-3974.3805730100034
2025-06-03,2025-06-05,bear_call,2025-06-03 10:30:00,24700,75,24700,25100,160.45,17966.25,0.04430379746835443,0.11186440677966102,24719.95,2025-06-04 15:01:00,TIME,50.699999999999996,8231.25,124.92919003249999,8106.3208099675
2025-06-03,2025-06-05,bear_call,2025-06-03 13:06:00,24500,75,24500,24900,148.59999999999997,18855.000000000004,0.11772151898734177,0.1864406779661017,24521.1,2025-06-04 15:01:00,TIME,143.75,363.74999999999744,129.2770848875,234.47291511249745
2025-06-05,2025-06-05,bear_call,2025-06-05 10:19:00,24700,75,24700,25100,42.5,26812.5,0.14177215189873418,0.0847457627118644,24714.4,2025-06-05 12:04:00,SL,109.7,-5040.0,103.20760907,-5143.20760907
2025-06-05,2025-06-05,bull_put,2025-06-05 12:12:00,24850,75,24850,24450,66.05,25046.25,0.9481012658227848,0.8101694915254237,24846.9,2025-06-05 13:31:00,SL,134.75000000000003,-5152.500000000003,106.35993887000001,-5258.859938870003
2025-06-05,2025-06-05,bull_put,2025-06-05 10:26:00,24750,75,24750,24350,53.00000000000001,26025.0,0.8936708860759494,0.8271186440677966,24736.6,2025-06-05 15:01:00,TIME,24.0,2175.0000000000005,101.066936525,2073.9330634750004
2025-06-05,2025-06-05,bear_call,2025-06-05 13:31:00,24750,75,24750,25150,40.7,26947.5,0.017721518987341773,0.010169491525423728,24743.95,2025-06-05 15:01:00,TIME,2.9499999999999997,2831.25,98.95564828249998,2732.2943517175
2025-06-06,2025-06-12,bull_put,2025-06-06 10:23:00,24750,75,24750,24350,116.30000000000001,21277.5,0.9417721518987342,0.823728813559322,24762.2,2025-06-09 15:01:00,TIME,24.999999999999996,6847.500000000001,114.29927639000002,6733.200723610001
2025-06-06,2025-06-12,bull_put,2025-06-06 10:31:00,24850,75,24850,24450,123.35,20748.75,0.9848101265822785,0.8745762711864407,24846.7,2025-06-09 15:01:00,TIME,38.2,6386.249999999999,116.6236552175,6269.6263447824995
2025-06-10,2025-06-12,bull_put,2025-06-10 10:16:00,25150,75,25150,24750,86.7,23497.5,0.8924050632911392,0.9186440677966101,25158.4,2025-06-11 15:01:00,TIME,71.6,1132.5000000000007,109.24781925500001,1023.2521807450007
2025-06-10,2025-06-12,bear_call,2025-06-10 10:25:00,25150,75,25150,25550,91.4,23145.0,0.06582278481012659,0.04745762711864407,25145.25,2025-06-11 15:01:00,TIME,66.14999999999999,1893.7500000000011,108.2750107925,1785.474989207501
2025-06-12,2025-06-12,bear_call,2025-06-12 10:18:00,25100,75,25100,25500,39.150000000000006,27063.75,0.08227848101265822,0.1423728813559322,25086.9,2025-06-12 15:01:00,TIME,0.25,2917.5000000000005,98.84062066999999,2818.6593793300003
2025-06-12,2025-06-12,bear_call,2025-06-12 10:22:00,25050,75,25050,25450,55.60000000000001,25830.0,0.030379746835443037,0.12203389830508475,25074.75,2025-06-12 15:01:00,TIME,0.30000000000000004,4147.500000000001,100.62929802499998,4046.870701975001
2025-06-13,2025-06-19,bull_put,2025-06-13 10:24:00,24650,75,24650,24250,122.35,20823.75,0.9278481012658227,0.8542372881355932,24651.6,2025-06-16 15:01:00,TIME,31.699999999999996,6798.75,121.25062339249999,6677.4993766075
2025-06-13,2025-06-19,bull_put,2025-06-13 10:30:00,24650,75,24650,24250,115.59999999999998,21330.000000000004,0.8620253164556962,0.823728813559322,24672.25,2025-06-16 15:01:00,TIME,31.699999999999996,6292.499999999998,120.01862418499998,6172.4813758149985
2025-06-17,2025-06-19,bull_put,2025-06-17 10:34:00,24900,75,24900,24500,91.75,23118.75,0.9291139240506329,0.9796610169491525,24890.45,2025-06-18 11:33:00,SL,143.40000000000003,-3873.7500000000027,114.79867547749998,-3988.548675477503
2025-06-17,2025-06-19,bull_put,2025-06-17 10:17:00,24850,75,24850,24450,82.7,23797.5,0.8962025316455696,0.9627118644067797,24867.4,2025-06-18 15:01:00,TIME,90.3,-569.9999999999995,110.88304802,-680.8830480199996
2025-06-18,2025-06-19,bull_put,2025-06-18 11:39:00,24800,75,24800,24400,86.60000000000001,23505.0,0.9367088607594937,0.911864406779661,24791.65,2025-06-19 15:01:00,TIME,3.6999999999999997,6217.5,105.258430625,6112.241569375
2025-06-19,2025-06-19,bear_call,2025-06-19 10:33:00,24800,75,24800,25200,49.9,26257.5,0.04050632911392405,0.04067796610169491,24816.85,2025-06-19 15:01:00,TIME,6.199999999999999,3277.5,100.22826254,3177.27173746
2025-06-20,2025-06-26,bear_call,2025-06-20 10:39:00,25000,75,25000,25400,153.09999999999997,18517.500000000004,0.06582278481012659,0.1423728813559322,25008.25,2025-06-20 15:07:00,SL,190.45000000000002,-2801.2500000000036,129.5267651675,-2930.7767651675035
2025-06-20,2025-06-26,bull_put,2025-06-20 10:25:00,25000,75,25000,24600,108.69999999999999,21847.5,0.930379746835443,0.823728813559322,24978.95,2025-06-23 09:34:00,SL,153.75,-3378.750000000001,126.6602493125,-3505.410249312501
2025-06-23,2025-06-26,bull_put,2025-06-23 10:17:00,24850,75,24850,24450,103.94999999999999,22203.75,0.810126582278481,0.8372881355932204,24864.35,2025-06-24 15:01:00,TIME,32.699999999999996,5343.75,112.9878369725,5230.7621630275
2025-06-23,2025-06-26,bull_put,2025-06-23 10:19:00,24850,75,24850,24450,105.54999999999998,22083.750000000004,0.8455696202531645,0.8067796610169492,24861.8,2025-06-24 15:01:00,TIME,32.699999999999996,5463.75,113.2551821225,5350.4948178775
2025-06-25,2025-06-26,bull_put,2025-06-25 10:20:00,25200,75,25200,24800,70.5,24712.5,0.8911392405063291,0.8033898305084746,25191.0,2025-06-26 15:01:00,TIME,0.30000000000000004,5265.0,103.22090799499999,5161.779092005
2025-06-25,2025-06-26,bull_put,2025-06-25 10:24:00,25200,75,25200,24800,67.8,24915.0,0.8341772151898734,0.9322033898305084,25206.2,2025-06-26 15:01:00,TIME,0.30000000000000004,5062.5,102.85777830500001,4959.6422216949995
2025-06-27,2025-07-03,bear_call,2025-06-27 10:37:00,25550,75,25550,25950,130.7,20197.5,0.060759493670886074,0.02711864406779661,25549.0,2025-06-27 12:19:00,SL,172.8,-3157.500000000002,124.470444665,-3281.9704446650017
2025-06-27,2025-07-03,bull_put,2025-06-27 12:19:00,25650,75,25650,25250,101.55000000000001,22383.75,0.9063291139240506,0.9288135593220339,25629.95,2025-06-30 13:00:00,SL,152.4,-3813.7499999999995,120.84418429250002,-3934.5941842924994
2025-06-27,2025-07-03,bull_put,2025-06-27 10:16:00,25600,75,25600,25200,112.95,21528.75,0.8987341772151899,0.9016949152542373,25576.35,2025-06-30 14:07:00,SL,156.85,-3292.4999999999995,123.31741488499998,-3415.8174148849994
2025-06-30,2025-07-03,bear_call,2025-06-30 13:16:00,25500,75,25500,25900,114.65,21401.25,0.06455696202531645,0.020338983050847456,25492.5,2025-07-01 15:01:00,TIME,113.8,63.75000000000064,114.70754104250001,-50.95754104249937
2025-06-30,2025-07-03,bull_put,2025-06-30 14:10:00,25500,75,25500,25100,108.3,21877.5,0.8025316455696202,0.9084745762711864,25496.0,2025-07-01 15:01:00,TIME,57.89999999999999,3780.0000000000005,112.21198946,3667.7880105400004
2025-07-02,2025-07-03,bull_put,2025-07-02 10:23:00,25550,75,25550,25150,78.75,24093.75,0.8531645569620253,0.8067796610169492,25525.8,2025-07-02 13:24:00,SL,127.15,-3630.0000000000005,108.959743205,-3738.9597432050004
2025-07-02,2025-07-03,bear_call,2025-07-02 13:24:00,25450,75,25450,25850,63.05000000000001,25271.25,0.0810126582278481,0.12542372881355932,25432.15,2025-07-03 10:01:00,SL,114.85000000000001,-3885.0,105.84529256000002,-3990.84529256
2025-07-03,2025-07-03,bull_put,2025-07-03 10:26:00,25550,75,25550,25150,39.00000000000001,27075.0,0.9822784810126582,0.9491525423728814,25565.3,2025-07-03 14:26:00,SL,94.2,-4140.0,101.88728981000001,-4241.88728981
2025-07-02,2025-07-03,bear_call,2025-07-02 10:17:00,25500,75,25500,25900,91.75,23118.75,0.13164556962025317,0.09830508474576272,25518.05,2025-07-03 15:01:00,TIME,0.45,6847.5,104.811058085,6742.688941915
2025-07-04,2025-07-10,bull_put,2025-07-04 10:24:00,25400,75,25400,25000,105.14999999999998,22113.75,0.9405063291139241,0.8271186440677966,25415.5,2025-07-07 15:01:00,TIME,69.35,2684.9999999999986,113.60504984,2571.3949501599986
2025-07-04,2025-07-10,bull_put,2025-07-04 10:39:00,25400,75,25400,25000,101.09999999999998,22417.500000000004,0.8151898734177215,0.8813559322033898,25414.05,2025-07-07 15:01:00,TIME,69.35,2381.249999999999,113.07778406749999,2268.172215932499
2025-07-08,2025-07-10,bull_put,2025-07-08 10:20:00,25450,75,25450,25050,74.60000000000001,24405.0,0.8949367088607595,0.9661016949152542,25459.95,2025-07-09 15:01:00,TIME,41.2,2505.0000000000005,105.58417714999999,2399.4158228500005
2025-07-08,2025-07-10,bull_put,2025-07-08 10:23:00,25450,75,25450,25050,79.75,24018.75,0.830379746835443,0.9186440677966101,25454.0,2025-07-09 15:01:00,TIME,41.2,2891.25,106.1793414425,2785.0706585575
2025-07-10,2025-07-10,bear_call,2025-07-10 10:50:00,25400,75,25400,25800,52.1,26092.5,0.1291139240506329,0.16610169491525423,25403.55,2025-07-10 15:01:00,TIME,1.1,3825.0,100.26374037499998,3724.736259625
2025-07-10,2025-07-10,bull_put,2025-07-10 11:13:00,25400,75,25400,25000,44.25,26681.25,0.8683544303797468,0.8372881355932204,25388.85,2025-07-10 15:01:00,TIME,51.3,-528.7499999999998,101.0000314175,-629.7500314174997
2025-07-11,2025-07-17,bear_call,2025-07-11 10:20:00,25250,75,25250,25650,113.54999999999998,21483.750000000004,0.07341772151898734,0.07457627118644068,25239.55,2025-07-14 15:01:00,TIME,52.0,4616.249999999999,112.1469941225,4504.1030058774995
2025-07-11,2025-07-17,bear_call,2025-07-11 10:22:00,25250,75,25250,25650,110.74999999999999,21693.75,0.039240506329113925,0.0576271186440678,25233.6,2025-07-14 15:01:00,TIME,52.0,4406.249999999999,111.7871984375,4294.462801562499
2025-07-15,2025-07-17,bear_call,2025-07-15 10:19:00,25100,75,25100,25500,92.65,23051.25,0.14936708860759493,0.03728813559322034,25113.75,2025-07-15 11:02:00,SL,144.05,-3855.0000000000005,112.92197712500001,-3967.9219771250005
2025-07-15,2025-07-17,bull_put,2025-07-15 10:28:00,25100,75,25100,24700,61.20000000000001,25410.0,0.9291139240506329,0.9220338983050848,25124.35,2025-07-16 15:01:00,TIME,14.55,3498.7500000000005,102.43747754749998,3396.3125224525006
2025-07-15,2025-07-17,bull_put,2025-07-15 11:02:00,25200,75,25200,24800,67.55000000000001,24933.75,0.9721518987341772,0.9627118644067797,25208.45,2025-07-16 15:01:00,TIME,37.05,2287.500000000001,104.25170477,2183.248295230001
2025-07-17,2025-07-17,bear_call,2025-07-17 10:31:00,25150,75,25150,25550,38.4,27120.0,0.017721518987341773,0.023728813559322035,25144.35,2025-07-17 15:01:00,TIME,0.7000000000000001,2827.4999999999995,98.76908465,2728.7309153499996
2025-07-17,2025-07-17,bull_put,2025-07-17 10:49:00,25150,75,25150,24750,27.849999999999998,27911.25,0.8189873417721519,0.9050847457627119,25157.55,2025-07-17 15:01:00,TIME,35.55,-577.5,98.66533376000001,-676.1653337600001
2025-07-18,2025-07-24,bear_call,2025-07-18 10:16:00,25000,75,25000,25400,125.74999999999999,20568.75,0.06455696202531645,0.06779661016949153,24996.35,2025-07-21 15:01:00,TIME,137.60000000000002,-888.7500000000027,118.3448234825,-1007.0948234825028
2025-07-18,2025-07-24,bull_put,2025-07-18 10:25:00,24950,75,24950,24550,91.05000000000001,23171.25,0.8860759493670886,0.823728813559322,24965.25,2025-07-21 15:01:00,TIME,34.0,4278.750000000001,109.5641943875,4169.185805612501
2025-07-22,2025-07-24,bear_call,2025-07-22 10:30:00,25100,75,25100,25500,79.2,24060.0,0.06835443037974684,0.08135593220338982,25102.0,2025-07-23 14:15:00,SL,133.45000000000002,-4068.750000000001,108.54826156249999,-4177.298261562501
2025-07-22,2025-07-24,bull_put,2025-07-22 10:22:00,25100,75,25100,24700,57.3,25702.5,0.8759493670886076,0.8711864406779661,25119.3,2025-07-23 15:01:00,TIME,11.85,3408.7499999999995,102.11496734750003,3306.6350326524994
2025-07-23,2025-07-24,bull_put,2025-07-23 14:15:00,25200,75,25200,24800,40.85,26936.25,0.9822784810126582,1.0,25208.05,2025-07-24 11:35:00,SL,101.5,-4548.75,102.7522005725,-4651.5022005725
2025-07-24,2025-07-24,bull_put,2025-07-24 10:19:00,25150,75,25150,24750,17.65,28676.25,0.8468354430379746,0.8847457627118644,25165.3,2025-07-24 11:58:00,SL,84.75,-5032.5,99.39086182999999,-5131.89086183
2025-07-24,2025-07-24,bear_call,2025-07-24 11:35:00,25100,75,25100,25500,32.35,27573.75,0.06455696202531645,0.15593220338983052,25098.7,2025-07-24 15:01:00,TIME,1.0,2351.25,98.1720993875,2253.0779006125
2025-07-24,2025-07-24,bull_put,2025-07-24 12:16:00,25050,75,25050,24650,38.300000000000004,27127.5,0.9873417721518988,0.8372881355932204,25051.1,2025-07-24 15:01:00,TIME,2.05,2718.7500000000005,98.6989121375,2620.0510878625005
2025-07-25,2025-07-31,bear_call,2025-07-25 10:32:00,24850,75,24850,25250,119.04999999999998,21071.250000000004,0.11772151898734177,0.17288135593220338,24855.5,2025-07-28 15:01:00,TIME,45.0,5553.749999999999,113.53586329250001,5440.214136707499
2025-07-25,2025-07-31,bear_call,2025-07-25 10:38:00,24850,75,24850,25250,118.3,21127.5,0.09873417721518987,0.1288135593220339,24850.1,2025-07-28 15:01:00,TIME,45.0,5497.5,113.5190393,5383.9809607
2025-07-29,2025-07-31,bear_call,2025-07-29 10:28:00,24650,75,24650,25050,85.75,23568.75,0.10253164556962026,0.04067796610169491,24635.0,2025-07-29 13:33:00,SL,134.4,-3648.7500000000005,112.79543446250001,-3761.5454344625005
2025-07-29,2025-07-31,bull_put,2025-07-29 10:34:00,24650,75,24650,24250,80.05000000000001,23996.25,0.8632911392405064,0.8169491525423729,24642.6,2025-07-30 15:01:00,TIME,7.700000000000001,5426.250000000001,105.0036472175,5321.246352782501
2025-07-29,2025-07-31,bull_put,2025-07-29 13:34:00,24750,75,24750,24350,64.7,25147.5,0.9417721518987342,1.0,24756.35,2025-07-30 15:01:00,TIME,16.849999999999998,3588.7500000000005,103.33165115749999,3485.4183488425006
2025-07-31,2025-07-31,bull_put,2025-07-31 10:26:00,24700,75,24700,24300,57.0,25725.0,0.8848101265822785,0.8169491525423729,24686.75,2025-07-31 15:01:00,TIME,0.8,4215.0,100.86420917000001,4114.13579083
2025-07-31,2025-07-31,bull_put,2025-07-31 10:45:00,24700,75,24700,24300,49.45,26291.25,0.839240506329114,0.8508474576271187,24693.1,2025-07-31 15:01:00,TIME,0.8,3648.7500000000005,100.0283717675,3548.7216282325003
2025-08-01,2025-08-07,bull_put,2025-08-01 10:21:00,24750,75,24750,24350,107.1,21967.5,0.8658227848101265,0.8779661016949153,24766.1,2025-08-01 11:45:00,SL,152.90000000000003,-3435.000000000003,121.88885891000001,-3556.8888589100034
2025-08-01,2025-08-07,bear_call,2025-08-01 10:43:00,24750,75,24750,25150,124.39999999999999,20670.0,0.04683544303797468,0.11186440677966102,24757.9,2025-08-04 15:01:00,TIME,94.89999999999999,2212.5,116.86861134499998,2095.631388655
2025-08-01,2025-08-07,bear_call,2025-08-01 11:45:00,24650,75,24650,25050,119.35,21048.75,0.05949367088607595,0.1016949152542373,24646.9,2025-08-04 15:01:00,TIME,140.20000000000002,-1563.7500000000018,119.3629489475,-1683.1129489475018
2025-08-05,2025-08-07,bull_put,2025-08-05 10:19:00,24650,75,24650,24250,100.5,22462.5,0.879746835443038,0.847457627118644,24627.95,2025-08-06 15:01:00,TIME,98.65,138.74999999999957,111.56490976250001,27.185090237499566
2025-08-05,2025-08-07,bull_put,2025-08-05 10:23:00,24650,75,24650,24250,95.1,22867.5,0.8443037974683544,0.8847457627118644,24637.55,2025-08-06 15:01:00,TIME,98.65,-266.25000000000085,110.84562188749999,-377.09562188750084
2025-08-07,2025-08-07,bull_put,2025-08-07 10:19:00,24500,75,24500,24100,37.0,27225.0,0.8177215189873418,0.8372881355932204,24484.45,2025-08-07 10:46:00,SL,93.39999999999999,-4229.999999999999,101.822725295,-4331.822725294999
2025-08-07,2025-08-07,bear_call,2025-08-07 10:46:00,24400,75,24400,24800,50.400000000000006,26220.0,0.16455696202531644,0.13220338983050847,24422.05,2025-08-07 14:39:00,SL,110.3,-4492.499999999999,103.828693325,-4596.328693324999
2025-08-07,2025-08-07,bear_call,2025-08-07 10:28:00,24450,75,24450,24850,51.150000000000006,26163.75,0.19240506329113924,0.17288135593220338,24468.6,2025-08-07 15:01:00,SL,106.95,-4185.0,103.71988514,-4288.71988514
2025-08-08,2025-08-14,bull_put,2025-08-08 10:27:00,24500,75,24500,24100,103.39999999999999,22245.0,0.9810126582278481,0.9661016949152542,24480.75,2025-08-08 15:13:00,SL,156.10000000000002,-3952.5000000000023,120.376029005,-4072.8760290050022
2025-08-08,2025-08-14,bear_call,2025-08-08 10:32:00,24450,75,24450,24850,124.35,20673.75,0.02278481012658228,0.06440677966101695,24449.7,2025-08-11 14:32:00,SL,167.10000000000002,-3206.2500000000023,120.16978259749999,-3326.4197825975025
2025-08-11,2025-08-14,bull_put,2025-08-11 10:18:00,24400,75,24400,24000,80.9,23932.5,0.9265822784810127,0.9050847457627119,24415.45,2025-08-12 15:01:00,TIME,34.2,3502.5,107.09277588500001,3395.407224115
2025-08-12,2025-08-14,bear_call,2025-08-12 10:20:00,24650,75,24650,25050,99.7,22522.5,0.17721518987341772,0.0711864406779661,24650.9,2025-08-13 15:01:00,TIME,63.19999999999999,2737.500000000001,108.50645616499999,2628.9935438350008
2025-08-13,2025-08-14,bull_put,2025-08-13 10:29:00,24600,75,24600,24200,59.35000000000001,25548.75,0.859493670886076,0.9084745762711864,24596.4,2025-08-14 15:01:00,TIME,1.05,4372.500000000001,101.421630515,4271.078369485001
2025-08-14,2025-08-14,bull_put,2025-08-14 10:19:00,24650,75,24650,24250,50.6,26205.0,0.8025316455696202,0.8711864406779661,24636.8,2025-08-14 15:01:00,TIME,5.8999999999999995,3352.5,100.19492249000001,3252.30507751
2025-08-18,2025-08-21,bull_put,2025-08-18 10:42:00,25000,75,25000,24600,98.55000000000001,22608.75,0.850632911392405,0.8508474576271187,24994.2,2025-08-18 12:15:00,SL,148.15,-3719.9999999999995,116.738121815,-3836.7381218149994
2025-08-18,2025-08-21,bear_call,2025-08-18 10:26:00,25000,75,25000,25400,115.94999999999999,21303.75,0.027848101265822784,0.17627118644067796,24979.7,2025-08-19 15:01:00,TIME,74.3,3123.7499999999995,112.34337028249999,3011.4066297174995
2025-08-18,2025-08-21,bull_put,2025-08-18 12:20:00,24900,75,24900,24500,93.45,22991.25,0.8721518987341772,0.8372881355932204,24884.65,2025-08-19 15:01:00,TIME,35.7,4331.25,108.3347859875,4222.9152140125
2025-08-20,2025-08-21,bear_call,2025-08-20 10:23:00,25000,75,25000,25400,62.15,25338.75,0.1518987341772152,0.11186440677966102,24990.65,2025-08-21 09:59:00,SL,115.3,-3986.25,105.2628661775,-4091.5128661775
2025-08-20,2025-08-21,bull_put,2025-08-20 10:38:00,25000,75,25000,24600,59.400000000000006,25545.0,0.9329113924050633,0.9525423728813559,25010.4,2025-08-21 15:01:00,TIME,0.4,4425.000000000001,101.224004855,4323.775995145001
2025-08-21,2025-08-21,bull_put,2025-08-21 10:28:00,25150,75,25150,24750,43.35,26748.75,0.8911392405063291,0.8711864406779661,25136.7,2025-08-21 15:01:00,TIME,54.15,-809.9999999999998,101.04837004999999,-911.0483700499998
2025-08-22,2025-08-28,bear_call,2025-08-22 10:17:00,24950,75,24950,25350,110.0,21750.0,0.09746835443037975,0.1423728813559322,24950.9,2025-08-25 15:01:00,TIME,97.45,941.2499999999998,112.46304212749999,828.7869578724998
2025-08-22,2025-08-28,bear_call,2025-08-22 10:26:00,24900,75,24900,25300,121.99999999999999,20850.0,0.02278481012658228,0.1288135593220339,24912.0,2025-08-25 15:01:00,TIME,128.75,-506.2500000000011,115.6580759225,-621.9080759225011
2025-08-26,2025-08-28,bull_put,2025-08-26 10:21:00,24800,75,24800,24400,62.35000000000001,25323.75,0.9835443037974684,0.8305084745762712,24801.35,2025-08-26 15:14:00,SL,115.5,-3986.2499999999995,106.7268822275,-4092.9768822274996
2025-08-28,2025-08-28,bear_call,2025-08-28 10:20:00,24550,75,24550,24950,44.85,26636.25,0.08354430379746836,0.1694915254237288,24561.45,2025-08-28 10:49:00,SL,114.75,-5242.5,103.72288901,-5346.22288901
2025-08-28,2025-08-28,bull_put,2025-08-28 10:59:00,24650,75,24650,24250,31.200000000000006,27660.0,0.9835443037974684,0.9559322033898305,24668.05,2025-08-28 13:00:00,SL,88.0,-4260.0,101.01342372500001,-4361.013423725
2025-08-26,2025-08-28,bear_call,2025-08-26 10:16:00,24800,75,24800,25200,59.55,25533.75,0.060759493670886074,0.05084745762711865,24783.75,2025-08-28 15:01:00,TIME,0.3500000000000001,4440.0,101.635627145,4338.364372855
2025-08-28,2025-08-28,bear_call,2025-08-28 13:00:00,24600,75,24600,25000,18.15,28638.75,0.10632911392405063,0.08813559322033898,24577.75,2025-08-28 15:01:00,TIME,0.35000000000000003,1334.9999999999998,96.504519545,1238.4954804549998
2025-08-29,2025-09-02,bull_put,2025-08-29 10:17:00,24500,75,24500,24100,81.95,23853.75,0.8734177215189873,0.9355932203389831,24483.25,2025-09-01 15:01:00,TIME,15.150000000000002,5010.0,105.29325707000001,4904.70674293
2025-08-29,2025-09-02,bull_put,2025-08-29 10:19:00,24500,75,24500,24100,78.30000000000001,24127.5,0.9113924050632911,0.9084745762711864,24489.65,2025-09-01 15:01:00,TIME,15.150000000000002,4736.25,104.8293418325,4631.4206581675
2025-09-02,2025-09-02,bear_call,2025-09-02 10:17:00,24750,75,24750,25150,31.600000000000005,27630.0,0.11392405063291139,0.1016949152542373,24726.1,2025-09-02 15:01:00,TIME,0.3,2347.5000000000005,97.901877695,2249.5981223050003
2025-09-02,2025-09-02,bear_call,2025-09-02 10:26:00,24700,75,24700,25100,58.4,25620.0,0.11392405063291139,0.12542372881355932,24723.25,2025-09-02 15:01:00,TIME,0.5,4342.5,100.751759045,4241.748240955
2025-09-03,2025-09-09,bear_call,2025-09-03 10:17:00,24600,75,24600,25000,111.4,21645.0,0.060759493670886074,0.14576271186440679,24591.35,2025-09-03 15:03:00,SL,156.0,-3344.9999999999995,116.61325059500001,-3461.6132505949995
2025-09-04,2025-09-09,bull_put,2025-09-04 10:20:00,24850,75,24850,24450,76.65,24251.25,0.9518987341772152,0.8101694915254237,24857.8,2025-09-04 14:23:00,SL,131.05,-4080.0000000000005,112.08084410000001,-4192.080844100001
2025-09-03,2025-09-09,bull_put,2025-09-03 10:59:00,24550,75,24550,24150,81.25,23906.25,0.8987341772151899,0.8440677966101695,24572.7,2025-09-04 15:01:00,TIME,27.7,4016.25,106.8643965425,3909.3856034575
2025-09-05,2025-09-09,bear_call,2025-09-05 10:22:00,24650,75,24650,25050,91.69999999999999,23122.5,0.043037974683544304,0.13559322033898305,24638.4,2025-09-05 13:47:00,SL,150.6,-4417.5,112.39121893999999,-4529.89121894
2025-09-05,2025-09-09,bull_put,2025-09-05 10:24:00,24650,75,24650,24250,79.60000000000001,24030.0,0.8405063291139241,0.823728813559322,24665.85,2025-09-08 15:01:00,TIME,13.1,4987.500000000001,105.038341895,4882.461658105001
2025-09-05,2025-09-09,bull_put,2025-09-05 13:56:00,24750,75,24750,24350,64.55000000000001,25158.75,0.9354430379746835,0.8033898305084746,24752.9,2025-09-08 15:01:00,TIME,29.249999999999996,2647.500000000001,103.62458169499999,2543.875418305001
2025-09-09,2025-09-09,bear_call,2025-09-09 10:40:00,24800,75,24800,25200,52.150000000000006,26088.75,0.14810126582278482,0.09491525423728814,24819.1,2025-09-09 15:01:00,TIME,63.2,-828.7499999999998,102.2767184375,-931.0267184374998
2025-09-09,2025-09-09,bull_put,2025-09-09 10:51:00,24850,75,24850,24450,49.10000000000001,26317.5,0.8240506329113924,0.8101694915254237,24829.15,2025-09-09 15:01:00,TIME,2.6499999999999995,3483.750000000001,99.9762327875,3383.773767212501
2025-09-10,2025-09-16,bull_put,2025-09-10 10:26:00,25050,75,25050,24650,96.9,22732.5,0.8734177215189873,0.8847457627118644,25025.05,2025-09-11 15:01:00,TIME,80.64999999999999,1218.7500000000011,112.10265277250001,1106.647347227501
2025-09-10,2025-09-16,bear_call,2025-09-10 10:34:00,25000,75,25000,25400,134.35,19923.75,0.16455696202531644,0.14576271186440679,25023.2,2025-09-11 15:01:00,TIME,111.75,1694.9999999999995,116.269048595,1578.7309514049996
2025-09-12,2025-09-16,bear_call,2025-09-12 10:19:00,25050,75,25050,25450,100.10000000000001,22492.5,0.1569620253164557,0.15593220338983052,25066.6,2025-09-15 15:01:00,TIME,77.3,1710.000000000001,108.482181005,1601.5178189950009
2025-09-12,2025-09-16,bull_put,2025-09-12 10:22:00,25100,75,25100,24700,70.0,24750.0,0.8075949367088607,0.9254237288135593,25077.8,2025-09-15 15:01:00,TIME,41.74999999999999,2118.7500000000005,104.6264945975,2014.1235054025005
2025-09-16,2025-09-16,bear_call,2025-09-16 10:25:00,25150,75,25150,25550,54.75,25893.75,0.1949367088607595,0.15254237288135594,25161.45,2025-09-16 15:01:00,TIME,70.35000000000001,-1170.0000000000007,102.68636135,-1272.6863613500007
2025-09-16,2025-09-16,bear_call,2025-09-16 10:44:00,25150,75,25150,25550,51.75000000000001,26118.75,0.11012658227848102,0.09491525423728814,25166.5,2025-09-16 15:01:00,TIME,70.35000000000001,-1395.0,102.361119695,-1497.361119695
2025-09-17,2025-09-23,bear_call,2025-09-17 10:16:00,25300,75,25300,25700,126.25,20531.25,0.0670886075949367,0.08813559322033898,25311.85,2025-09-18 09:16:00,SL,171.60000000000002,-3401.250000000002,118.1580437225,-3519.408043722502
2025-09-17,2025-09-23,bull_put,2025-09-17 10:22:00,25300,75,25300,24900,63.85,25211.25,0.9139240506329114,0.8610169491525423,25319.65,2025-09-18 15:01:00,TIME,26.049999999999997,2835.0000000000005,104.58695732,2730.4130426800007
2025-09-18,2025-09-23,bull_put,2025-09-18 10:42:00,25400,75,25400,25000,48.5,26362.5,0.8518987341772152,0.9254237288135593,25422.15,2025-09-19 09:38:00,SL,103.25,-4106.25,105.9018166775,-4212.1518166775
2025-09-19,2025-09-23,bull_put,2025-09-19 10:22:00,25300,75,25300,24900,54.35,25923.75,0.8848101265822785,0.8372881355932204,25323.3,2025-09-22 14:47:00,SL,109.1,-4106.249999999999,105.40683982249999,-4211.656839822499
2025-09-19,2025-09-23,bear_call,2025-09-19 10:17:00,25300,75,25300,25700,93.10000000000001,23017.5,0.10759493670886076,0.1864406779661017,25313.95,2025-09-22 15:01:00,TIME,26.1,5025.0,106.158027185,4918.841972815
2025-09-23,2025-09-23,bear_call,2025-09-23 10:19:00,25150,75,25150,25550,35.95,27303.75,0.04050632911392405,0.13220338983050847,25132.45,2025-09-23 12:37:00,SL,95.0,-4428.75,101.8483328825,-4530.5983328825
2025-09-23,2025-09-23,bull_put,2025-09-23 10:29:00,25150,75,25150,24750,45.1,26617.5,0.9632911392405064,0.864406779661017,25130.8,2025-09-23 15:01:00,TIME,0.8500000000000001,3318.75,99.38031641749998,3219.3696835825
2025-09-23,2025-09-23,bear_call,2025-09-23 12:45:00,25200,75,25200,25600,32.25,27581.25,0.015189873417721518,0.13559322033898305,25184.85,2025-09-23 15:01:00,TIME,3.3,2171.25,98.0429703575,2073.2070296425
2025-09-24,2025-09-30,bull_put,2025-09-24 10:18:00,25100,75,25100,24700,71.69999999999999,24622.5,0.8493670886075949,0.8203389830508474,25106.6,2025-09-25 11:45:00,SL,121.85000000000002,-3761.2500000000027,110.1056430725,-3871.3556430725025
2025-09-24,2025-09-30,bear_call,2025-09-24 10:38:00,25100,75,25100,25500,118.34999999999998,21123.750000000004,0.16582278481012658,0.1864406779661017,25090.55,2025-09-25 15:01:00,TIME,42.85,5662.499999999998,111.60521387,5550.8947861299985
2025-09-26,2025-09-30,bull_put,2025-09-26 11:58:00,24750,75,24750,24350,49.900000000000006,26257.5,0.8354430379746836,0.8333333333333334,24773.3,2025-09-26 13:59:00,SL,112.19999999999999,-4672.499999999999,106.376622215,-4778.876622214999
2025-09-25,2025-09-30,bear_call,2025-09-25 11:52:00,25000,75,25000,25400,98.15,22638.75,0.17215189873417722,0.1694915254237288,24978.7,2025-09-26 15:01:00,TIME,12.05,6457.500000000001,107.57085470000001,6349.9291453000005
2025-09-26,2025-09-30,bear_call,2025-09-26 13:59:00,24650,75,24650,25050,101.75,22368.75,0.035443037974683546,0.055350553505535055,24660.35,2025-09-29 09:35:00,SL,147.25,-3412.5,112.85772942499999,-3525.357729425
2025-09-29,2025-09-30,bull_put,2025-09-29 10:19:00,24800,75,24800,24400,46.4,26520.0,0.970886075949367,0.9932203389830508,24777.75,2025-09-29 11:41:00,SL,102.14999999999999,-4181.249999999999,104.58965626249999,-4285.839656262499
2025-09-29,2025-09-30,bear_call,2025-09-29 10:29:00,24750,75,24750,25150,105.95,22053.75,0.12278481012658228,0.18305084745762712,24770.3,2025-09-30 15:01:00,TIME,0.2,7931.25,106.2673727525,7824.9826272475
2025-09-29,2025-09-30,bear_call,2025-09-29 11:49:00,24650,75,24650,25050,98.45,22616.25,0.11139240506329114,0.16610169491525423,24646.45,2025-09-30 15:01:00,TIME,1.9499999999999997,7237.5,105.62067203,7131.87932797
2025-10-01,2025-10-07,bear_call,2025-10-01 10:46:00,24650,75,24650,25050,113.85,21461.25,0.049367088607594936,0.10508474576271186,24650.15,2025-10-01 11:31:00,SL,161.3,-3558.7500000000014,116.79889930250002,-3675.5488993025015
2025-10-01,2025-10-07,bull_put,2025-10-01 10:31:00,24650,75,24650,24250,75.89999999999999,24307.5,0.9227848101265823,0.9457627118644067,24674.8,2025-10-03 15:01:00,TIME,11.4,4837.499999999999,105.31416714500003,4732.185832854999
2025-10-01,2025-10-07,bull_put,2025-10-01 11:32:00,24750,75,24750,24350,79.9,24007.5,0.8721518987341772,0.911864406779661,24735.75,2025-10-03 15:01:00,TIME,21.0,4417.5,106.33048052000001,4311.16951948
2025-10-06,2025-10-07,bear_call,2025-10-06 10:30:00,24950,75,24950,25350,69.15,24813.75,0.17974683544303796,0.17966101694915254,24966.3,2025-10-06 13:00:00,SL,120.75,-3869.9999999999995,106.26388635499998,-3976.2638863549996
2025-10-06,2025-10-07,bull_put,2025-10-06 10:35:00,25000,75,25000,24600,55.0,25875.0,0.8405063291139241,0.8271186440677966,24980.3,2025-10-07 15:01:00,TIME,0.3,4102.5,100.87239021500002,4001.627609785
2025-10-06,2025-10-07,bull_put,2025-10-06 13:10:00,25050,75,25050,24650,42.9,26782.5,0.8075949367088607,0.9186440677966101,25060.15,2025-10-07 15:01:00,TIME,0.25,3198.75,99.72646370750002,3099.0235362925
2025-10-08,2025-10-14,bear_call,2025-10-08 10:21:00,25150,75,25150,25550,102.5,22312.5,0.1379746835443038,0.1016949152542373,25131.8,2025-10-09 15:01:00,TIME,112.1,-719.9999999999995,111.50744852000001,-831.5074485199996
2025-10-08,2025-10-14,bear_call,2025-10-08 10:25:00,25100,75,25100,25500,122.94999999999999,20778.75,0.035443037974683546,0.08135593220338982,25119.45,2025-10-09 15:01:00,TIME,143.05,-1507.5000000000018,115.552416695,-1623.0524166950017
2025-10-10,2025-10-14,bull_put,2025-10-10 10:16:00,25250,75,25250,24850,50.35000000000001,26223.75,0.8556962025316456,0.8610169491525423,25268.7,2025-10-13 09:32:00,SL,106.35,-4199.999999999999,105.77617561999999,-4305.776175619999
2025-10-10,2025-10-14,bear_call,2025-10-10 10:25:00,25300,75,25300,25700,97.2,22710.0,0.12784810126582277,0.12542372881355932,25277.5,2025-10-13 15:01:00,TIME,31.999999999999993,4890.000000000001,106.60147205000001,4783.398527950001
2025-10-13,2025-10-14,bear_call,2025-10-13 10:22:00,25200,75,25200,25600,65.45,25091.25,0.0620253164556962,0.06779661016949153,25177.1,2025-10-14 09:17:00,SL,118.55,-3982.4999999999995,105.93743515999998,-4088.4374351599995
2025-10-14,2025-10-14,bear_call,2025-10-14 10:18:00,25200,75,25200,25600,51.15,26163.75,0.10379746835443038,0.14576271186440679,25179.4,2025-10-14 15:01:00,TIME,0.6,3791.25,100.14628480249999,3691.1037151975
2025-10-14,2025-10-14,bear_call,2025-10-14 10:21:00,25200,75,25200,25600,51.050000000000004,26171.25,0.04683544303797468,0.19661016949152543,25179.85,2025-10-14 15:01:00,TIME,0.6,3783.75,100.17053332249999,3683.5794666775
2025-10-15,2025-10-20,bull_put,2025-10-15 10:16:00,25250,75,25250,24850,66.80000000000001,24990.0,0.9329113924050633,0.8677966101694915,25254.8,2025-10-16 15:01:00,TIME,10.75,4203.750000000001,104.96148361250002,4098.788516387501
2025-10-15,2025-10-20,bull_put,2025-10-15 10:23:00,25300,75,25300,24900,75.4,24345.0,0.9253164556962026,0.9050847457627119,25275.0,2025-10-16 15:01:00,TIME,13.150000000000002,4668.75,106.28153489749998,4562.4684651025
2025-10-17,2025-10-20,bear_call,2025-10-17 10:23:00,25650,75,25650,26050,112.05000000000001,21596.25,0.07341772151898734,0.1864406779661017,25670.6,2025-10-17 11:01:00,SL,162.3,-3768.75,114.6474268325,-3883.3974268325
2025-10-17,2025-10-20,bull_put,2025-10-17 11:13:00,25750,75,25750,25350,64.75,25143.75,0.930379746835443,0.8203389830508474,25754.1,2025-10-17 13:07:00,SL,116.45000000000002,-3877.5000000000014,109.31376804500002,-3986.8137680450013
2025-10-17,2025-10-20,bull_put,2025-10-17 10:18:00,25700,75,25700,25300,77.85,24161.25,0.9405063291139241,0.8508474576271187,25683.95,2025-10-20 15:01:00,TIME,0.25,5820.0,104.50792272499999,5715.492077275
2025-10-17,2025-10-20,bull_put,2025-10-17 13:19:00,25700,75,25700,25300,84.85000000000001,23636.25,0.9405063291139241,0.911864406779661,25680.6,2025-10-20 15:01:00,TIME,0.25,6345.000000000001,105.16689501500001,6239.833104985001
2025-10-21,2025-10-28,bear_call,2025-10-21 13:52:00,25900,75,25900,26300,129.59999999999997,20280.000000000004,0.015286624203821656,0.12542372881355932,25879.15,2025-10-23 09:16:00,SL,207.05,-5808.750000000004,124.74969128749999,-5933.499691287504
2025-10-23,2025-10-28,bull_put,2025-10-23 10:40:00,26100,75,26100,25700,80.75,23943.75,0.8343949044585988,0.8344827586206897,26080.55,2025-10-23 14:21:00,SL,130.85,-3757.4999999999995,113.81281673000002,-3871.3128167299997
2025-10-24,2025-10-28,bull_put,2025-10-24 10:34:00,25850,75,25850,25450,79.5,24037.5,0.8687898089171975,0.8813559322033898,25834.5,2025-10-24 13:40:00,SL,133.9,-4080.0000000000005,112.087815605,-4192.087815605
2025-10-23,2025-10-28,bear_call,2025-10-23 10:46:00,26050,75,26050,26450,145.0,19125.0,0.0840764331210191,0.1310344827586207,26057.85,2025-10-24 15:01:00,TIME,16.450000000000003,9641.25,114.0751992575,9527.1748007425
2025-10-24,2025-10-28,bear_call,2025-10-24 13:40:00,25750,75,25750,26150,91.65,23126.25,0.10191082802547771,0.0711864406779661,25736.0,2025-10-27 09:16:00,SL,175.4,-6281.25,114.18875837750001,-6395.4387583775
2025-10-27,2025-10-28,bear_call,2025-10-27 10:37:00,25950,75,25950,26350,117.7,21172.5,0.14936708860759493,0.1152542372881356,25951.0,2025-10-28 15:01:00,TIME,1.5,8715.0,108.00344922500001,8606.996550775
2025-10-27,2025-10-28,bear_call,2025-10-27 10:39:00,25950,75,25950,26350,119.45,21041.25,0.10759493670886076,0.17966101694915254,25949.7,2025-10-28 15:01:00,TIME,1.5,8846.25,108.19607831750001,8738.0539216825
2025-10-29,2025-11-04,bull_put,2025-10-29 10:31:00,26050,75,26050,25650,89.95,23253.75,0.9772151898734177,0.8542372881355932,26048.2,2025-10-30 09:34:00,SL,137.55,-3570.0000000000005,116.89452987499999,-3686.8945298750004
2025-10-29,2025-11-04,bull_put,2025-10-29 10:24:00,26000,75,26000,25600,86.45,23516.25,0.910126582278481,0.8677966101694915,26015.55,2025-10-30 09:53:00,SL,134.95000000000002,-3637.500000000001,116.12978434999998,-3753.629784350001
2025-10-30,2025-11-04,bull_put,2025-10-30 10:24:00,25950,75,25950,25550,94.35,22923.75,0.8759493670886076,0.8745762711864407,25955.6,2025-10-31 10:32:00,SL,145.95000000000002,-3870.000000000002,115.10375469500002,-3985.103754695002
2025-10-30,2025-11-04,bear_call,2025-10-30 10:20:00,25950,75,25950,26350,117.2,21210.0,0.04050632911392405,0.04406779661016949,25929.65,2025-10-31 15:01:00,TIME,40.849999999999994,5726.250000000001,112.6992871325,5613.550712867501
2025-10-31,2025-11-04,bear_call,2025-10-31 10:32:00,25800,75,25800,26200,117.7,21172.5,0.11772151898734177,0.07796610169491526,25811.05,2025-11-03 15:01:00,TIME,53.599999999999994,4807.500000000001,111.63671518999999,4695.863284810001
2025-11-03,2025-11-04,bear_call,2025-11-03 10:17:00,25700,75,25700,26100,100.7,22447.5,0.09367088607594937,0.09830508474576272,25704.55,2025-11-04 15:01:00,TIME,0.55,7511.25,106.4331625175,7404.8168374825
2025-11-04,2025-11-04,bear_call,2025-11-04 10:16:00,25700,75,25700,26100,36.35,27273.75,0.06582278481012659,0.023728813559322035,25677.55,2025-11-04 15:01:00,TIME,0.55,2685.0000000000005,98.6302571,2586.3697429000003
2025-11-06,2025-11-11,bull_put,2025-11-06 10:45:00,25550,75,25550,25150,95.30000000000001,22852.5,0.8822784810126583,0.8101694915254237,25536.05,2025-11-07 09:16:00,SL,167.95000000000002,-5448.75,115.9589358575,-5564.7089358575
2025-11-06,2025-11-11,bear_call,2025-11-06 10:38:00,25550,75,25550,25950,108.85,21836.25,0.12025316455696203,0.19661016949152543,25525.25,2025-11-07 15:01:00,TIME,67.44999999999999,3105.0000000000005,111.28506503,2993.7149349700003
2025-11-07,2025-11-11,bull_put,2025-11-07 10:18:00,25350,75,25350,24950,72.75,24543.75,0.930379746835443,0.8372881355932204,25349.85,2025-11-10 15:01:00,TIME,4.8,5096.25,103.70027039749999,4992.5497296025
2025-11-10,2025-11-11,bull_put,2025-11-10 10:16:00,25600,75,25600,25200,64.95,25128.75,0.9481012658227848,0.9288135593220339,25583.75,2025-11-11 09:37:00,SL,121.44999999999999,-4237.499999999999,106.20416444,-4343.704164439999
2025-11-11,2025-11-11,bear_call,2025-11-11 10:33:00,25500,75,25500,25900,37.550000000000004,27183.75,0.11645569620253164,0.17288135593220338,25485.65,2025-11-11 12:30:00,SL,93.5,-4196.25,101.80075076750002,-4298.0507507675
2025-11-11,2025-11-11,bear_call,2025-11-11 10:24:00,25500,75,25500,25900,44.400000000000006,26670.0,0.10632911392405063,0.13559322033898305,25492.35,2025-11-11 12:33:00,SL,102.95,-4391.25,102.8285880725,-4494.0785880725
2025-11-11,2025-11-11,bear_call,2025-11-11 12:57:00,25550,75,25550,25950,35.150000000000006,27363.75,0.07215189873417721,0.1288135593220339,25564.1,2025-11-11 13:36:00,SL,90.3,-4136.249999999999,101.25121585250001,-4237.501215852499
2025-11-11,2025-11-11,bear_call,2025-11-11 12:39:00,25600,75,25600,26000,22.75,28293.75,0.09113924050632911,0.17627118644067796,25575.65,2025-11-11 13:51:00,SL,79.74999999999999,-4274.999999999999,99.60487622000001,-4374.604876219999
2025-11-11,2025-11-11,bull_put,2025-11-11 13:37:00,25650,75,25650,25250,35.050000000000004,27371.25,0.9037974683544304,0.8915254237288136,25631.05,2025-11-11 15:01:00,TIME,0.85,2565.0,98.27925389,2466.72074611
2025-11-11,2025-11-11,bear_call,2025-11-11 13:57:00,25650,75,25650,26050,29.999999999999996,27750.0,0.15316455696202533,0.13898305084745763,25656.9,2025-11-11 15:01:00,TIME,44.7,-1102.5000000000005,99.128773775,-1201.6287737750004
2025-11-12,2025-11-18,bear_call,2025-11-12 10:22:00,25850,75,25850,26250,131.89999999999998,20107.5,0.08987341772151898,0.15254237288135594,25836.85,2025-11-12 12:37:00,SL,173.15,-3093.7500000000023,122.3994546575,-3216.1494546575022
2025-11-12,2025-11-18,bull_put,2025-11-12 10:35:00,25850,75,25850,25450,86.35000000000001,23523.75,0.9316455696202531,0.9593220338983051,25860.0,2025-11-13 15:01:00,TIME,86.39999999999999,-3.749999999998721,113.34324608749999,-117.09324608749871
2025-11-12,2025-11-18,bear_call,2025-11-12 12:47:00,25900,75,25900,26300,145.2,19110.0,0.19240506329113924,0.11864406779661017,25915.3,2025-11-13 15:01:00,TIME,110.20000000000002,2624.9999999999977,119.89213337,2505.1078666299977
2025-11-14,2025-11-18,bear_call,2025-11-14 10:42:00,25750,75,25750,26150,124.5,20662.5,0.060759493670886074,0.08135593220338982,25755.0,2025-11-14 10:55:00,SL,172.55,-3603.750000000001,122.3891358275,-3726.139135827501
2025-11-14,2025-11-18,bull_put,2025-11-14 11:01:00,25850,75,25850,25450,74.9,24382.5,0.9670886075949368,0.888135593220339,25858.9,2025-11-14 13:45:00,SL,125.50000000000003,-3795.000000000002,111.49403258,-3906.4940325800017
2025-11-14,2025-11-18,bear_call,2025-11-14 13:46:00,25750,75,25750,26150,116.05,21296.25,0.08481012658227848,0.07457627118644068,25750.0,2025-11-14 15:03:00,SL,162.20000000000002,-3461.2500000000014,118.6099775675,-3579.8599775675016
2025-11-14,2025-11-18,bull_put,2025-11-14 10:19:00,25800,75,25800,25400,91.8,23115.0,0.950632911392405,0.8745762711864407,25799.75,2025-11-17 15:01:00,TIME,9.250000000000002,6191.25,107.3754941525,6083.8745058475
2025-11-17,2025-11-18,bull_put,2025-11-17 10:19:00,25950,75,25950,25550,54.2,25935.0,0.8721518987341772,0.9152542372881356,25961.85,2025-11-18 15:01:00,TIME,28.55,1923.7500000000002,101.7154315775,1822.0345684225003
2025-11-18,2025-11-18,bull_put,2025-11-18 10:20:00,25900,75,25900,25500,43.85,26711.25,0.859493670886076,0.9084745762711864,25908.15,2025-11-18 15:01:00,TIME,2.3,3116.2500000000005,99.3448474625,3016.9051525375003
2025-11-19,2025-11-25,bear_call,2025-11-19 10:49:00,25950,75,25950,26350,126.64999999999999,20501.25,0.043037974683544304,0.023728813559322035,25947.8,2025-11-19 12:32:00,SL,169.0,-3176.2500000000005,122.1154394825,-3298.3654394825003
2025-11-19,2025-11-25,bull_put,2025-11-19 10:34:00,26000,75,26000,25600,112.89999999999999,21532.5,0.8734177215189873,0.8169491525423729,25976.1,2025-11-20 15:01:00,TIME,37.55,5651.25,113.2694330675,5537.9805669325
2025-11-19,2025-11-25,bull_put,2025-11-19 12:32:00,26000,75,26000,25600,91.30000000000001,23152.5,0.8493670886075949,0.9355932203389831,26020.5,2025-11-20 15:01:00,TIME,37.55,4031.250000000001,110.2807374875,3920.969262512501
2025-11-21,2025-11-25,bear_call,2025-11-21 10:47:00,26050,75,26050,26450,117.44999999999999,21191.25,0.10886075949367088,0.1694915254237288,26064.65,2025-11-21 12:25:00,SL,162.1,-3348.7500000000005,116.8658917775,-3465.6158917775006
2025-11-21,2025-11-25,bull_put,2025-11-21 12:25:00,26150,75,26150,25750,83.2,23760.0,0.9556962025316456,0.9288135593220339,26157.55,2025-11-24 14:24:00,SL,139.50000000000003,-4222.500000000002,110.72897468000001,-4333.228974680002
2025-11-21,2025-11-25,bear_call,2025-11-21 10:17:00,26100,75,26100,26500,100.95,22428.75,0.11265822784810127,0.19322033898305085,26080.75,2025-11-24 15:01:00,TIME,45.699999999999996,4143.750000000001,108.43905062750001,4035.310949372501
2025-11-25,2025-11-25,bear_call,2025-11-25 10:36:00,26000,75,26000,26400,49.1,26317.5,0.09620253164556962,0.0847457627118644,25998.0,2025-11-25 15:01:00,TIME,0.6000000000000001,3637.5,99.81725612,3537.68274388
2025-11-25,2025-11-25,bear_call,2025-11-25 10:44:00,26000,75,26000,26400,48.15,26388.75,0.14556962025316456,0.18983050847457628,25997.75,2025-11-25 15:01:00,TIME,0.6000000000000001,3566.25,99.71647057250001,3466.5335294275
2025-11-26,2025-12-02,bull_put,2025-11-26 10:34:00,26100,75,26100,25700,97.0,22725.0,0.9113924050632911,0.8813559322033898,26083.5,2025-11-27 15:01:00,TIME,58.1,2917.5,111.18715602500001,2806.312843975
2025-11-26,2025-12-02,bull_put,2025-11-26 10:40:00,26100,75,26100,25700,91.7,23122.5,0.8139240506329114,0.8033898305084746,26088.5,2025-11-27 15:01:00,TIME,58.1,2520.0,110.506363175,2409.493636825
2025-11-28,2025-12-02,bull_put,2025-11-28 10:31:00,26250,75,26250,25850,77.85000000000001,24161.25,0.8936708860759494,0.8542372881355932,26241.0,2025-12-01 15:01:00,TIME,111.89999999999999,-2553.7499999999986,108.6068005775,-2662.3568005774987
2025-11-28,2025-12-02,bull_put,2025-11-28 10:36:00,26250,75,26250,25850,73.0,24525.0,0.9430379746835443,0.8847457627118644,26260.25,2025-12-01 15:01:00,TIME,111.89999999999999,-2917.4999999999995,108.00860577499998,-3025.5086057749995
2025-12-02,2025-12-02,bull_put,2025-12-02 10:21:00,26050,75,26050,25650,33.4,27495.0,0.8215189873417722,0.8542372881355932,26065.35,2025-12-02 15:01:00,TIME,42.15,-656.25,99.48812087749998,-755.7381208775
2025-12-02,2025-12-02,bull_put,2025-12-02 10:30:00,26100,75,26100,25700,49.65,26276.25,0.8126582278481013,0.8542372881355932,26078.8,2025-12-02 15:01:00,TIME,91.44999999999999,-3134.999999999999,102.89060617999998,-3237.890606179999
2025-12-03,2025-12-09,bull_put,2025-12-03 10:22:00,25950,75,25950,25550,102.7,22297.5,0.8645569620253165,0.8847457627118644,25931.4,2025-12-04 15:01:00,TIME,46.05,4248.75,110.67902819750002,4138.0709718025
2025-12-03,2025-12-09,bull_put,2025-12-03 10:29:00,25950,75,25950,25550,101.85000000000001,22361.25,0.9126582278481012,0.9084745762711864,25937.55,2025-12-04 15:01:00,TIME,46.05,4185.000000000001,110.56096563499999,4074.439034365001
2025-12-05,2025-12-09,bear_call,2025-12-05 10:24:00,26100,75,26100,26500,110.7,21697.5,0.0670886075949367,0.1423728813559322,26092.65,2025-12-05 12:38:00,SL,157.25000000000003,-3491.250000000002,113.8478326625,-3605.097832662502
2025-12-05,2025-12-09,bull_put,2025-12-05 12:38:00,26200,75,26200,25800,69.10000000000001,24817.5,0.9227848101265823,0.8983050847457628,26189.3,2025-12-08 09:58:00,SL,119.0,-3742.4999999999995,107.51087970500001,-3850.0108797049998
2025-12-08,2025-12-09,bull_put,2025-12-08 10:24:00,26100,75,26100,25700,54.150000000000006,25938.75,0.9278481012658227,0.9288135593220339,26104.45,2025-12-08 13:21:00,SL,109.14999999999999,-4124.999999999999,104.676195305,-4229.676195304999
2025-12-05,2025-12-09,bull_put,2025-12-05 10:16:00,26100,75,26100,25700,65.7,25072.5,0.9253164556962026,0.8779661016949153,26086.05,2025-12-08 13:22:00,SL,116.5,-3810.0,106.767048695,-3916.767048695
2025-12-08,2025-12-09,bull_put,2025-12-08 13:39:00,25900,75,25900,25500,50.0,26250.0,0.8746835443037975,0.8338983050847457,25917.2,2025-12-09 09:21:00,SL,110.39999999999999,-4529.999999999999,104.26365364999998,-4634.2636536499995
2025-12-08,2025-12-09,bear_call,2025-12-08 13:32:00,25950,75,25950,26350,78.15,24138.75,0.021518987341772152,0.06779661016949153,25938.85,2025-12-09 15:01:00,TIME,0.3,5838.750000000001,103.3353463775,5735.414653622501
2025-12-09,2025-12-09,bull_put,2025-12-09 10:17:00,25800,75,25800,25400,41.95,26853.75,0.9607594936708861,0.9593220338983051,25804.8,2025-12-09 15:01:00,TIME,0.45,3112.5,99.08159727499998,3013.418402725
2025-12-10,2025-12-16,bull_put,2025-12-10 10:16:00,25950,75,25950,25550,97.95,22653.75,0.8721518987341772,0.8542372881355932,25930.15,2025-12-10 11:00:00,SL,144.9,-3521.25,116.9356023875,-3638.1856023875
2025-12-10,2025-12-16,bull_put,2025-12-10 10:27:00,25950,75,25950,25550,91.55,23133.75,0.8253164556962025,0.8067796610169492,25944.15,2025-12-10 11:00:00,SL,144.9,-4001.2500000000005,116.1520534925,-4117.4020534925
2025-12-10,2025-12-16,bull_put,2025-12-10 11:09:00,25850,75,25850,25450,92.6,23055.0,0.9139240506329114,0.8372881355932204,25862.55,2025-12-10 14:30:00,SL,140.4,-3585.000000000001,115.59752645,-3700.5975264500007
2025-12-10,2025-12-16,bull_put,2025-12-10 11:05:00,25850,75,25850,25450,95.0,22875.0,0.9037974683544304,0.823728813559322,25852.95,2025-12-11 09:39:00,SL,142.35,-3551.2499999999995,115.7707540625,-3667.0207540624997
2025-12-11,2025-12-16,bear_call,2025-12-11 10:23:00,25800,75,25800,26200,123.19999999999999,20760.0,0.06962025316455696,0.0576271186440678,25797.15,2025-12-11 12:21:00,SL,165.20000000000002,-3150.0000000000023,119.11299482,-3269.1129948200023
2025-12-11,2025-12-16,bull_put,2025-12-11 10:32:00,25850,75,25850,25450,88.65,23351.25,0.8367088607594937,0.8338983050847457,25825.45,2025-12-12 15:01:00,TIME,15.850000000000001,5460.000000000001,107.0870672,5352.912932800001
2025-12-11,2025-12-16,bull_put,2025-12-11 12:23:00,25900,75,25900,25500,83.8,23715.0,0.8620253164556962,0.8271186440677966,25890.1,2025-12-12 15:01:00,TIME,23.05,4556.25,106.5337186175,4449.7162813825
2025-12-15,2025-12-16,bull_put,2025-12-15 10:31:00,26000,75,26000,25600,77.8,24165.0,0.8974683544303798,0.9525423728813559,25978.9,2025-12-16 14:19:00,SL,133.05,-4143.750000000001,107.7171349925,-4251.467134992501
2025-12-15,2025-12-16,bull_put,2025-12-15 10:19:00,25950,75,25950,25550,58.6,25605.0,0.8531645569620253,0.8101694915254237,25971.15,2025-12-16 15:01:00,TIME,67.0,-629.9999999999999,103.33169412500001,-733.3316941249999
2025-12-17,2025-12-23,bear_call,2025-12-17 10:25:00,25850,75,25850,26250,109.7,21772.5,0.035443037974683546,0.12203389830508475,25826.4,2025-12-18 15:01:00,TIME,81.85,2088.7500000000005,112.0575119375,1976.6924880625004
2025-12-17,2025-12-23,bear_call,2025-12-17 10:30:00,25800,75,25800,26200,129.2,20310.0,0.11772151898734177,0.14576271186440679,25813.65,2025-12-18 15:01:00,TIME,104.85000000000001,1826.2499999999984,115.9457863175,1710.3042136824984
2025-12-19,2025-12-23,bull_put,2025-12-19 10:18:00,25950,75,25950,25550,74.95,24378.75,0.8063291139240506,0.8135593220338984,25946.6,2025-12-22 15:01:00,TIME,5.65,5197.5,103.98292206500001,5093.517077935
2025-12-19,2025-12-23,bull_put,2025-12-19 10:28:00,25950,75,25950,25550,69.75,24768.75,0.9278481012658227,0.9423728813559322,25963.35,2025-12-22 15:01:00,TIME,5.65,4807.5,103.34062424,4704.15937576
2025-12-23,2025-12-23,bear_call,2025-12-23 10:16:00,26200,75,26200,26600,27.5,27937.5,0.1379746835443038,0.17627118644067796,26182.5,2025-12-23 15:01:00,TIME,5.45,1653.75,97.60375222249999,1556.1462477775
2025-12-23,2025-12-23,bear_call,2025-12-23 10:18:00,26200,75,26200,26600,26.65,28001.25,0.07468354430379746,0.19322033898305085,26182.8,2025-12-23 15:01:00,TIME,5.45,1590.0,97.51357568,1492.48642432
2025-12-24,2025-12-30,bear_call,2025-12-24 10:39:00,26200,75,26200,26600,112.4,21570.0,0.1,0.07796610169491526,26221.8,2025-12-26 15:01:00,TIME,19.3,6982.500000000001,108.31348505,6874.186514950001
2025-12-24,2025-12-30,bear_call,2025-12-24 10:45:00,26200,75,26200,26600,111.65,21626.25,0.11012658227848102,0.13220338983050847,26218.3,2025-12-26 15:01:00,TIME,19.3,6926.250000000001,108.19905998750001,6818.050940012501
2025-12-29,2025-12-30,bear_call,2025-12-29 10:17:00,26050,75,26050,26450,43.0,26775.0,0.12531645569620253,0.1288135593220339,26029.3,2025-12-30 15:01:00,TIME,0.24999999999999994,3206.25,99.2490673625,3107.0009326375002
2025-12-29,2025-12-30,bear_call,2025-12-29 10:20:00,26000,75,26000,26400,69.0,24825.0,0.10759493670886076,0.10847457627118644,26024.4,2025-12-30 15:01:00,TIME,0.4,5145.0,102.01240967000001,5042.98759033
2025-12-31,2026-01-06,bull_put,2025-12-31 10:16:00,26000,65,26000,25600,69.85,21459.75,0.8835443037974684,0.8338983050847457,26004.05,2026-01-01 15:01:00,TIME,22.1,3103.7499999999995,102.85660638550002,3000.8933936144995
2025-12-31,2026-01-06,bull_put,2025-12-31 10:32:00,26050,65,26050,25650,76.6,21021.0,0.9556962025316456,0.9084745762711864,26027.15,2026-01-01 15:01:00,TIME,31.549999999999997,2928.25,103.8832115495,2824.3667884505
2026-01-02,2026-01-06,bear_call,2026-01-02 10:22:00,26250,65,26250,26650,85.85000000000001,20419.75,0.12151898734177215,0.1694915254237288,26252.3,2026-01-05 10:19:00,SL,135.8,-3246.75,106.9000976945,-3353.6500976945
2026-01-02,2026-01-06,bear_call,2026-01-02 10:33:00,26250,65,26250,26650,81.80000000000001,20683.0,0.14050632911392405,0.11186440677966102,26239.25,2026-01-05 10:19:00,SL,135.8,-3510.0,106.467301909,-3616.467301909
2026-01-05,2026-01-06,bull_put,2026-01-05 10:19:00,26350,65,26350,25950,46.45,22980.75,0.9632911392405064,0.911864406779661,26358.15,2026-01-05 13:50:00,SL,102.2,-3623.75,102.5845445305,-3726.3345445305
2026-01-05,2026-01-06,bull_put,2026-01-05 10:22:00,26350,65,26350,25950,46.050000000000004,23006.75,0.9443037974683545,0.8576271186440678,26361.85,2026-01-05 13:50:00,SL,102.2,-3649.75,102.57193453049999,-3752.3219345305
2026-01-05,2026-01-06,bear_call,2026-01-05 13:50:00,26250,65,26250,26650,57.400000000000006,22269.0,0.010126582278481013,0.061016949152542375,26269.95,2026-01-06 15:01:00,TIME,0.3,3711.5000000000005,99.873595868,3611.6264041320005
2026-01-05,2026-01-06,bear_call,2026-01-05 14:01:00,26250,65,26250,26650,45.6,23036.0,0.10886075949367088,0.14576271186440679,26251.3,2026-01-06 15:01:00,TIME,0.3,2944.5000000000005,98.78864829000001,2845.7113517100006
2026-01-07,2026-01-13,bull_put,2026-01-07 10:16:00,26200,65,26200,25800,86.3,20390.5,0.9759493670886076,1.0,26183.8,2026-01-08 09:27:00,SL,137.70000000000002,-3341.0000000000014,109.231902033,-3450.2319020330015
2026-01-07,2026-01-13,bear_call,2026-01-07 10:21:00,26150,65,26150,26550,119.74999999999999,18216.25,0.12025316455696203,0.15593220338983052,26168.95,2026-01-08 15:01:00,TIME,23.65,6246.5,108.045295547,6138.454704453
2026-01-09,2026-01-13,bull_put,2026-01-09 10:23:00,25900,65,25900,25500,76.25,21043.75,0.8848101265822785,0.9186440677966101,25875.2,2026-01-09 11:36:00,SL,126.40000000000002,-3259.7500000000014,108.2713620825,-3368.0213620825016
2026-01-09,2026-01-13,bull_put,2026-01-09 12:04:00,25750,65,25750,25350,61.21,22021.350000000002,0.8860759493670886,0.864406779661017,25752.05,2026-01-09 14:42:00,SL,122.61000000000001,-3991.000000000001,106.72220816580001,-4097.722208165801
2026-01-08,2026-01-13,bear_call,2026-01-08 10:20:00,26050,65,26050,26450,90.8,20098.0,0.03164556962025317,0.010169491525423728,26037.15,2026-01-09 15:01:00,TIME,8.15,5372.249999999999,104.27705334849999,5267.972946651499
2026-01-12,2026-01-13,bull_put,2026-01-12 10:19:00,25600,65,25600,25200,72.10000000000001,21313.5,0.8443037974683544,0.8949152542372881,25576.15,2026-01-12 11:34:00,SL,126.44000000000001,-3532.1000000000004,107.14174292039999,-3639.2417429204
2026-01-12,2026-01-13,bear_call,2026-01-12 10:17:00,25550,65,25550,25950,88.5,20247.5,0.08987341772151898,0.06440677966101695,25550.4,2026-01-12 12:22:00,SL,160.55,-4683.250000000001,109.4660595345,-4792.716059534501
2026-01-12,2026-01-13,bull_put,2026-01-12 11:48:00,25500,65,25500,25100,63.2,21892.0,0.9227848101265823,0.8745762711864407,25497.95,2026-01-13 15:01:00,TIME,0.2,4095.0,101.008182815,3993.991817185
2026-01-12,2026-01-13,bull_put,2026-01-12 12:28:00,25700,65,25700,25300,79.6,20826.0,0.9721518987341772,0.8542372881355932,25675.3,2026-01-13 15:01:00,TIME,0.65,5131.749999999999,102.8613870835,5028.888612916499
2026-01-14,2026-01-20,bear_call,2026-01-14 10:19:00,25700,65,25700,26100,111.89999999999999,18726.5,0.09240506329113925,0.15254237288135594,25678.3,2026-01-14 11:31:00,SL,155.25,-2817.7500000000005,115.55483815250001,-2933.3048381525005
2026-01-14,2026-01-20,bull_put,2026-01-14 11:50:00,25800,65,25800,25400,96.30000000000001,19740.5,0.8886075949367088,0.8677966101694915,25784.75,2026-01-14 13:38:00,SL,143.65,-3077.7499999999995,114.48619067649997,-3192.2361906764995
2026-01-14,2026-01-20,bear_call,2026-01-14 13:38:00,25700,65,25700,26100,102.60000000000001,19331.0,0.1189873417721519,0.013559322033898305,25684.75,2026-01-16 10:09:00,SL,147.05,-2889.25,111.96748170450002,-3001.2174817045
2026-01-16,2026-01-20,bull_put,2026-01-16 10:29:00,25850,65,25850,25450,74.05,21186.75,0.8734177215189873,0.8406779661016949,25860.9,2026-01-16 12:29:00,SL,126.35000000000001,-3399.500000000001,108.68392002699998,-3508.183920027001
2026-01-14,2026-01-20,bull_put,2026-01-14 10:42:00,25700,65,25700,25300,88.95,20218.25,0.9544303797468354,0.9491525423728814,25708.55,2026-01-16 15:01:00,TIME,80.2,568.75,108.91979038249998,459.83020961750003
2026-01-16,2026-01-20,bear_call,2026-01-16 12:52:00,25750,65,25750,26150,103.3,19285.5,0.12784810126582277,0.0711864406779661,25740.45,2026-01-19 15:01:00,TIME,21.0,5349.5,105.93662458,5243.56337542
2026-01-19,2026-01-20,bull_put,2026-01-19 10:21:00,25550,65,25550,25150,77.50000000000001,20962.5,0.8367088607594937,0.8847457627118644,25544.95,2026-01-20 09:55:00,SL,129.74,-3395.5999999999995,106.28352385740001,-3501.8835238573993
2026-01-20,2026-01-20,bull_put,2026-01-20 10:19:00,25500,65,25500,25100,57.25,22278.75,0.8987341772151899,0.9694915254237289,25487.55,2026-01-20 13:37:00,SL,119.3,-4033.25,103.3768202745,-4136.6268202745
2026-01-20,2026-01-20,bear_call,2026-01-20 10:16:00,25450,65,25450,25850,63.09,21899.149999999998,0.14177215189873418,0.12203389830508475,25468.6,2026-01-20 15:01:00,TIME,0.25000000000000006,4084.6000000000004,100.54636580740001,3984.0536341926004
2026-01-20,2026-01-20,bear_call,2026-01-20 14:04:00,25350,65,25350,25750,32.800000000000004,23868.0,0.11392405063291139,0.04406779661016949,25353.4,2026-01-20 15:01:00,TIME,0.35000000000000003,2109.25,97.6675784765,2011.5824215235
2026-01-21,2026-01-27,bear_call,2026-01-21 10:43:00,25050,65,25050,25450,134.25,17273.75,0.01139240506329114,0.1423728813559322,25034.25,2026-01-21 12:04:00,SL,175.15,-2658.5000000000005,123.08484563099998,-2781.5848456310005
2026-01-21,2026-01-27,bear_call,2026-01-21 10:23:00,25100,65,25100,25500,152.75,16071.25,0.0379746835443038,0.1694915254237288,25124.35,2026-01-21 12:38:00,SL,195.0,-2746.25,126.6463225825,-2872.8963225825
2026-01-21,2026-01-27,bull_put,2026-01-21 12:46:00,25250,65,25250,24850,93.80000000000001,19903.0,0.9632911392405064,0.9186440677966101,25260.15,2026-01-21 14:27:00,SL,141.5,-3100.499999999999,120.695366071,-3221.195366070999
2026-01-22,2026-01-27,bull_put,2026-01-22 10:16:00,25400,65,25400,25000,91.5,20052.5,0.859493670886076,0.8440677966101695,25384.2,2026-01-22 10:31:00,SL,140.95,-3214.249999999999,116.28695721550001,-3330.536957215499
2026-01-22,2026-01-27,bull_put,2026-01-22 10:35:00,25300,65,25300,24900,90.0,20150.0,0.8734177215189873,0.9457627118644067,25310.85,2026-01-22 11:13:00,SL,137.40000000000003,-3081.0000000000023,115.913540568,-3196.913540568002
2026-01-21,2026-01-27,bull_put,2026-01-21 12:13:00,25100,65,25100,24700,87.79999999999998,20293.000000000004,0.9367088607594937,0.8508474576271187,25124.85,2026-01-22 15:01:00,TIME,40.85,3051.7499999999986,109.8521566875,2941.8978433124985
2026-01-22,2026-01-27,bull_put,2026-01-22 11:22:00,25250,65,25250,24850,101.6,19396.0,0.8493670886075949,0.8677966101694915,25239.4,2026-01-23 13:31:00,SL,156.35,-3558.75,115.98090938249999,-3674.7309093825
2026-01-23,2026-01-27,bear_call,2026-01-23 10:19:00,25250,65,25250,25650,115.59999999999998,18486.000000000004,0.07215189873417721,0.0576271186440678,25254.25,2026-01-27 15:01:00,TIME,0.55,7478.249999999999,106.59144514249999,7371.658554857499
2026-01-23,2026-01-27,bear_call,2026-01-23 13:31:00,25100,65,25100,25500,105.55000000000001,19139.25,0.0189873417721519,0.003389830508474576,25095.3,2026-01-27 15:01:00,TIME,34.3,4631.250000000001,107.0474093265,4524.202590673501
2026-01-28,2026-02-03,bear_call,2026-01-28 10:30:00,25250,65,25250,25650,155.64999999999998,15882.750000000002,0.10379746835443038,0.15254237288135594,25246.5,2026-01-29 13:34:00,SL,195.14999999999998,-2567.5,135.81107776,-2703.31107776
2026-01-28,2026-02-03,bull_put,2026-01-28 10:24:00,25300,65,25300,24900,132.10000000000002,17413.5,0.9367088607594937,0.9288135593220339,25276.1,2026-01-29 15:01:00,TIME,81.8,3269.500000000002,125.325518676,3144.174481324002
2026-01-29,2026-02-03,bull_put,2026-01-29 13:34:00,25400,65,25400,25000,118.29999999999998,18310.500000000004,0.979746835443038,0.9864406779661017,25375.0,2026-01-30 09:16:00,SL,163.85,-2960.750000000001,128.6509379615,-3089.400937961501
2026-01-30,2026-02-03,bear_call,2026-01-30 10:21:00,25300,65,25300,25700,135.45,17195.75,0.08860759493670886,0.04745762711864407,25291.25,2026-02-01 11:11:00,SL,175.05,-2574.0000000000014,131.191859416,-2705.1918594160015
2026-01-30,2026-02-03,bull_put,2026-01-30 10:33:00,25300,65,25300,24900,129.1,17608.5,0.920253164556962,0.8271186440677966,25297.55,2026-02-01 12:20:00,SL,198.85000000000002,-4533.750000000002,132.9270367755,-4666.677036775502
2026-02-01,2026-02-03,bear_call,2026-02-01 12:28:00,25000,65,25000,25400,126.39999999999998,17784.0,0.016455696202531647,0.06440677966101695,24986.4,2026-02-01 13:04:00,SL,168.35000000000002,-2726.7500000000027,126.4322271555,-2853.182227155503
2026-02-01,2026-02-03,bull_put,2026-02-01 13:04:00,25100,65,25100,24700,121.74999999999997,18086.25,0.9696202531645569,0.8915254237288136,25119.15,2026-02-01 14:50:00,SL,169.95,-3133.000000000001,127.71849978600001,-3260.718499786001
2026-02-02,2026-02-03,bull_put,2026-02-02 10:28:00,24850,65,24850,24450,102.45,19340.75,0.9544303797468354,0.9389830508474576,24848.25,2026-02-02 11:02:00,SL,154.75,-3399.5,117.384358267,-3516.884358267
2026-02-02,2026-02-03,bear_call,2026-02-02 11:02:00,24750,65,24750,25150,104.25,19223.75,0.07974683544303797,0.14915254237288136,24743.0,2026-02-02 11:40:00,SL,155.15,-3308.5000000000005,113.416624523,-3421.9166245230003
2026-02-01,2026-02-03,bear_call,2026-02-01 11:16:00,25400,65,25400,25800,137.39999999999998,17069.0,0.013924050632911392,0.061016949152542375,25393.3,2026-02-02 15:01:00,TIME,9.0,8345.999999999998,115.77618282799999,8230.223817171998
2026-02-02,2026-02-03,bull_put,2026-02-02 11:40:00,24850,65,24850,24450,98.8,19578.0,0.8240506329113924,0.8338983050847457,24845.95,2026-02-03 15:01:00,TIME,0.04999999999999999,6418.75,105.93258033849999,6312.8174196615
2026-02-03,2026-02-03,bear_call,2026-02-03 12:26:00,25800,65,25800,26200,65.39999999999999,21749.0,0.19367088607594937,0.13220338983050847,25804.0,2026-02-03 15:01:00,TIME,3.25,4039.7499999999995,100.99649149249998,3938.7535085074996
2026-02-04,2026-02-10,bear_call,2026-02-04 10:20:00,25750,65,25750,26150,137.05,17091.75,0.1189873417721519,0.10847457627118644,25757.35,2026-02-05 15:01:00,TIME,81.39999999999999,3617.2500000000014,117.0203130985,3500.2296869015013
2026-02-04,2026-02-10,bear_call,2026-02-04 10:22:00,25750,65,25750,26150,136.7,17114.5,0.13670886075949368,0.14576271186440679,25756.8,2026-02-05 15:01:00,TIME,81.39999999999999,3594.5,116.921670769,3477.5783292309998
2026-02-06,2026-02-10,bear_call,2026-02-06 10:29:00,25500,65,25500,25900,109.64999999999998,18872.75,0.02911392405063291,0.05423728813559322,25524.7,2026-02-06 11:37:00,SL,154.65,-2925.000000000002,114.91372972999999,-3039.9137297300017
2026-02-06,2026-02-10,bear_call,2026-02-06 11:46:00,25600,65,25600,26000,104.6,19201.0,0.11139240506329114,0.09491525423728814,25614.5,2026-02-09 09:16:00,SL,228.5,-8053.5,117.223732204,-8170.723732204
2026-02-06,2026-02-10,bull_put,2026-02-06 10:19:00,25550,65,25550,25150,90.30000000000001,20130.5,0.9924050632911392,0.9932203389830508,25551.7,2026-02-09 15:01:00,TIME,6.6000000000000005,5440.500000000001,105.63032526200001,5334.869674738001
2026-02-09,2026-02-10,bull_put,2026-02-09 10:39:00,25850,65,25850,25450,63.25,21888.75,0.8721518987341772,0.9389830508474576,25842.5,2026-02-10 15:01:00,TIME,0.5,4078.75,101.35979883949997,3977.3902011605
2026-02-10,2026-02-10,bull_put,2026-02-10 10:17:00,25950,65,25950,25550,34.4,23764.0,0.8924050632911392,0.9627118644067797,25963.65,2026-02-10 15:01:00,TIME,14.150000000000002,1316.2499999999998,98.4007381115,1217.8492618884998
2026-02-11,2026-02-17,bull_put,2026-02-11 10:39:00,26000,65,26000,25600,93.2,19942.0,0.8177215189873418,0.8101694915254237,25976.3,2026-02-12 09:17:00,SL,139.55,-3012.7500000000005,113.50870651950001,-3126.2587065195003
2026-02-11,2026-02-17,bull_put,2026-02-11 10:19:00,25950,65,25950,25550,85.55,20439.25,0.9987341772151899,0.9050847457627119,25948.5,2026-02-12 09:31:00,SL,135.15,-3224.0000000000005,112.792990213,-3336.7929902130004
2026-02-12,2026-02-17,bear_call,2026-02-12 10:26:00,25850,65,25850,26250,117.39999999999999,18369.0,0.0620253164556962,0.03728813559322034,25861.85,2026-02-13 15:01:00,TIME,13.750000000000002,6737.249999999999,108.58842883249999,6628.6615711674995
2026-02-12,2026-02-17,bear_call,2026-02-12 10:38:00,25850,65,25850,26250,111.0,18785.0,0.19746835443037974,0.05084745762711865,25856.7,2026-02-13 15:01:00,TIME,13.750000000000002,6321.25,107.8791432685,6213.3708567315
2026-02-16,2026-02-17,bear_call,2026-02-16 10:25:00,25550,65,25550,25950,74.5,21157.5,0.05189873417721519,0.13559322033898305,25526.8,2026-02-16 14:33:00,SL,124.9,-3276.0000000000005,107.444793762,-3383.4447937620002
2026-02-16,2026-02-17,bull_put,2026-02-16 10:34:00,25550,65,25550,25150,73.0,21255.0,0.9227848101265823,0.8847457627118644,25538.25,2026-02-17 15:01:00,TIME,0.4,4719.0,102.501091102,4616.498908898
2026-02-17,2026-02-17,bull_put,2026-02-17 10:20:00,25700,65,25700,25300,52.800000000000004,22568.0,0.8037974683544303,0.8745762711864407,25690.7,2026-02-17 15:01:00,TIME,1.4500000000000002,3337.75,99.59867656749998,3238.1513234325002
2026-02-18,2026-02-24,bear_call,2026-02-18 10:18:00,25650,65,25650,26050,123.74999999999999,17956.25,0.053164556962025315,0.07457627118644068,25650.5,2026-02-18 13:24:00,SL,167.9,-2869.7500000000014,117.89807078449999,-2987.648070784501
2026-02-18,2026-02-24,bear_call,2026-02-18 13:26:00,25750,65,25750,26150,110.6,18811.0,0.17848101265822786,0.013559322033898305,25736.05,2026-02-18 15:01:00,SL,157.70000000000002,-3061.5000000000014,115.02878636,-3176.5287863600015
2026-02-18,2026-02-24,bull_put,2026-02-18 10:34:00,25650,65,25650,25250,91.5,20052.5,0.8987341772151899,0.8610169491525423,25673.85,2026-02-19 14:00:00,SL,137.65,-2999.7500000000005,115.61157545649999,-3115.3615754565003
2026-02-19,2026-02-24,bear_call,2026-02-19 14:06:00,25550,65,25550,25950,116.29999999999998,18440.500000000004,0.1620253164556962,0.17627118644067796,25548.5,2026-02-20 12:19:00,SL,164.95000000000002,-3162.2500000000023,117.29701848849999,-3279.547018488502
2026-02-20,2026-02-24,bull_put,2026-02-20 12:27:00,25650,65,25650,25250,79.70000000000002,20819.499999999996,0.8835443037974684,0.847457627118644,25662.5,2026-02-20 13:11:00,SL,131.3,-3353.9999999999995,115.23131620699999,-3469.2313162069995
2026-02-20,2026-02-24,bear_call,2026-02-20 13:22:00,25550,65,25550,25950,113.6,18616.0,0.17088607594936708,0.19661016949152543,25533.55,2026-02-20 14:45:00,SL,156.8,-2808.000000000001,115.520294091,-2923.520294091001
2026-02-19,2026-02-24,bear_call,2026-02-19 10:28:00,25750,65,25750,26150,108.15,18970.25,0.15316455696202533,0.0711864406779661,25738.6,2026-02-20 15:01:00,TIME,64.75,2821.0000000000005,109.700970126,2711.2990298740006
2026-02-23,2026-02-24,bull_put,2026-02-23 10:19:00,25750,65,25750,25350,83.35000000000001,20582.25,0.8911392405063291,0.8305084745762712,25729.7,2026-02-23 10:46:00,SL,132.85,-3217.499999999999,111.527328803,-3329.027328802999
2026-02-23,2026-02-24,bull_put,2026-02-23 10:52:00,25650,65,25650,25250,72.8,21268.0,0.9240506329113924,0.8576271186440678,25672.6,2026-02-24 09:23:00,SL,122.05,-3201.25,107.1819699475,-3308.4319699475
2026-02-23,2026-02-24,bear_call,2026-02-23 10:28:00,25700,65,25700,26100,99.00000000000001,19565.0,0.14050632911392405,0.10847457627118644,25709.35,2026-02-24 15:01:00,TIME,0.19999999999999996,6422.000000000001,104.414600882,6317.585399118001
2026-02-24,2026-02-24,bear_call,2026-02-24 10:18:00,25500,65,25500,25900,44.4,23114.0,0.14936708860759493,0.10508474576271186,25478.0,2026-02-24 15:01:00,TIME,0.7000000000000001,2840.4999999999995,98.80466997100001,2741.6953300289997
2026-02-25,2026-03-02,bull_put,2026-02-25 10:17:00,25650,65,25650,25250,89.35,20192.25,0.9481012658227848,0.9016949152542373,25644.7,2026-02-25 12:35:00,SL,139.90000000000003,-3285.7500000000027,116.9410644095,-3402.691064409503
2026-02-25,2026-03-02,bear_call,2026-02-25 10:39:00,25650,65,25650,26050,125.44999999999999,17845.75,0.18354430379746836,0.1423728813559322,25626.95,2026-02-26 15:01:00,TIME,55.099999999999994,4572.75,111.32696214949999,4461.4230378505
2026-02-25,2026-03-02,bear_call,2026-02-25 12:44:00,25500,65,25500,25900,135.54999999999998,17189.250000000004,0.1189873417721519,0.11186440677966102,25514.4,2026-02-26 15:01:00,TIME,113.45000000000002,1436.4999999999977,115.63940389999999,1320.8605960999978
2026-02-27,2026-03-02,bear_call,2026-02-27 10:17:00,25300,65,25300,25700,105.9,19116.5,0.09240506329113925,0.06440677966101695,25309.55,2026-03-02 15:01:00,TIME,0.25,6867.25,105.92050794049999,6761.3294920595
2026-02-27,2026-03-02,bear_call,2026-02-27 10:20:00,25300,65,25300,25700,104.05000000000001,19236.75,0.11265822784810127,0.15254237288135594,25302.8,2026-03-02 15:01:00,TIME,0.25,6747.000000000001,105.720200372,6641.279799628001
2026-03-04,2026-03-10,bear_call,2026-03-04 10:20:00,24400,65,24400,24800,187.64999999999998,13802.750000000002,0.09240506329113925,0.1864406779661017,24387.0,2026-03-04 14:14:00,SL,224.25,-2379.0000000000014,156.89834948499998,-2535.8983494850013
2026-03-05,2026-03-10,bear_call,2026-03-05 10:23:00,24600,65,24600,25000,157.85,15739.75,0.17341772151898735,0.10508474576271186,24582.7,2026-03-05 14:41:00,SL,220.5,-4072.2500000000005,134.6130212575,-4206.863021257501
2026-03-04,2026-03-10,bull_put,2026-03-04 10:25:00,24400,65,24400,24000,122.64999999999998,18027.75,0.8139240506329114,0.8067796610169492,24399.35,2026-03-05 15:01:00,TIME,42.75,5193.499999999998,133.919877904,5059.580122095998
2026-03-06,2026-03-10,bear_call,2026-03-06 10:31:00,24650,65,24650,25050,150.3,16230.5,0.03417721518987342,0.03728813559322034,24634.8,2026-03-09 15:01:00,TIME,14.049999999999999,8856.25,115.8272900205,8740.4227099795
2026-03-06,2026-03-10,bear_call,2026-03-06 10:34:00,24650,65,24650,25050,148.09999999999997,16373.500000000002,0.10886075949367088,0.15932203389830507,24625.7,2026-03-09 15:01:00,TIME,14.049999999999999,8713.249999999996,115.5162561805,8597.733743819497
2026-03-10,2026-03-10,bear_call,2026-03-10 10:23:00,24150,65,24150,24550,86.85,20354.75,0.020253164556962026,0.05423728813559322,24164.0,2026-03-10 14:09:00,SL,139.5,-3422.2500000000005,107.09291086049998,-3529.3429108605005
2026-03-10,2026-03-10,bull_put,2026-03-10 10:16:00,24200,65,24200,23800,77.05000000000001,20991.75,0.9746835443037974,0.9898305084745763,24187.75,2026-03-10 15:01:00,TIME,3.4999999999999996,4780.750000000001,102.42530535949999,4678.324694640501
2026-03-11,2026-03-17,bear_call,2026-03-11 10:36:00,24100,65,24100,24500,175.60000000000002,14585.999999999998,0.04177215189873418,0.030508474576271188,24097.4,2026-03-12 15:01:00,TIME,53.3,7949.500000000002,128.87621652800001,7820.623783472001
2026-03-11,2026-03-17,bear_call,2026-03-11 10:47:00,24050,65,24050,24450,180.5,14267.5,0.020253164556962026,0.14915254237288136,24054.45,2026-03-12 15:01:00,TIME,61.60000000000001,7728.499999999999,131.252281609,7597.247718390999
2026-03-13,2026-03-17,bull_put,2026-03-13 10:29:00,23350,65,23350,22950,132.0,17420.0,0.9405063291139241,0.9355932203389831,23346.5,2026-03-13 13:09:00,SL,171.70000000000005,-2580.5000000000027,142.565738309,-2723.065738309003
2026-03-13,2026-03-17,bear_call,2026-03-13 13:09:00,23200,65,23200,23600,160.3,15580.5,0.14050632911392405,0.0711864406779661,23200.6,2026-03-16 14:37:00,SL,197.1,-2391.999999999999,134.573003611,-2526.573003610999
2026-03-13,2026-03-17,bear_call,2026-03-13 10:35:00,23350,65,23350,23750,154.55,15954.25,0.11645569620253164,0.18983050847457628,23326.75,2026-03-16 15:01:00,TIME,150.0,295.75000000000074,127.86188782949999,167.88811217050073
2026-03-17,2026-03-17,bull_put,2026-03-17 10:23:00,23550,65,23550,23150,61.0,22035.0,0.879746835443038,0.8440677966101695,23572.65,2026-03-17 10:34:00,SL,113.85,-3435.2499999999995,104.61543972150001,-3539.8654397214996
2026-03-17,2026-03-17,bear_call,2026-03-17 10:37:00,23450,65,23450,23850,62.7,21924.5,0.0189873417721519,0.10508474576271186,23448.8,2026-03-17 13:16:00,SL,119.14999999999999,-3669.249999999999,103.98838218649999,-3773.238382186499
2026-03-17,2026-03-17,bear_call,2026-03-17 10:28:00,23550,65,23550,23950,55.150000000000006,22415.25,0.0620253164556962,0.1152542372881356,23533.2,2026-03-17 15:01:00,TIME,79.1,-1556.7499999999993,101.96174933150002,-1658.7117493314993
2026-03-17,2026-03-17,bull_put,2026-03-17 13:16:00,23550,65,23550,23150,51.150000000000006,22675.25,0.8721518987341772,0.8677966101694915,23551.2,2026-03-17 15:01:00,TIME,0.6500000000000001,3282.5000000000005,99.34530640499999,3183.1546935950005
2026-03-18,2026-03-24,bull_put,2026-03-18 10:16:00,23650,65,23650,23250,116.69999999999997,18414.5,0.8683544303797468,0.8169491525423729,23673.75,2026-03-19 09:16:00,SL,209.00000000000003,-5999.500000000004,147.511397612,-6147.011397612004
2026-03-18,2026-03-24,bull_put,2026-03-18 10:49:00,23750,65,23750,23350,115.05,18521.75,0.8734177215189873,0.9220338983050848,23759.85,2026-03-19 09:16:00,SL,244.65000000000003,-8424.000000000002,152.83063393699996,-8576.830633937001
2026-03-19,2026-03-24,bull_put,2026-03-19 10:25:00,23250,65,23250,22850,128.64999999999998,17637.75,0.9784810126582278,0.888135593220339,23260.0,2026-03-19 14:11:00,SL,171.40000000000003,-2778.7500000000036,146.0071610795,-2924.7571610795035
2026-03-19,2026-03-24,bull_put,2026-03-19 10:23:00,23250,65,23250,22850,133.7,17309.5,0.8822784810126583,0.8033898305084746,23246.8,2026-03-19 14:43:00,SL,174.85000000000002,-2674.7500000000023,146.6920080345,-2821.442008034502
2026-03-19,2026-03-24,bull_put,2026-03-19 14:16:00,23150,65,23150,22750,140.0,16900.0,0.9253164556962026,0.9864864864864865,23127.7,2026-03-19 14:56:00,SL,180.0,-2600.0,149.540799285,-2749.540799285
2026-03-20,2026-03-24,bull_put,2026-03-20 10:24:00,23250,65,23250,22850,133.5,17322.5,0.8924050632911392,0.9084745762711864,23231.25,2026-03-20 14:51:00,SL,179.85000000000002,-3012.7500000000014,147.5129193075,-3160.2629193075013
2026-03-20,2026-03-24,bear_call,2026-03-20 10:18:00,23200,65,23200,23600,169.14999999999998,15005.250000000002,0.11392405063291139,0.08135593220338982,23224.95,2026-03-23 15:01:00,TIME,15.5,9987.249999999998,122.9676153815,9864.282384618498
2026-03-24,2026-03-24,bull_put,2026-03-24 10:17:00,22750,65,22750,22350,97.35000000000001,19672.25,0.9569620253164557,0.8203389830508474,22728.2,2026-03-24 10:37:00,SL,149.25000000000003,-3373.5000000000014,109.904924227,-3483.404924227001
2026-03-23,2026-03-24,bull_put,2026-03-23 10:37:00,22600,65,22600,22200,141.05,16831.75,0.9189873417721519,0.8542372881355932,22575.75,2026-03-24 15:01:00,TIME,0.3,9148.75,119.5097475265,9029.2402524735
2026-03-24,2026-03-24,bull_put,2026-03-24 10:49:00,22700,65,22700,22300,72.0,21320.0,0.9822784810126582,0.9525423728813559,22721.25,2026-03-24 15:01:00,TIME,0.35,4657.25,101.5678676875,4555.6821323125
2026-03-25,2026-03-30,bear_call,2026-03-25 10:24:00,23300,65,23300,23700,168.85,15024.75,0.19240506329113924,0.17288135593220338,23288.1,2026-03-25 11:08:00,SL,205.50000000000003,-2382.2500000000023,149.38358229649998,-2531.633582296502
2026-03-25,2026-03-30,bull_put,2026-03-25 10:43:00,23350,65,23350,22950,136.29999999999995,17140.500000000004,0.9025316455696203,0.8169491525423729,23342.9,2026-03-27 09:16:00,SL,193.00000000000003,-3685.500000000005,155.062344756,-3840.562344756005
2026-03-25,2026-03-30,bull_put,2026-03-25 11:08:00,23400,65,23400,23000,129.64999999999998,17572.75,0.8835443037974684,0.9389830508474576,23418.65,2026-03-27 09:16:00,SL,206.55,-4998.500000000002,156.84837012700004,-5155.3483701270015
2026-03-27,2026-03-30,bull_put,2026-03-27 10:32:00,23050,65,23050,22650,135.59999999999997,17186.000000000004,0.9316455696202531,0.9220338983050848,23034.05,2026-03-27 13:40:00,SL,175.45000000000005,-2590.250000000005,140.1109903185,-2730.360990318505
2026-03-27,2026-03-30,bull_put,2026-03-27 10:24:00,23000,65,23000,22600,133.7,17309.5,0.810126582278481,0.8711864406779661,22996.0,2026-03-27 14:35:00,SL,175.7,-2730.0,139.278902237,-2869.278902237
2026-03-27,2026-03-30,bull_put,2026-03-27 13:43:00,22950,65,22950,22550,138.64999999999998,16987.75,0.889873417721519,0.8677966101694915,22941.35,2026-03-30 09:15:00,SL,247.0,-7042.750000000002,138.3563398755,-7181.106339875501
2026-03-30,2026-03-30,bull_put,2026-03-30 10:39:00,22550,65,22550,22150,91.80000000000001,20033.0,0.9139240506329114,0.8406779661016949,22546.3,2026-03-30 13:55:00,SL,138.35000000000002,-3025.750000000001,107.72627724350002,-3133.476277243501
2026-03-30,2026-03-30,bear_call,2026-03-30 10:44:00,22500,65,22500,22900,87.55000000000001,20309.25,0.04810126582278481,0.09491525423728814,22513.85,2026-03-30 15:01:00,TIME,0.5,5658.250000000001,103.3040406845,5554.945959315501
2026-03-30,2026-03-30,bull_put,2026-03-30 14:02:00,22450,65,22450,22050,48.1,22873.5,0.9063291139240506,0.8779661016949153,22447.8,2026-03-30 15:01:00,SL,128.55,-5229.250000000001,102.68800479650001,-5331.9380047965005
2026-04-01,2026-04-07,bull_put,2026-04-01 10:33:00,22800,65,22800,22400,135.84999999999997,17169.750000000004,0.9,0.8508474576271187,22815.0,2026-04-01 14:49:00,SL,176.35000000000002,-2632.5000000000036,155.82681253799998,-2788.3268125380037
2026-04-01,2026-04-07,bear_call,2026-04-01 10:25:00,22850,65,22850,23250,169.75,14966.25,0.030379746835443037,0.18983050847457628,22828.35,2026-04-02 15:01:00,TIME,125.75000000000001,2859.999999999999,139.04761236,2720.952387639999
2026-04-02,2026-04-07,bull_put,2026-04-02 10:29:00,22200,65,22200,21800,140.09999999999997,16893.500000000004,0.859493670886076,0.8169491525423729,22216.75,2026-04-06 15:01:00,TIME,14.250000000000002,8180.249999999998,126.91875521050001,8053.331244789498
2026-04-07,2026-04-07,bull_put,2026-04-07 10:18:00,22950,65,22950,22550,87.7,20299.5,0.9037974683544304,0.8610169491525423,22949.35,2026-04-07 10:59:00,SL,141.8,-3516.5000000000005,108.536545462,-3625.0365454620005
2026-04-06,2026-04-07,bull_put,2026-04-06 10:16:00,22650,65,22650,22250,129.59999999999997,17576.000000000004,0.9721518987341772,0.8949152542372881,22654.6,2026-04-07 15:01:00,TIME,0.14999999999999997,8414.249999999998,114.91809335550002,8299.331906644498
2026-04-07,2026-04-07,bull_put,2026-04-07 11:19:00,22900,65,22900,22500,85.35,20452.25,0.8582278481012658,0.8779661016949153,22887.15,2026-04-07 15:01:00,TIME,0.24999999999999994,5531.5,102.80452403700001,5428.695475963
2026-04-08,2026-04-13,bull_put,2026-04-08 10:45:00,23950,65,23950,23550,132.39999999999998,17394.0,0.8354430379746836,0.8203389830508474,23950.95,2026-04-09 09:56:00,SL,173.34999999999997,-2661.749999999999,135.9738145095,-2797.723814509499
2026-04-08,2026-04-13,bull_put,2026-04-08 10:21:00,23900,65,23900,23500,132.64999999999998,17377.75,0.8316455696202532,0.8338983050847457,23902.0,2026-04-09 14:24:00,SL,172.75,-2606.5000000000014,136.583660961,-2743.0836609610014
2026-04-09,2026-04-13,bear_call,2026-04-09 10:17:00,23850,65,23850,24250,144.0,16640.0,0.1468354430379747,0.19661016949152543,23828.45,2026-04-10 09:55:00,SL,183.45000000000002,-2564.250000000001,127.34483165350001,-2691.594831653501
2026-04-10,2026-04-13,bull_put,2026-04-10 10:20:00,24000,65,24000,23600,108.25,18963.75,0.8379746835443038,0.8067796610169492,24014.15,2026-04-13 09:16:00,SL,281.95,-11290.5,126.23932039600001,-11416.739320396
2026-04-13,2026-04-13,bear_call,2026-04-13 10:16:00,23650,65,23650,24050,59.75,22116.25,0.0670886075949367,0.1152542372881356,23646.15,2026-04-13 10:28:00,SL,111.75,-3380.0,103.763129191,-3483.763129191
2026-04-13,2026-04-13,bear_call,2026-04-13 10:43:00,23700,65,23700,24100,64.95,21778.25,0.12658227848101267,0.17627118644067796,23700.85,2026-04-13 11:51:00,SL,123.89999999999999,-3831.749999999999,104.5560605835,-3936.306060583499
2026-04-10,2026-04-13,bear_call,2026-04-10 10:46:00,24000,65,24000,24400,125.45,17845.75,0.1569620253164557,0.07457627118644068,23998.45,2026-04-13 15:01:00,TIME,0.25,8138.0,109.313107365,8028.686892635
2026-04-13,2026-04-13,bull_put,2026-04-13 11:51:00,23800,65,23800,23400,61.35,22012.25,0.9658227848101266,0.9525423728813559,23797.15,2026-04-13 15:01:00,TIME,3.9499999999999997,3731.0,100.487250468,3630.512749532
2026-04-15,2026-04-21,bear_call,2026-04-15 10:37:00,24250,65,24250,24650,160.05,15596.75,0.15949367088607594,0.16610169491525423,24248.55,2026-04-16 15:01:00,TIME,125.7,2232.7500000000005,125.05531080950001,2107.6946891905004
2026-04-15,2026-04-21,bear_call,2026-04-15 10:51:00,24250,65,24250,24650,156.6,15821.0,0.1,0.09152542372881356,24227.75,2026-04-16 15:01:00,TIME,125.7,2008.4999999999995,124.36954132899999,1884.1304586709996
2026-04-17,2026-04-21,bear_call,2026-04-17 10:32:00,24300,65,24300,24700,132.04999999999998,17416.750000000004,0.15443037974683543,0.13559322033898305,24282.9,2026-04-20 10:31:00,SL,173.15,-2671.5000000000014,119.815876291,-2791.3158762910016
2026-04-17,2026-04-21,bull_put,2026-04-17 10:16:00,24300,65,24300,23900,126.35,17787.25,0.9670886075949368,0.9491525423728814,24284.9,2026-04-20 15:01:00,TIME,73.75,3418.9999999999995,116.76404961700001,3302.2359503829994
2026-04-20,2026-04-21,bull_put,2026-04-20 10:31:00,24450,65,24450,24050,117.44999999999999,18365.75,0.9645569620253165,0.9016949152542373,24425.95,2026-04-20 15:19:00,SL,167.3,-3240.2500000000014,120.4795590315,-3360.7295590315016
2026-04-21,2026-04-21,bear_call,2026-04-21 10:21:00,24500,65,24500,24900,55.400000000000006,22399.0,0.07848101265822785,0.09830508474576272,24500.5,2026-04-21 15:01:00,TIME,88.75,-2167.7499999999995,102.18502383750001,-2269.9350238374996
2026-04-21,2026-04-21,bull_put,2026-04-21 10:32:00,24500,65,24500,24100,46.35,22987.25,0.8784810126582279,0.9152542372881356,24510.1,2026-04-21 15:01:00,TIME,0.3,2993.2500000000005,98.9421944165,2894.3078055835003
2026-04-22,2026-04-28,bull_put,2026-04-22 10:39:00,24400,65,24400,24000,147.0,16445.0,0.8151898734177215,0.8711864406779661,24393.4,2026-04-23 09:16:00,SL,214.9,-4413.5,145.48921701,-4558.98921701
2026-04-23,2026-04-28,bull_put,2026-04-23 10:20:00,24300,65,24300,23900,142.34999999999997,16747.250000000004,0.8139240506329114,0.8372881355932204,24287.0,2026-04-23 12:32:00,SL,181.65,-2554.5000000000027,133.442888157,-2687.942888157003
2026-04-22,2026-04-28,bear_call,2026-04-22 10:22:00,24350,65,24350,24750,149.25,16298.75,0.10379746835443038,0.19661016949152543,24364.1,2026-04-23 15:01:00,TIME,81.5,4403.75,123.35914900450001,4280.3908509955
2026-04-23,2026-04-28,bull_put,2026-04-23 12:41:00,24200,65,24200,23800,138.25,17013.75,0.9253164556962026,0.8508474576271187,24192.25,2026-04-24 09:33:00,SL,181.14999999999998,-2788.4999999999986,129.855264832,-2918.3552648319987
2026-04-24,2026-04-28,bear_call,2026-04-24 10:25:00,23950,65,23950,24350,131.45,17455.75,0.05949367088607595,0.07796610169491526,23943.9,2026-04-27 09:49:00,SL,177.55,-2996.5000000000014,120.95123308500001,-3117.451233085001
2026-04-24,2026-04-28,bear_call,2026-04-24 10:42:00,23950,65,23950,24350,129.6,17576.0,0.16329113924050634,0.19661016949152543,23945.8,2026-04-27 09:49:00,SL,177.55,-3116.750000000001,120.63612806749998,-3237.386128067501
2026-04-27,2026-04-28,bull_put,2026-04-27 10:17:00,24100,65,24100,23700,86.45,20380.75,0.8139240506329114,0.8169491525423729,24099.1,2026-04-27 11:37:00,SL,135.60000000000002,-3194.7500000000014,110.36924116449998,-3305.1192411645015
2026-04-27,2026-04-28,bull_put,2026-04-27 10:19:00,24100,65,24100,23700,87.1,20338.5,0.9430379746835443,0.8576271186440678,24095.05,2026-04-27 11:37:00,SL,135.60000000000002,-3152.500000000002,110.441089168,-3262.941089168002
2026-04-27,2026-04-28,bull_put,2026-04-27 11:49:00,24000,65,24000,23600,83.55000000000001,20569.25,0.9113924050632911,0.888135593220339,24011.75,2026-04-28 15:01:00,TIME,3.9999999999999996,5170.750000000001,103.55096086450001,5067.199039135501
2026-04-27,2026-04-28,bull_put,2026-04-27 12:27:00,24050,65,24050,23650,81.0,20735.0,0.9405063291139241,0.888135593220339,24056.4,2026-04-28 15:01:00,TIME,34.74999999999999,3006.2500000000005,104.12042659250001,2902.1295734075006
2026-04-29,2026-05-05,bull_put,2026-04-29 10:28:00,24300,65,24300,23900,119.69999999999999,18219.5,0.9151898734177215,0.9254237288135593,24286.95,2026-04-29 15:20:00,SL,162.15,-2759.250000000001,128.1565523035,-2887.406552303501
2026-04-29,2026-05-05,bull_put,2026-04-29 10:21:00,24250,65,24250,23850,111.69999999999999,18739.5,0.9392405063291139,0.8576271186440678,24265.35,2026-04-29 15:27:00,SL,156.45,-2908.75,125.46787136049998,-3034.2178713605
2026-04-30,2026-05-05,bear_call,2026-04-30 10:18:00,23800,65,23800,24200,136.65,17117.75,0.11139240506329114,0.06440677966101695,23810.05,2026-04-30 12:26:00,SL,178.75,-2736.4999999999995,128.623754864,-2865.1237548639997
2026-04-30,2026-05-05,bull_put,2026-04-30 10:22:00,23850,65,23850,23450,139.45,16935.75,0.8556962025316456,0.864406779661017,23841.9,2026-05-04 15:01:00,TIME,25.3,7419.749999999999,116.5625346475,7303.187465352499
2026-04-30,2026-05-05,bull_put,2026-04-30 12:43:00,23900,65,23900,23500,122.55,18034.25,0.8848101265822785,0.847457627118644,23913.1,2026-05-04 15:01:00,TIME,33.449999999999996,5791.5,113.26843641800001,5678.231563582
2026-05-05,2026-05-05,bull_put,2026-05-05 10:21:00,24000,65,24000,23600,54.1,22483.5,0.8556962025316456,0.9016949152542373,23991.65,2026-05-05 11:48:00,SL,116.7,-4069.0,102.98790030800001,-4171.9879003080005
2026-05-05,2026-05-05,bear_call,2026-05-05 11:48:00,23900,65,23900,24300,41.2,23322.0,0.0620253164556962,0.0711864406779661,23895.45,2026-05-05 12:51:00,SL,103.25,-4033.25,101.5340191195,-4134.7840191195
2026-05-05,2026-05-05,bear_call,2026-05-05 10:26:00,23950,65,23950,24350,53.75,22506.25,0.0379746835443038,0.1152542372881356,23955.1,2026-05-05 13:07:00,SL,111.35,-3743.9999999999995,102.92801435199999,-3846.9280143519995
2026-05-05,2026-05-05,bull_put,2026-05-05 13:00:00,24000,65,24000,23600,29.7,24069.5,0.9316455696202531,0.9728813559322034,24011.9,2026-05-05 15:01:00,TIME,7.65,1433.2499999999998,97.4122221285,1335.8377778714998
2026-05-05,2026-05-05,bull_put,2026-05-05 13:07:00,24050,65,24050,23650,37.50000000000001,23562.5,0.9518987341772152,0.9220338983050848,24043.3,2026-05-05 15:01:00,TIME,44.099999999999994,-428.99999999999915,99.182603046,-528.1826030459991
2026-05-06,2026-05-12,bull_put,2026-05-06 10:22:00,24150,65,24150,23750,114.94999999999999,18528.25,0.9468354430379747,0.8915254237288136,24153.95,2026-05-06 12:23:00,SL,158.0,-2798.250000000001,125.71480693250001,-2923.964806932501
2026-05-06,2026-05-12,bull_put,2026-05-06 10:43:00,24150,65,24150,23750,118.65,18287.75,0.889873417721519,0.8067796610169492,24142.85,2026-05-06 12:43:00,SL,162.40000000000003,-2843.750000000002,127.0280150235,-2970.7780150235017
2026-05-06,2026-05-12,bear_call,2026-05-06 12:46:00,24000,65,24000,24400,155.0,15925.0,0.1860759493670886,0.08135593220338982,24022.35,2026-05-06 13:38:00,SL,193.59999999999997,-2508.9999999999977,135.23525316,-2644.2352531599977
2026-05-06,2026-05-12,bear_call,2026-05-06 12:23:00,24050,65,24050,24450,147.5,16412.5,0.07215189873417721,0.08135593220338982,24046.8,2026-05-06 14:14:00,SL,188.60000000000002,-2671.5000000000014,131.74876901599998,-2803.2487690160015
2026-05-06,2026-05-12,bull_put,2026-05-06 13:39:00,24100,65,24100,23700,114.54999999999998,18554.250000000004,0.8341772151898734,0.9796610169491525,24104.0,2026-05-07 15:01:00,TIME,54.949999999999996,3873.999999999999,114.71898549199997,3759.2810145079993
2026-05-06,2026-05-12,bull_put,2026-05-06 14:14:00,24150,65,24150,23750,115.7,18479.5,0.9164556962025316,1.0,24132.5,2026-05-07 15:01:00,TIME,65.7,3250.0,115.23201157699998,3134.767988423
2026-05-08,2026-05-12,bull_put,2026-05-08 10:24:00,24250,65,24250,23850,122.69999999999999,18024.5,0.959493670886076,0.847457627118644,24230.25,2026-05-11 09:16:00,SL,244.10000000000002,-7891.000000000002,126.96969830399999,-8017.969698304002
2026-05-11,2026-05-12,bear_call,2026-05-11 10:18:00,23900,65,23900,24300,97.9,19636.5,0.11772151898734177,0.11186440677966102,23875.6,2026-05-11 13:46:00,SL,145.85,-3116.749999999999,112.1592427545,-3228.9092427544992
2026-05-11,2026-05-12,bull_put,2026-05-11 13:49:00,24000,65,24000,23600,92.7,19974.5,0.8607594936708861,0.8915254237288136,23981.0,2026-05-11 14:58:00,SL,142.35,-3227.2499999999995,110.04533814349999,-3337.2953381434995
2026-05-08,2026-05-12,bear_call,2026-05-08 10:51:00,24200,65,24200,24600,140.85,16844.75,0.1848101265822785,0.08813559322033898,24219.0,2026-05-11 15:01:00,TIME,13.2,8297.25,113.26022604050002,8183.9897739595
2026-05-12,2026-05-12,bull_put,2026-05-12 10:18:00,23650,65,23650,23250,44.0,23140.0,0.9721518987341772,0.9830508474576272,23666.7,2026-05-12 12:09:00,SL,101.7,-3750.5,101.680215826,-3852.1802158259998
2026-05-12,2026-05-12,bear_call,2026-05-12 10:23:00,23650,65,23650,24050,57.95,22233.25,0.17088607594936708,0.12203389830508475,23653.3,2026-05-12 15:01:00,TIME,0.2,3753.75,100.0421154075,3653.7078845925
2026-05-12,2026-05-12,bear_call,2026-05-12 12:09:00,23550,65,23550,23950,59.400000000000006,22139.0,0.0949367088607595,0.07457627118644068,23564.95,2026-05-12 15:01:00,TIME,0.25,3844.7500000000005,100.31584530549999,3744.4341546945006
2026-05-13,2026-05-19,bull_put,2026-05-13 10:17:00,23400,65,23400,23000,121.75,18086.25,0.9898734177215189,0.911864406779661,23422.1,2026-05-14 15:01:00,TIME,51.25,4582.5,120.54267568900002,4461.957324311
2026-05-13,2026-05-19,bull_put,2026-05-13 10:21:00,23450,65,23450,23050,123.79999999999998,17953.000000000004,0.9873417721518988,0.911864406779661,23452.0,2026-05-14 15:01:00,TIME,58.89999999999999,4218.499999999999,121.69536930900001,4096.804630690999
2026-05-15,2026-05-19,bull_put,2026-05-15 10:25:00,23800,65,23800,23400,113.04999999999998,18651.750000000004,0.850632911392405,0.8576271186440678,23820.5,2026-05-15 11:30:00,SL,157.95,-2918.5000000000005,123.06750110899999,-3041.5675011090007
2026-05-15,2026-05-19,bull_put,2026-05-15 10:23:00,23800,65,23800,23400,117.39999999999999,18369.0,0.8202531645569621,0.8677966101694915,23814.25,2026-05-15 11:32:00,SL,162.4,-2925.000000000001,124.079399737,-3049.079399737001
2026-05-15,2026-05-19,bear_call,2026-05-15 11:31:00,23700,65,23700,24100,126.39999999999999,17784.0,0.08227848101265822,0.03389830508474576,23701.25,2026-05-18 15:01:00,TIME,79.75,3032.2499999999995,113.6128890915,2918.6371109084994
2026-05-15,2026-05-19,bear_call,2026-05-15 11:57:00,23700,65,23700,24100,134.85,17234.75,0.1848101265822785,0.17627118644067796,23718.35,2026-05-18 15:01:00,TIME,79.75,3581.4999999999995,114.70400438300001,3466.7959956169993
2026-05-19,2026-05-19,bull_put,2026-05-19 10:47:00,23750,65,23750,23350,40.25000000000001,23383.75,0.9088607594936708,0.823728813559322,23772.15,2026-05-19 14:44:00,SL,96.1,-3630.249999999999,101.1977806715,-3731.447780671499
2026-05-19,2026-05-19,bear_call,2026-05-19 10:20:00,23750,65,23750,24150,41.050000000000004,23331.75,0.07468354430379746,0.1288135593220339,23725.7,2026-05-19 15:01:00,TIME,0.24999999999999994,2652.0000000000005,98.308435414,2553.6915645860004
2026-05-20,2026-05-26,bear_call,2026-05-20 10:24:00,23500,65,23500,23900,139.15,16955.25,0.05822784810126582,0.0576271186440678,23481.65,2026-05-20 11:28:00,SL,179.5,-2622.7499999999995,131.21957241950003,-2753.9695724194994
2026-05-20,2026-05-26,bull_put,2026-05-20 10:29:00,23500,65,23500,23100,136.25,17143.75,0.9189873417721519,0.9694915254237289,23507.8,2026-05-21 15:01:00,TIME,78.60000000000001,3747.2499999999995,122.1344508545,3625.1155491454997
2026-05-20,2026-05-26,bull_put,2026-05-20 11:30:00,23600,65,23600,23200,136.89999999999998,17101.5,0.8329113924050633,0.8305084745762712,23599.85,2026-05-21 15:01:00,TIME,106.70000000000002,1962.9999999999975,124.78853771200001,1838.2114622879974
2026-05-22,2026-05-26,bear_call,2026-05-22 10:17:00,23800,65,23800,24200,123.24999999999999,17988.75,0.16582278481012658,0.0711864406779661,23778.95,2026-05-25 09:16:00,SL,177.65,-3536.0000000000014,117.68671599800001,-3653.6867159980015
2026-05-22,2026-05-26,bull_put,2026-05-22 10:35:00,23800,65,23800,23400,118.79999999999998,18278.000000000004,0.8544303797468354,0.9254237288135593,23778.15,2026-05-25 15:01:00,TIME,13.600000000000001,6837.999999999999,110.755003418,6727.244996581999
2026-05-25,2026-05-26,bull_put,2026-05-25 10:18:00,23950,65,23950,23550,74.45,21160.75,0.8949367088607595,0.9525423728813559,23968.65,2026-05-26 15:01:00,TIME,46.49999999999999,1816.7500000000007,103.7489461065,1713.0010538935007
2026-05-26,2026-05-26,bear_call,2026-05-26 10:21:00,24050,65,24050,24450,48.00000000000001,22880.0,0.10379746835443038,0.12542372881355932,24051.0,2026-05-26 15:01:00,TIME,0.35000000000000003,3097.2500000000005,98.94429864850001,2998.3057013515004
2026-05-27,2026-06-02,bull_put,2026-05-27 10:28:00,23950,65,23950,23550,106.55,19074.25,0.9531645569620253,0.911864406779661,23964.55,2026-05-29 13:07:00,SL,151.15,-2899.0000000000005,116.563713871,-3015.5637138710003
2026-05-27,2026-06-02,bull_put,2026-05-27 10:18:00,23950,65,23950,23550,110.74999999999997,18801.25,0.9582278481012658,0.864406779661017,23953.75,2026-05-29 13:12:00,SL,156.5,-2973.750000000002,117.54553223450002,-3091.295532234502
2026-05-29,2026-06-02,bull_put,2026-05-29 13:19:00,23800,65,23800,23400,101.25,19418.75,0.8784810126582279,0.8372881355932204,23788.7,2026-05-29 15:02:00,SL,157.7,-3669.249999999999,115.88502308550001,-3785.135023085499
2026-05-29,2026-06-02,bull_put,2026-05-29 13:21:00,23800,65,23800,23400,103.65,19262.75,0.9556962025316456,0.8406779661016949,23782.35,2026-05-29 15:02:00,SL,157.7,-3513.249999999999,116.19027798350001,-3629.440277983499
2026-06-01,2026-06-02,bear_call,2026-06-01 10:34:00,23500,65,23500,23900,117.15,18385.25,0.12658227848101267,0.12203389830508475,23524.3,2026-06-01 11:10:00,SL,166.65000000000003,-3217.500000000002,115.037713954,-3332.537713954002
2026-06-01,2026-06-02,bull_put,2026-06-01 11:10:00,23600,65,23600,23200,74.95,21128.25,0.9113924050632911,0.9694915254237289,23610.05,2026-06-01 11:59:00,SL,124.65,-3230.5,107.231224393,-3337.731224393
2026-06-01,2026-06-02,bull_put,2026-06-01 12:07:00,23500,65,23500,23100,77.89999999999999,20936.5,0.9569620253164557,0.9254237288135593,23515.7,2026-06-01 14:32:00,SL,127.35000000000001,-3214.250000000001,107.42942772949998,-3321.6794277295007
2026-06-02,2026-06-02,bear_call,2026-06-02 10:16:00,23250,65,23250,23650,58.35,22207.25,0.08481012658227848,0.14915254237288136,23272.3,2026-06-02 10:24:00,SL,123.7,-4247.75,103.8165651645,-4351.5665651645
2026-06-02,2026-06-02,bear_call,2026-06-02 10:50:00,23350,65,23350,23750,40.2,23387.0,0.10632911392405063,0.15932203389830507,23330.7,2026-06-02 12:47:00,SL,98.3,-3776.4999999999995,101.18424814600002,-3877.6842481459994
2026-06-01,2026-06-02,bear_call,2026-06-01 10:28:00,23550,65,23550,23950,104.0,19240.0,0.060759493670886074,0.07457627118644068,23539.4,2026-06-02 15:01:00,TIME,0.25,6743.75,105.76998087550001,6637.9800191245
2026-06-02,2026-06-02,bull_put,2026-06-02 13:13:00,23500,65,23500,23100,37.900000000000006,23536.5,0.9620253164556962,0.9322033898305084,23492.25,2026-06-02 15:01:00,TIME,63.85,-1686.7499999999998,99.84442919150001,-1786.5944291914998
2026-06-03,2026-06-09,bull_put,2026-06-03 10:22:00,23300,65,23300,22900,131.3,17465.5,0.9810126582278481,0.9525423728813559,23280.8,2026-06-03 12:04:00,SL,172.45,-2674.7499999999986,130.5841133485,-2805.3341133484987
2026-06-03,2026-06-09,bull_put,2026-06-03 10:19:00,23250,65,23250,22850,124.64999999999999,17897.75,0.8886075949367088,0.8406779661016949,23257.8,2026-06-04 15:01:00,TIME,62.75,4023.4999999999995,116.616168234,3906.8838317659997
2026-06-03,2026-06-09,bull_put,2026-06-03 12:09:00,23200,65,23200,22800,134.59999999999997,17251.000000000004,0.910126582278481,0.8677966101694915,23176.5,2026-06-04 15:01:00,TIME,51.900000000000006,5375.499999999997,117.59211269699999,5257.907887302998
2026-06-05,2026-06-09,bull_put,2026-06-05 10:26:00,23500,65,23500,23100,106.99999999999997,19045.0,0.8746835443037975,0.9220338983050848,23495.3,2026-06-05 10:40:00,SL,154.8,-3107.0000000000027,117.647060187,-3224.647060187003
2026-06-05,2026-06-09,bear_call,2026-06-05 10:44:00,23350,65,23350,23750,135.84999999999997,17169.750000000004,0.12278481012658228,0.17966101694915254,23355.65,2026-06-05 11:05:00,SL,175.6,-2583.750000000002,123.71019155350001,-2707.4601915535018
2026-06-05,2026-06-09,bear_call,2026-06-05 10:30:00,23450,65,23450,23850,142.89999999999998,16711.5,0.12784810126582277,0.19661016949152543,23470.55,2026-06-08 15:01:00,TIME,14.100000000000001,8371.999999999998,112.84031097999998,8259.159689019998
2026-06-05,2026-06-09,bear_call,2026-06-05 11:12:00,23450,65,23450,23850,141.2,16822.0,0.04556962025316456,0.1288135593220339,23455.4,2026-06-08 15:01:00,TIME,14.100000000000001,8261.5,112.835054248,8148.664945752
2026-06-09,2026-06-09,bear_call,2026-06-09 10:23:00,23150,65,23150,23550,58.45,22200.75,0.18354430379746836,0.16271186440677965,23156.1,2026-06-09 14:41:00,SL,111.89999999999999,-3474.249999999999,103.2310392755,-3577.481039275499
2026-06-09,2026-06-09,bull_put,2026-06-09 10:29:00,23150,65,23150,22750,40.150000000000006,23390.25,0.8607594936708861,0.9322033898305084,23165.7,2026-06-09 15:01:00,TIME,0.35000000000000003,2587.0000000000005,98.22253267500001,2488.7774673250005
2026-06-10,2026-06-16,bull_put,2026-06-10 10:36:00,23350,65,23350,22950,123.6,17966.0,0.9607594936708861,0.8576271186440678,23344.1,2026-06-10 14:46:00,SL,165.65,-2733.250000000001,125.0696311805,-2858.319631180501
2026-06-10,2026-06-16,bull_put,2026-06-10 10:53:00,23350,65,23350,22950,122.44999999999999,18040.75,0.9012658227848102,0.8101694915254237,23361.7,2026-06-10 14:46:00,SL,165.65,-2808.000000000001,125.006188561,-2933.0061885610007
2026-06-11,2026-06-16,bull_put,2026-06-11 10:18:00,23150,65,23150,22750,113.74999999999997,18606.25,0.8113924050632911,0.8372881355932204,23167.35,2026-06-12 15:01:00,TIME,17.85,6233.499999999998,110.20201616499999,6123.297983834998
2026-06-11,2026-06-16,bull_put,2026-06-11 10:28:00,23200,65,23200,22800,118.65,18287.75,0.9721518987341772,1.0,23204.95,2026-06-12 15:01:00,TIME,21.950000000000003,6285.5,111.38729459700001,6174.112705403
2026-06-15,2026-06-16,bull_put,2026-06-15 10:51:00,24000,65,24000,23600,95.45,19795.75,0.8379746835443038,0.8033898305084746,23997.1,2026-06-15 12:29:00,SL,143.1,-3097.2499999999995,110.6823753885,-3207.9323753884996
2026-06-15,2026-06-16,bull_put,2026-06-15 10:31:00,23950,65,23950,23550,85.25,20458.75,0.889873417721519,0.8169491525423729,23969.05,2026-06-15 15:13:00,SL,140.65,-3601.0000000000005,109.20247356899998,-3710.2024735690006
2026-06-15,2026-06-16,bear_call,2026-06-15 12:29:00,23900,65,23900,24300,87.19999999999999,20332.0,0.12531645569620253,0.07457627118644068,23900.9,2026-06-16 15:01:00,TIME,81.2,389.9999999999991,106.17160840700001,283.8283915929991
2026-06-16,2026-06-16,bull_put,2026-06-16 10:16:00,23900,65,23900,23500,40.85,23344.75,0.8227848101265823,0.8169491525423729,23911.05,2026-06-16 15:01:00,TIME,0.25,2639.0,98.32025632700001,2540.679743673
2026-06-17,2026-06-23,bull_put,2026-06-17 10:20:00,24050,65,24050,23650,119.35,18242.25,0.9518987341772152,0.9186440677966101,24066.95,2026-06-18 15:01:00,TIME,69.15,3262.999999999999,113.449893161,3149.550106838999
2026-06-17,2026-06-23,bull_put,2026-06-17 10:25:00,24100,65,24100,23700,132.7,17374.5,0.8367088607594937,0.8135593220338984,24078.7,2026-06-18 15:01:00,TIME,87.4,2944.499999999999,116.32244813199999,2828.1775518679992
2026-06-19,2026-06-23,bear_call,2026-06-19 10:50:00,23950,65,23950,24350,116.19999999999997,18447.0,0.09746835443037975,0.1694915254237288,23957.4,2026-06-22 09:16:00,SL,164.15,-3116.750000000002,114.1712190975,-3230.9212190975018
2026-06-19,2026-06-23,bear_call,2026-06-19 10:54:00,23950,65,23950,24350,109.89999999999998,18856.5,0.04683544303797468,0.11864406779661017,23946.2,2026-06-22 09:16:00,SL,164.15,-3526.250000000002,113.5255057435,-3639.775505743502
2026-06-22,2026-06-23,bull_put,2026-06-22 10:31:00,24150,65,24150,23750,74.1,21183.5,0.8075949367088607,0.8305084745762712,24157.55,2026-06-23 11:49:00,SL,124.0,-3243.5000000000005,105.58150328100001,-3349.0815032810006
2026-06-22,2026-06-23,bear_call,2026-06-22 10:34:00,24150,65,24150,24550,67.4,21619.0,0.1670886075949367,0.10847457627118644,24144.15,2026-06-23 15:01:00,TIME,0.19999999999999996,4368.0,101.086210076,4266.913789924
2026-06-23,2026-06-23,bear_call,2026-06-23 11:57:00,24000,65,24000,24400,39.25000000000001,23448.75,0.0189873417721519,0.08135593220338982,23990.85,2026-06-23 15:01:00,TIME,0.4,2525.2500000000005,98.20164688150001,2427.0483531185005
2026-06-24,2026-06-30,bull_put,2026-06-24 10:25:00,23950,65,23950,23550,117.64999999999999,18352.75,0.9873417721518988,0.8169491525423729,23945.8,2026-06-25 15:01:00,TIME,44.949999999999996,4725.499999999999,111.947844275,4613.5521557249995
2026-06-24,2026-06-30,bull_put,2026-06-24 11:02:00,23950,65,23950,23550,106.59999999999998,19071.000000000004,0.9822784810126582,0.8440677966101695,23966.25,2026-06-25 15:01:00,TIME,44.949999999999996,4007.249999999999,110.32765812950001,3896.922341870499
2026-06-29,2026-06-30,bull_put,2026-06-29 10:23:00,24100,65,24100,23700,81.85,20679.75,0.9632911392405064,0.9966101694915255,24085.95,2026-06-29 12:13:00,SL,131.6,-3233.75,108.21751040150001,-3341.9675104015
2026-06-29,2026-06-30,bear_call,2026-06-29 10:39:00,24100,65,24100,24500,82.3,20650.5,0.060759493670886074,0.17966101694915254,24093.65,2026-06-30 15:01:00,TIME,0.15000000000000002,5339.749999999999,102.58162291050002,5237.168377089499
2026-06-29,2026-06-30,bear_call,2026-06-29 12:13:00,24000,65,24000,24400,81.15,20725.25,0.13924050632911392,0.1016949152542373,23993.15,2026-06-30 15:01:00,TIME,0.35000000000000003,5252.000000000001,102.61458879799999,5149.385411202001
2026-07-01,2026-07-07,bull_put,2026-07-01 10:18:00,24000,65,24000,23600,113.30000000000001,18635.5,0.8924050632911392,0.8440677966101695,23996.1,2026-07-02 15:01:00,TIME,39.05,4826.250000000001,111.09947533150002,4715.150524668501
2026-07-01,2026-07-07,bull_put,2026-07-01 10:23:00,24000,65,24000,23600,103.85,19249.75,0.8822784810126583,0.8711864406779661,24012.5,2026-07-02 15:01:00,TIME,39.05,4212.0,110.007044895,4101.992955105
2026-07-03,2026-07-07,bear_call,2026-07-03 10:17:00,24300,65,24300,24700,112.80000000000001,18668.0,0.06835443037974684,0.06440677966101695,24322.7,2026-07-06 12:14:00,SL,158.6,-2976.999999999999,110.943102667,-3087.943102666999
2026-07-03,2026-07-07,bear_call,2026-07-03 10:21:00,24300,65,24300,24700,112.0,18720.0,0.1569620253164557,0.10508474576271186,24321.2,2026-07-06 12:14:00,SL,158.6,-3028.9999999999995,110.87558887,-3139.87558887
2026-07-06,2026-07-07,bull_put,2026-07-06 12:14:00,24450,65,24450,24050,71.55000000000001,21349.25,0.9417721518987342,0.9864406779661017,24440.8,2026-07-07 15:01:00,TIME,19.75,3367.000000000001,102.46165214400001,3264.538347856001
2026-07-06,2026-07-07,bear_call,2026-07-06 12:22:00,24450,65,24450,24850,58.50000000000001,22197.5,0.19240506329113924,0.18983050847457628,24438.9,2026-07-07 15:01:00,TIME,2.0,3672.5000000000005,100.084275766,3572.4157242340007
2026-07-08,2026-07-14,bull_put,2026-07-08 10:20:00,24250,65,24250,23850,123.44999999999997,17975.75,0.9126582278481012,0.8745762711864407,24250.8,2026-07-08 13:48:00,SL,179.35,-3633.5000000000014,122.36424982000001,-3755.8642498200015
2026-07-08,2026-07-14,bear_call,2026-07-08 10:16:00,24250,65,24250,24650,105.0,19175.0,0.03164556962025317,0.1423728813559322,24232.05,2026-07-09 15:01:00,TIME,37.75,4371.25,108.3230465985,4262.9269534015
2026-07-09,2026-07-14,bull_put,2026-07-09 10:25:00,24050,65,24050,23650,107.95,18983.25,0.9658227848101266,0.9288135593220339,24055.35,2026-07-09 15:07:00,SL,163.65,-3620.5,118.769540104,-3739.269540104
2026-07-10,2026-07-14,bear_call,2026-07-10 10:31:00,24200,65,24200,24600,101.0,19435.0,0.14050632911392405,0.07796610169491526,24195.1,2026-07-13 15:01:00,TIME,78.3,1475.5000000000002,107.33248286199999,1368.1675171380002
2026-07-10,2026-07-14,bear_call,2026-07-10 11:06:00,24200,65,24200,24600,99.85000000000001,19509.75,0.18734177215189873,0.1152542372881356,24192.4,2026-07-13 15:01:00,TIME,78.3,1400.7500000000007,107.22070447450001,1293.5292955255006
2026-07-14,2026-07-14,bear_call,2026-07-14 10:16:00,24100,65,24100,24500,37.50000000000001,23562.5,0.07215189873417721,0.10847457627118644,24080.65,2026-07-14 15:01:00,TIME,3.3499999999999996,2219.7500000000005,98.08368923649999,2121.6663107635004
2026-07-14,2026-07-14,bull_put,2026-07-14 10:30:00,24100,65,24100,23700,58.2,22217.0,0.9658227848101266,0.9728813559322034,24086.55,2026-07-14 15:01:00,TIME,38.849999999999994,1257.7500000000005,101.0731266485,1156.6768733515005
