date,expiry,type,entry_ts,atm,lot,short_strike,long_strike,credit,margin,alpha,alpha2,spot_entry,exit_ts,exit_reason,exit_cost_to_close,gross_pnl,charges,net_pnl
2024-09-27,2024-10-03,bull_put,2024-09-27 10:31:00,26250,25,26250,25850,90.8,7730.0,0.8329113924050633,0.9627118644067797,26273.45,2024-09-30 09:16:00,SL,139.70000000000002,-1222.5000000000005,102.138035975,-1324.6380359750005
2024-09-30,2024-10-03,bull_put,2024-09-30 10:28:00,26000,25,26000,25600,86.5,7837.5,0.8848101265822785,0.8745762711864407,25994.5,2024-09-30 12:53:00,SL,136.45000000000002,-1248.7500000000005,101.3944586175,-1350.1444586175005
2024-09-27,2024-10-03,bear_call,2024-09-27 10:58:00,26250,25,26250,26650,132.5,6687.5,0.15569620253164557,0.12203389830508475,26260.5,2024-09-30 15:01:00,TIME,15.010000000000002,2937.25,100.53242357650001,2836.7175764235
2024-09-30,2024-10-03,bear_call,2024-09-30 12:53:00,25900,25,25900,26300,110.85,7228.749999999999,0.07341772151898734,0.01694915254237288,25888.75,2024-10-01 15:01:00,TIME,35.8,1876.25,99.8007923875,1776.4492076125
2024-10-01,2024-10-03,bear_call,2024-10-01 10:19:00,25800,25,25800,26200,96.16000000000001,7595.999999999999,0.08860759493670886,0.0711864406779661,25812.55,2024-10-03 15:01:00,TIME,0.25,2397.7500000000005,98.27923948149999,2299.4707605185004
2024-10-03,2024-10-03,bear_call,2024-10-03 11:17:00,25450,25,25450,25850,64.34,8391.5,0.0810126582278481,0.19661016949152543,25471.9,2024-10-03 15:01:00,TIME,0.25000000000000006,1602.25,96.85466773650002,1505.3953322635
2024-10-04,2024-10-10,bear_call,2024-10-04 10:20:00,25200,25,25200,25600,161.59999999999997,5960.000000000001,0.0189873417721519,0.07796610169491526,25176.05,2024-10-04 10:46:00,SL,207.35000000000002,-1143.7500000000014,108.07760870749999,-1251.8276087075014
2024-10-04,2024-10-10,bear_call,2024-10-04 11:03:00,25300,25,25300,25700,170.59999999999997,5735.000000000001,0.0949367088607595,0.09830508474576272,25309.95,2024-10-04 12:00:00,SL,206.0,-885.0000000000009,108.91768171999999,-993.9176817200009
2024-10-04,2024-10-10,bull_put,2024-10-04 10:25:00,25200,25,25200,24800,99.89999999999998,7502.500000000001,0.8886075949367088,0.8372881355932204,25193.25,2024-10-04 13:41:00,SL,149.35000000000002,-1236.2500000000011,107.7515621725,-1344.001562172501
2024-10-04,2024-10-10,bull_put,2024-10-04 13:51:00,25050,25,25050,24650,100.25,7493.75,0.8848101265822785,0.9898305084745763,25071.35,2024-10-07 10:50:00,SL,148.35000000000002,-1202.5000000000005,107.06961850500001,-1309.5696185050006
2024-10-04,2024-10-10,bear_call,2024-10-04 12:16:00,25450,25,25450,25850,158.7,6032.5,0.16835443037974684,0.1694915254237288,25447.2,2024-10-07 15:01:00,TIME,15.150000000000002,3588.7499999999995,102.64147216250001,3486.1085278374994
2024-10-07,2024-10-10,bear_call,2024-10-07 10:52:00,24900,25,24900,25300,162.9,5927.5,0.15569620253164557,0.16610169491525423,24912.2,2024-10-08 15:01:00,TIME,144.35000000000002,463.74999999999955,105.4923331275,358.25766687249956
2024-10-08,2024-10-10,bull_put,2024-10-08 10:21:00,24850,25,24850,24450,113.5,7162.5,0.9063291139240506,0.8542372881355932,24854.4,2024-10-09 15:01:00,TIME,46.599999999999994,1672.5000000000002,101.473897825,1571.0261021750002
2024-10-09,2024-10-10,bear_call,2024-10-09 10:17:00,25150,25,25150,25550,97.35,7566.249999999999,0.1569620253164557,0.13559322033898305,25134.5,2024-10-10 15:01:00,TIME,0.35,2425.0,98.4112037,2326.5887963
2024-10-10,2024-10-10,bear_call,2024-10-10 10:21:00,25100,25,25100,25500,39.14,9021.5,0.024050632911392405,0.04406779661016949,25095.15,2024-10-10 15:01:00,TIME,0.4,968.5,95.85595807400001,872.644041926
2024-10-11,2024-10-17,bear_call,2024-10-11 11:00:00,24950,25,24950,25350,132.54,6686.500000000001,0.03291139240506329,0.17627118644067796,24951.45,2024-10-14 09:45:00,SL,185.75,-1330.2500000000002,104.05615692150002,-1434.3061569215001
2024-10-11,2024-10-17,bull_put,2024-10-11 10:47:00,25000,25,25000,24600,114.0,7150.0,0.8607594936708861,0.8338983050847457,24978.5,2024-10-14 15:01:00,TIME,52.9,1527.5,101.366391465,1426.133608535
2024-10-14,2024-10-17,bear_call,2024-10-14 10:20:00,25100,25,25100,25500,112.4,7190.000000000001,0.14050632911392405,0.1423728813559322,25088.55,2024-10-15 15:01:00,TIME,53.65,1468.7500000000002,99.8239192125,1368.9260807875003
2024-10-15,2024-10-17,bull_put,2024-10-15 10:17:00,25050,25,25050,24650,94.45,7638.75,0.8708860759493671,0.8915254237288136,25071.9,2024-10-16 11:41:00,SL,145.8,-1283.7500000000002,100.5873797175,-1384.3373797175002
2024-10-16,2024-10-17,bull_put,2024-10-16 11:54:00,24950,25,24950,24550,87.00000000000001,7825.0,0.9949367088607595,0.9457627118644067,24943.8,2024-10-17 09:46:00,SL,145.60000000000002,-1465.0000000000002,99.552510705,-1564.5525107050003
2024-10-17,2024-10-17,bull_put,2024-10-17 10:16:00,24850,25,24850,24450,37.34,9066.5,0.9544303797468354,0.888135593220339,24842.4,2024-10-17 13:28:00,SL,98.25,-1522.75,96.87742150650001,-1619.6274215065
2024-10-16,2024-10-17,bear_call,2024-10-16 10:23:00,25050,25,25050,25450,82.0,7950.0,0.053164556962025315,0.04745762711864407,25049.9,2024-10-17 15:01:00,TIME,0.19999999999999996,2045.0,97.518134025,1947.481865975
2024-10-17,2024-10-17,bear_call,2024-10-17 13:28:00,24750,25,24750,25150,19.09,9522.75,0.1240506329113924,0.09830508474576272,24758.45,2024-10-17 15:01:00,TIME,3.4,392.25,95.18491062650001,297.0650893735
2024-10-18,2024-10-24,bear_call,2024-10-18 10:39:00,24700,25,24700,25100,158.95999999999998,6026.000000000001,0.12278481012658228,0.19322033898305085,24723.25,2024-10-18 12:09:00,SL,196.3,-933.5000000000008,106.225002339,-1039.7250023390009
2024-10-18,2024-10-24,bear_call,2024-10-18 12:13:00,24800,25,24800,25200,142.7,6432.5,0.18734177215189873,0.14576271186440679,24794.85,2024-10-18 13:46:00,SL,185.3,-1065.0000000000005,104.673040905,-1169.6730409050006
2024-10-18,2024-10-24,bull_put,2024-10-18 10:16:00,24700,25,24700,24300,104.29999999999998,7392.500000000001,0.9227848101265823,0.9491525423728814,24678.65,2024-10-21 15:01:00,TIME,68.80000000000001,887.4999999999993,101.36506152,786.1349384799993
2024-10-18,2024-10-24,bear_call,2024-10-18 13:51:00,24850,25,24850,25250,152.14999999999998,6196.250000000001,0.08860759493670886,0.006779661016949152,24858.85,2024-10-21 15:01:00,TIME,76.75,1884.9999999999995,102.301996845,1782.6980031549995
2024-10-22,2024-10-24,bull_put,2024-10-22 10:35:00,24700,25,24700,24300,104.95,7376.25,0.9860759493670886,0.9593220338983051,24691.95,2024-10-22 13:24:00,SL,149.95,-1124.9999999999995,102.162085125,-1227.1620851249995
2024-10-22,2024-10-24,bull_put,2024-10-22 13:31:00,24600,25,24600,24200,99.80000000000001,7505.0,0.8240506329113924,0.8847457627118644,24595.6,2024-10-22 15:04:00,SL,146.55,-1168.75,101.84690124750003,-1270.5969012475
2024-10-23,2024-10-24,bull_put,2024-10-23 10:17:00,24550,25,24550,24150,87.45,7813.75,0.8481012658227848,0.8372881355932204,24533.05,2024-10-23 14:24:00,SL,143.9,-1411.25,100.75792571749999,-1512.0079257175
2024-10-22,2024-10-24,bear_call,2024-10-22 10:27:00,24700,25,24700,25100,98.7,7532.5,0.05569620253164557,0.06440677966101695,24685.25,2024-10-23 15:01:00,TIME,6.75,2298.75,98.5928132075,2200.1571867925
2024-10-24,2024-10-24,bear_call,2024-10-24 10:19:00,24450,25,24450,24850,23.56,9411.0,0.18734177215189873,0.11864406779661017,24426.75,2024-10-24 15:01:00,TIME,0.35000000000000003,580.2499999999999,95.29700514150002,484.9529948584999
2024-10-24,2024-10-24,bull_put,2024-10-24 10:42:00,24450,25,24450,24050,41.1,8972.5,0.8822784810126583,0.9050847457627119,24434.2,2024-10-24 15:01:00,TIME,50.349999999999994,-231.24999999999983,96.4710867325,-327.7210867324998
2024-10-25,2024-10-31,bull_put,2024-10-25 10:19:00,24250,25,24250,23850,111.1,7222.499999999999,0.8227848101265823,0.8305084745762712,24248.4,2024-10-25 12:16:00,SL,156.55,-1136.2500000000005,105.5041131925,-1241.7541131925004
2024-10-25,2024-10-31,bear_call,2024-10-25 10:27:00,24250,25,24250,24650,123.6,6909.999999999999,0.08481012658227848,0.03728813559322034,24230.7,2024-10-28 10:19:00,SL,169.10000000000002,-1137.5000000000007,103.18083386,-1240.6808338600008
2024-10-25,2024-10-31,bull_put,2024-10-25 12:22:00,24150,25,24150,23750,114.54999999999998,7136.250000000001,0.9443037974683545,0.9050847457627119,24146.6,2024-10-28 15:01:00,TIME,33.35,2029.9999999999998,101.46137852499999,1928.5386214749997
2024-10-28,2024-10-31,bull_put,2024-10-28 10:25:00,24400,25,24400,24000,100.99999999999999,7475.0,0.9417721518987342,0.8983050847457628,24389.25,2024-10-29 09:29:00,SL,151.65,-1266.2500000000005,102.64781352250002,-1368.8978135225004
2024-10-29,2024-10-31,bear_call,2024-10-29 10:32:00,24200,25,24200,24600,121.2,6970.0,0.08860759493670886,0.061016949152542375,24193.7,2024-10-29 12:15:00,SL,169.41,-1205.2499999999998,102.0160350815,-1307.2660350814997
2024-10-29,2024-10-31,bear_call,2024-10-29 12:25:00,24300,25,24300,24700,102.55000000000001,7436.25,0.12278481012658228,0.13220338983050847,24285.3,2024-10-29 14:05:00,SL,148.20000000000002,-1141.2500000000002,100.5333289625,-1241.7833289625003
2024-10-30,2024-10-31,bear_call,2024-10-30 10:24:00,24400,25,24400,24800,97.15,7571.250000000001,0.1291139240506329,0.09830508474576272,24407.65,2024-10-30 13:07:00,SL,141.75000000000003,-1115.0000000000005,99.973234885,-1214.9732348850005
2024-10-30,2024-10-31,bull_put,2024-10-30 13:07:00,24500,25,24500,24100,66.65,8333.75,0.9772151898734177,1.0,24494.1,2024-10-30 13:17:00,SL,126.50000000000001,-1496.2500000000002,98.96452912749999,-1595.2145291275
2024-10-29,2024-10-31,bull_put,2024-10-29 10:24:00,24200,25,24200,23800,80.8,7980.0,0.8278481012658228,0.8406779661016949,24220.25,2024-10-30 15:01:00,TIME,19.950000000000003,1521.2499999999998,98.30170760250002,1422.9482923974997
2024-10-30,2024-10-31,bear_call,2024-10-30 13:25:00,24400,25,24400,24800,74.24000000000001,8144.0,0.12151898734177215,0.13898305084745763,24381.45,2024-10-31 15:01:00,TIME,0.25,1849.7500000000002,97.1861742215,1752.5638257785001
2024-10-31,2024-10-31,bear_call,2024-10-31 10:18:00,24250,25,24250,24650,46.95,8826.25,0.11518987341772152,0.10847457627118644,24261.8,2024-10-31 15:01:00,TIME,0.35,1165.0,96.138561675,1068.861438325
2024-11-04,2024-11-07,bull_put,2024-11-04 10:18:00,24000,25,24000,23600,142.64999999999998,6433.750000000001,0.9885350318471338,0.9689655172413794,23982.45,2024-11-04 11:03:00,SL,183.86,-1030.250000000001,111.70299630150001,-1141.952996301501
2024-11-04,2024-11-07,bear_call,2024-11-04 10:28:00,23950,25,23950,24350,147.6,6310.0,0.05987261146496815,0.13448275862068965,23945.6,2024-11-05 13:34:00,SL,187.00000000000003,-985.0000000000009,107.65149217999999,-1092.6514921800008
2024-11-05,2024-11-07,bear_call,2024-11-05 13:39:00,24050,25,24050,24450,139.35,6516.249999999999,0.05222929936305733,0.17627118644067796,24067.35,2024-11-05 14:28:00,SL,181.0,-1041.2500000000002,105.59201722249999,-1146.8420172225003
2024-11-04,2024-11-07,bull_put,2024-11-04 11:21:00,23850,25,23850,23450,144.45,6388.75,0.954140127388535,0.9275862068965517,23850.8,2024-11-05 15:01:00,TIME,41.949999999999996,2562.5,105.07758259999999,2457.4224174
2024-11-06,2024-11-07,bear_call,2024-11-06 10:27:00,24350,25,24350,24750,97.9,7552.500000000001,0.12531645569620253,0.15254237288135594,24353.2,2024-11-06 13:40:00,SL,145.24,-1183.5,100.66133076899999,-1284.161330769
2024-11-06,2024-11-07,bull_put,2024-11-06 10:54:00,24350,25,24350,23950,89.10000000000001,7772.499999999999,0.9569620253164557,0.8949152542372881,24356.0,2024-11-07 10:02:00,SL,147.95000000000002,-1471.2500000000002,100.0502658975,-1571.3002658975001
2024-11-07,2024-11-07,bear_call,2024-11-07 10:27:00,24200,25,24200,24600,49.65,8758.75,0.13291139240506328,0.10508474576271186,24214.05,2024-11-07 15:01:00,TIME,3.9999999999999996,1141.25,96.34199766249999,1044.9080023375
2024-11-07,2024-11-07,bull_put,2024-11-07 10:39:00,24200,25,24200,23800,39.50000000000001,9012.5,0.8227848101265823,0.8067796610169492,24204.8,2024-11-07 15:01:00,TIME,3.75,893.7500000000002,95.8942994275,797.8557005725003
2024-11-08,2024-11-14,bear_call,2024-11-08 10:27:00,24200,25,24200,24600,135.34999999999997,6616.250000000001,0.12784810126582277,0.14576271186440679,24195.2,2024-11-11 11:16:00,SL,175.3,-998.7500000000011,104.1300229925,-1102.8800229925012
2024-11-08,2024-11-14,bull_put,2024-11-08 12:13:00,24100,25,24100,23700,108.60999999999999,7284.75,0.8025316455696202,0.8508474576271187,24120.7,2024-11-11 15:01:00,TIME,80.75,696.4999999999997,101.41046231899999,595.0895376809997
2024-11-12,2024-11-14,bull_put,2024-11-12 10:18:00,24200,25,24200,23800,103.30000000000001,7417.5,0.8417721518987342,0.9186440677966101,24178.9,2024-11-12 12:41:00,SL,162.6,-1482.4999999999995,101.71216125999999,-1584.2121612599994
2024-11-11,2024-11-14,bear_call,2024-11-11 11:28:00,24300,25,24300,24700,117.54999999999998,7061.250000000001,0.08481012658227848,0.19322033898305085,24299.75,2024-11-12 15:01:00,TIME,13.05,2612.4999999999995,99.47815189999999,2513.0218480999997
2024-11-13,2024-11-14,bull_put,2024-11-13 10:19:00,23700,25,23700,23300,86.0,7850.0,0.8253164556962025,0.8983050847457628,23714.0,2024-11-13 14:30:00,SL,139.90000000000003,-1347.500000000001,100.08588438,-1447.5858843800008
2024-11-12,2024-11-14,bear_call,2024-11-12 12:41:00,24050,25,24050,24450,104.89999999999999,7377.500000000001,0.021518987341772152,0.04067796610169491,24066.45,2024-11-13 15:01:00,TIME,2.96,2548.5,98.91588321900001,2449.584116781
2024-11-14,2024-11-14,bear_call,2024-11-14 10:28:00,23600,25,23600,24000,34.190000000000005,9145.25,0.15316455696202533,0.17966101694915254,23590.6,2024-11-14 15:01:00,TIME,0.3,847.2500000000002,95.68909349649999,751.5609065035003
2024-11-14,2024-11-14,bull_put,2024-11-14 11:36:00,23500,25,23500,23100,28.2,9295.0,0.8329113924050633,0.8135593220338984,23517.2,2024-11-14 15:01:00,TIME,2.75,636.25,95.4812563875,540.7687436125
2024-11-18,2024-11-21,bull_put,2024-11-18 10:25:00,23450,25,23450,23050,102.94999999999999,7426.25,0.9430379746835443,0.8711864406779661,23452.3,2024-11-18 10:49:00,SL,152.65,-1242.5000000000005,102.895201525,-1345.3952015250004
2024-11-18,2024-11-21,bear_call,2024-11-18 10:20:00,23450,25,23450,23850,110.0,7250.0,0.10379746835443038,0.13220338983050847,23425.9,2024-11-18 12:28:00,SL,157.70000000000002,-1192.5000000000005,101.94576466000001,-1294.4457646600003
2024-11-18,2024-11-21,bear_call,2024-11-18 12:40:00,23500,25,23500,23900,127.28999999999999,6817.750000000001,0.08227848101265822,0.12542372881355932,23510.4,2024-11-19 09:25:00,SL,184.95000000000002,-1441.5000000000007,102.68807197900001,-1544.1880719790006
2024-11-19,2024-11-21,bear_call,2024-11-19 10:16:00,23700,25,23700,24100,85.64999999999999,7858.750000000001,0.12278481012658228,0.0711864406779661,23686.3,2024-11-19 11:27:00,SL,133.60000000000002,-1198.7500000000007,99.36676231249999,-1298.1167623125007
2024-11-19,2024-11-21,bull_put,2024-11-19 11:41:00,23800,25,23800,23400,90.35,7741.249999999999,0.8936708860759494,0.847457627118644,23777.6,2024-11-19 14:12:00,SL,138.15,-1195.0000000000002,100.45497392499999,-1295.454973925
2024-11-18,2024-11-21,bull_put,2024-11-18 10:56:00,23400,25,23400,23000,113.03999999999999,7174.000000000001,0.839240506329114,0.8745762711864407,23388.95,2024-11-19 15:01:00,TIME,48.8,1605.9999999999998,100.468887994,1505.5311120059998
2024-11-21,2024-11-21,bull_put,2024-11-21 10:23:00,23300,25,23300,22900,32.35,9191.25,0.8518987341772152,0.8169491525423729,23322.55,2024-11-21 15:01:00,TIME,0.35000000000000003,800.0,95.66873346499999,704.331266535
2024-11-21,2024-11-21,bear_call,2024-11-21 10:37:00,23300,25,23300,23700,26.05,9348.75,0.07088607594936709,0.15932203389830507,23314.05,2024-11-21 15:01:00,TIME,43.64999999999999,-439.9999999999998,95.90391406499998,-535.9039140649998
2024-11-22,2024-11-28,bear_call,2024-11-22 10:23:00,23550,25,23550,23950,159.05,6023.75,0.04177215189873418,0.02711864406779661,23545.25,2024-11-22 12:07:00,SL,197.64999999999998,-964.9999999999991,108.184055055,-1073.1840550549991
2024-11-22,2024-11-28,bear_call,2024-11-22 12:13:00,23600,25,23600,24000,171.04999999999998,5723.75,0.09620253164556962,0.0576271186440678,23624.3,2024-11-22 13:46:00,SL,208.05,-925.0000000000007,109.63261357999998,-1034.6326135800007
2024-11-22,2024-11-28,bear_call,2024-11-22 14:15:00,23850,25,23850,24250,159.95,6001.25,0.1291139240506329,0.04067796610169491,23844.95,2024-11-25 09:16:00,SL,292.15000000000003,-3305.000000000001,115.405665715,-3420.405665715001
2024-11-25,2024-11-28,bull_put,2024-11-25 10:18:00,24300,25,24300,23900,114.45,7138.75,0.9088607594936708,0.8406779661016949,24292.45,2024-11-25 12:58:00,SL,170.3,-1396.2500000000002,105.5708914975,-1501.8208914975003
2024-11-22,2024-11-28,bull_put,2024-11-22 10:30:00,23550,25,23550,23150,113.8,7155.0,0.9,0.8135593220338984,23551.4,2024-11-25 15:01:00,TIME,9.64,2604.0,101.76626024400001,2502.233739756
2024-11-25,2024-11-28,bull_put,2024-11-25 13:12:00,24200,25,24200,23800,109.8,7255.0,0.9151898734177215,0.9288135593220339,24188.65,2024-11-26 15:01:00,TIME,71.9,947.4999999999998,101.79386113999999,845.7061388599998
2024-11-27,2024-11-28,bear_call,2024-11-27 10:24:00,24200,25,24200,24600,78.2,8045.0,0.15949367088607594,0.19322033898305085,24184.5,2024-11-27 12:24:00,SL,130.35,-1303.7499999999998,99.3042181375,-1403.0542181374997
2024-11-26,2024-11-28,bear_call,2024-11-26 10:16:00,24200,25,24200,24600,123.05,6923.75,0.11012658227848102,0.05084745762711865,24220.05,2024-11-27 13:11:00,SL,170.2,-1178.7499999999998,101.8327559075,-1280.5827559074999
2024-11-27,2024-11-28,bear_call,2024-11-27 12:29:00,24250,25,24250,24650,89.7,7757.5,0.08481012658227848,0.15593220338983052,24246.6,2024-11-27 13:11:00,SL,136.95000000000002,-1181.2500000000005,99.59369030250001,-1280.8436903025004
2024-11-27,2024-11-28,bull_put,2024-11-27 13:27:00,24350,25,24350,23950,69.45,8263.75,0.8430379746835444,0.847457627118644,24338.65,2024-11-28 09:38:00,SL,118.85,-1234.9999999999998,98.80191792000001,-1333.8019179199998
2024-11-27,2024-11-28,bear_call,2024-11-27 13:31:00,24300,25,24300,24700,91.85000000000001,7703.749999999999,0.09873417721518987,0.020338983050847456,24308.75,2024-11-28 15:01:00,TIME,0.35,2287.5000000000005,97.81003414999999,2189.6899658500006
2024-11-28,2024-11-28,bear_call,2024-11-28 10:16:00,24300,25,24300,24700,69.2,8270.0,0.1518987341772152,0.09830508474576272,24324.8,2024-11-28 15:01:00,TIME,0.35,1721.2500000000002,96.95792990249998,1624.2920700975003
2024-11-29,2024-12-05,bear_call,2024-11-29 10:45:00,24100,25,24100,24500,156.45,6088.75,0.07215189873417721,0.14915254237288136,24082.35,2024-12-02 13:59:00,SL,201.75000000000003,-1132.500000000001,107.554392495,-1240.054392495001
2024-11-29,2024-12-05,bull_put,2024-11-29 10:28:00,24050,25,24050,23650,115.1,7122.499999999999,0.9911392405063291,0.9491525423728814,24035.6,2024-12-02 15:01:00,TIME,50.05,1626.25,102.5262402625,1523.7237597375
2024-12-02,2024-12-05,bear_call,2024-12-02 14:11:00,24250,25,24250,24650,157.0,6075.0,0.10379746835443038,0.1288135593220339,24241.0,2024-12-03 10:26:00,SL,193.1,-902.4999999999999,105.26542093999998,-1007.7654209399999
2024-12-03,2024-12-05,bear_call,2024-12-03 10:36:00,24400,25,24400,24800,129.2,6770.0,0.17721518987341772,0.11864406779661017,24390.95,2024-12-04 09:32:00,SL,171.6,-1060.0000000000002,102.5305662,-1162.5305662000003
2024-12-03,2024-12-05,bull_put,2024-12-03 10:17:00,24350,25,24350,23950,103.89999999999999,7402.500000000001,0.8151898734177215,0.9559322033898305,24358.7,2024-12-04 15:01:00,TIME,70.30000000000001,839.9999999999995,101.00274411,738.9972558899996
2024-12-05,2024-12-05,bear_call,2024-12-05 10:17:00,24400,25,24400,24800,117.84999999999998,7053.750000000001,0.12025316455696203,0.1694915254237288,24410.25,2024-12-05 12:07:00,SL,170.35000000000002,-1312.5000000000011,102.05952845000002,-1414.5595284500012
2024-12-04,2024-12-05,bear_call,2024-12-04 10:17:00,24550,25,24550,24950,106.0,7350.0,0.12658227848101267,0.15932203389830507,24541.8,2024-12-05 12:13:00,SL,149.50000000000003,-1087.5000000000007,100.483873075,-1187.9838730750007
2024-12-05,2024-12-05,bear_call,2024-12-05 12:22:00,24600,25,24600,25000,137.48999999999998,6562.75,0.06455696202531645,0.1152542372881356,24608.75,2024-12-05 14:13:00,SL,182.65,-1129.0000000000007,102.19825601899998,-1231.1982560190006
2024-12-05,2024-12-05,bull_put,2024-12-05 12:32:00,24650,25,24650,24250,102.55000000000001,7436.25,0.920253164556962,0.8406779661016949,24627.45,2024-12-05 14:57:00,SL,200.9,-2458.75,102.13451840249999,-2560.8845184025
2024-12-06,2024-12-12,bull_put,2024-12-06 10:23:00,24700,25,24700,24300,132.79999999999998,6680.000000000001,0.9784810126582278,0.9220338983050848,24711.55,2024-12-09 15:01:00,TIME,149.70000000000002,-422.50000000000085,105.774757305,-528.2747573050009
2024-12-06,2024-12-12,bear_call,2024-12-06 11:13:00,24700,25,24700,25100,146.15,6346.25,0.08354430379746836,0.13559322033898305,24711.45,2024-12-09 15:01:00,TIME,89.3,1421.2500000000002,104.3463029725,1316.9036970275001
2024-12-10,2024-12-12,bull_put,2024-12-10 10:16:00,24650,25,24650,24250,105.69999999999999,7357.5,0.8936708860759494,0.8813559322033898,24657.45,2024-12-10 12:16:00,SL,150.55,-1121.2500000000005,102.1952756475,-1223.4452756475005
2024-12-10,2024-12-12,bear_call,2024-12-10 10:23:00,24650,25,24650,25050,100.35000000000001,7491.249999999999,0.13291139240506328,0.03389830508474576,24643.8,2024-12-11 15:01:00,TIME,53.25,1177.5000000000002,99.60481449000001,1077.8951855100001
2024-12-10,2024-12-12,bull_put,2024-12-10 12:47:00,24550,25,24550,24150,111.6,7209.999999999999,0.9544303797468354,0.823728813559322,24561.4,2024-12-11 15:01:00,TIME,30.21,2034.7499999999995,99.86232757650001,1934.8876724234995
2024-12-12,2024-12-12,bull_put,2024-12-12 10:32:00,24600,25,24600,24200,29.89,9252.75,0.8354430379746836,0.888135593220339,24624.7,2024-12-12 15:01:00,TIME,53.55,-591.4999999999999,96.233389554,-687.7333895539999
2024-12-12,2024-12-12,bear_call,2024-12-12 10:33:00,24600,25,24600,25000,31.050000000000004,9223.75,0.1379746835443038,0.05084745762711865,24604.5,2024-12-12 15:01:00,TIME,0.09999999999999998,773.7500000000001,95.7384983575,678.0115016425001
2024-12-13,2024-12-19,bear_call,2024-12-13 10:16:00,24300,25,24300,24700,133.65,6658.750000000001,0.016455696202531647,0.023728813559322035,24315.7,2024-12-13 11:53:00,SL,175.70999999999998,-1051.4999999999993,106.058552094,-1157.5585520939994
2024-12-13,2024-12-19,bear_call,2024-12-13 12:06:00,24500,25,24500,24900,152.6,6185.0,0.002531645569620253,0.03389830508474576,24519.4,2024-12-13 13:00:00,SL,192.85000000000002,-1006.2500000000007,107.8933220275,-1114.1433220275007
2024-12-13,2024-12-19,bear_call,2024-12-13 13:12:00,24650,25,24650,25050,145.10999999999999,6372.25,0.08354430379746836,0.01694915254237288,24653.05,2024-12-13 15:29:00,SL,183.4,-957.2500000000005,105.51284733649999,-1062.7628473365005
2024-12-13,2024-12-19,bull_put,2024-12-13 10:27:00,24250,25,24250,23850,121.29999999999998,6967.500000000001,0.9582278481012658,0.8372881355932204,24271.15,2024-12-16 15:01:00,TIME,21.35,2498.7499999999995,101.3924333125,2397.3575666874995
2024-12-16,2024-12-19,bear_call,2024-12-16 10:22:00,24700,25,24700,25100,120.41,6989.750000000001,0.15949367088607594,0.15254237288135594,24691.7,2024-12-17 15:01:00,TIME,25.259999999999998,2378.75,100.8202010105,2277.9297989895
2024-12-17,2024-12-19,bear_call,2024-12-17 10:21:00,24450,25,24450,24850,121.29999999999998,6967.500000000001,0.0012658227848101266,0.003389830508474576,24456.25,2024-12-18 15:01:00,TIME,15.200000000000003,2652.4999999999995,101.13353174,2551.3664682599997
2024-12-18,2024-12-19,bull_put,2024-12-18 10:17:00,24250,25,24250,23850,77.45,8063.75,0.9088607594936708,0.8847457627118644,24254.3,2024-12-19 09:16:00,SL,229.40000000000003,-3798.750000000001,102.8858909075,-3901.635890907501
2024-12-19,2024-12-19,bull_put,2024-12-19 11:39:00,24000,25,24000,23600,43.400000000000006,8915.0,0.9962025316455696,0.9830508474576272,23996.6,2024-12-19 15:01:00,TIME,49.8,-159.99999999999977,96.676444855,-256.6764448549998
2024-12-19,2024-12-19,bear_call,2024-12-19 11:44:00,23950,25,23950,24350,28.15,9296.25,0.08227848101265822,0.18983050847457628,23971.4,2024-12-19 15:01:00,TIME,2.9499999999999997,630.0,95.623464825,534.376535175
2024-12-27,2025-01-02,bull_put,2024-12-27 13:56:00,23850,75,23850,23450,89.95,23253.75,0.8443037974683544,0.9691358024691358,23857.65,2024-12-30 09:26:00,SL,135.9,-3446.25,115.79379304250001,-3562.0437930425
2024-12-30,2025-01-02,bear_call,2024-12-30 10:21:00,23750,75,23750,24150,123.2,20760.0,0.05822784810126582,0.17288135593220338,23762.65,2024-12-30 10:49:00,SL,169.25,-3453.75,119.2271075075,-3572.9771075075
2024-12-30,2025-01-02,bear_call,2024-12-30 10:56:00,23800,75,23800,24200,135.7,19822.5,0.08860759493670886,0.13220338983050847,23820.1,2024-12-30 11:51:00,SL,182.35,-3498.7500000000005,122.6143484525,-3621.3643484525005
2024-12-27,2025-01-02,bear_call,2024-12-27 13:48:00,23850,75,23850,24250,145.49999999999997,19087.500000000004,0.1379746835443038,0.12337662337662338,23846.2,2024-12-30 15:01:00,TIME,66.3,5939.999999999998,116.59196885000001,5823.408031149998
2024-12-30,2025-01-02,bear_call,2024-12-30 11:58:00,23900,75,23900,24300,131.14999999999998,20163.75,0.07341772151898734,0.1423728813559322,23889.9,2024-12-31 15:01:00,TIME,43.49999999999999,6573.749999999998,112.7756923925,6460.974307607498
2024-12-31,2025-01-02,bull_put,2024-12-31 10:16:00,23500,75,23500,23100,109.99999999999999,21750.0,0.9025316455696203,0.9152542372881356,23488.0,2025-01-01 15:01:00,TIME,34.1,5692.499999999998,110.30214942500001,5582.1978505749985
2025-01-01,2025-01-02,bull_put,2025-01-01 10:29:00,23650,75,23650,23250,96.2,22785.0,0.8354430379746836,0.8169491525423729,23643.5,2025-01-02 15:01:00,TIME,0.3,7192.5,106.679430305,7085.820569695
2025-01-02,2025-01-02,bull_put,2025-01-02 10:20:00,23850,75,23850,23450,77.35,24198.75,0.9240506329113924,0.8033898305084746,23860.45,2025-01-02 15:01:00,TIME,0.35000000000000003,5775.0,103.88654829500001,5671.1134517049995
2025-01-03,2025-01-09,bull_put,2025-01-03 11:09:00,24050,75,24050,23650,129.3,20302.5,0.9177215189873418,0.8169491525423729,24040.95,2025-01-06 09:36:00,SL,173.45000000000002,-3311.2500000000005,127.25767871749999,-3438.5076787175003
2025-01-06,2025-01-09,bull_put,2025-01-06 10:17:00,24050,75,24050,23650,125.33999999999999,20599.500000000004,0.930379746835443,0.9457627118644067,24040.2,2025-01-06 10:33:00,SL,168.05,-3203.250000000002,125.5002560195,-3328.7502560195016
2025-01-03,2025-01-09,bear_call,2025-01-03 10:29:00,24050,75,24050,24450,123.38999999999999,20745.75,0.10506329113924051,0.14576271186440679,24047.45,2025-01-06 15:01:00,TIME,39.449999999999996,6295.5,115.63779114199998,6179.862208858
2025-01-06,2025-01-09,bear_call,2025-01-06 10:34:00,23950,75,23950,24350,115.35,21348.75,0.030379746835443037,0.15254237288135594,23940.8,2025-01-07 15:01:00,TIME,32.699999999999996,6198.75,112.24524214249999,6086.5047578575
2025-01-07,2025-01-09,bull_put,2025-01-07 10:30:00,23750,75,23750,23350,100.54999999999998,22458.750000000004,0.9443037974683545,0.8983050847457628,23758.85,2025-01-08 09:29:00,SL,147.4,-3513.750000000002,117.16929955250001,-3630.919299552502
2025-01-08,2025-01-09,bear_call,2025-01-08 10:21:00,23650,75,23650,24050,69.85000000000001,24761.25,0.10253164556962026,0.02711864406779661,23636.7,2025-01-08 14:24:00,SL,124.19000000000001,-4075.5000000000005,108.92075193200002,-4184.420751932001
2025-01-08,2025-01-09,bull_put,2025-01-08 10:32:00,23600,75,23600,23200,75.55000000000001,24333.75,0.9265822784810127,0.9288135593220339,23612.3,2025-01-09 15:01:00,TIME,79.85000000000001,-322.4999999999998,106.004516435,-428.5045164349998
2025-01-09,2025-01-09,bear_call,2025-01-09 10:31:00,23600,75,23600,24000,34.150000000000006,27438.75,0.04177215189873418,0.006779661016949152,23613.95,2025-01-09 15:01:00,TIME,0.3,2538.7500000000005,98.36760946249998,2440.3823905375007
2025-01-10,2025-01-16,bear_call,2025-01-10 10:29:00,23400,75,23400,23800,155.54999999999998,18333.75,0.11772151898734177,0.0711864406779661,23409.0,2025-01-10 11:05:00,SL,198.11,-3192.0000000000023,135.20656147699998,-3327.206561477002
2025-01-10,2025-01-16,bull_put,2025-01-10 10:19:00,23400,75,23400,23000,121.85,20861.25,0.9316455696202531,0.9491525423728814,23402.15,2025-01-13 09:17:00,SL,181.55,-4477.500000000001,134.984652665,-4612.484652665001
2025-01-10,2025-01-16,bear_call,2025-01-10 11:21:00,23550,75,23550,23950,162.79999999999998,17790.0,0.09746835443037975,0.1288135593220339,23566.8,2025-01-13 15:01:00,TIME,14.09,11153.249999999998,119.54495975449998,11033.705040245499
2025-01-14,2025-01-16,bear_call,2025-01-14 10:19:00,23150,75,23150,23550,99.55000000000001,22533.75,0.10506329113924051,0.030508474576271188,23136.55,2025-01-14 10:50:00,SL,146.75000000000003,-3540.0000000000014,114.00196229000002,-3654.0019622900013
2025-01-13,2025-01-16,bear_call,2025-01-13 10:21:00,23250,75,23250,23650,140.14999999999998,19488.75,0.06582278481012659,0.16610169491525423,23263.2,2025-01-14 15:01:00,TIME,68.19999999999999,5396.249999999999,117.0916298975,5279.158370102499
2025-01-14,2025-01-16,bull_put,2025-01-14 11:01:00,23200,75,23200,22800,61.400000000000006,25395.0,0.8721518987341772,0.8677966101694915,23219.25,2025-01-15 15:01:00,TIME,37.05,1826.2500000000007,105.1538965775,1721.0961034225006
2025-01-15,2025-01-16,bull_put,2025-01-15 10:16:00,23200,75,23200,22800,51.4,26145.0,0.9113924050632911,0.888135593220339,23219.85,2025-01-16 15:01:00,TIME,0.25,3836.25,101.17200652250001,3735.0779934775
2025-01-16,2025-01-16,bear_call,2025-01-16 10:50:00,23300,75,23300,23700,16.94,28729.5,0.1240506329113924,0.09830508474576272,23298.05,2025-01-16 15:01:00,TIME,4.65,921.7500000000001,96.55437032449998,825.1956296755002
2025-01-17,2025-01-23,bull_put,2025-01-17 10:20:00,23200,75,23200,22800,101.89999999999999,22357.5,0.8556962025316456,0.8711864406779661,23215.05,2025-01-17 10:59:00,SL,149.85000000000002,-3596.2500000000023,126.42230321750002,-3722.6723032175023
2025-01-17,2025-01-23,bear_call,2025-01-17 10:34:00,23250,75,23250,23650,146.7,18997.5,0.07088607594936709,0.07796610169491526,23244.45,2025-01-20 12:22:00,SL,185.00000000000003,-2872.500000000003,127.146297485,-2999.6462974850033
2025-01-17,2025-01-23,bull_put,2025-01-17 11:10:00,23150,75,23150,22750,127.0,20475.0,0.9227848101265823,0.8169491525423729,23127.65,2025-01-20 15:01:00,TIME,46.15,6063.75,119.3464742825,5944.4035257175
2025-01-20,2025-01-23,bull_put,2025-01-20 12:22:00,23350,75,23350,22950,96.9,22732.5,0.9341772151898734,0.976271186440678,23370.05,2025-01-21 10:08:00,SL,144.1,-3539.999999999999,119.66979585499999,-3659.669795854999
2025-01-21,2025-01-23,bear_call,2025-01-21 10:16:00,23250,75,23250,23650,129.75,20268.75,0.09746835443037975,0.12542372881355932,23250.55,2025-01-21 11:52:00,SL,177.65,-3592.5000000000005,123.16494338000001,-3715.6649433800003
2025-01-21,2025-01-23,bull_put,2025-01-21 10:35:00,23150,75,23150,22750,119.38999999999999,21045.75,0.9189873417721519,0.8305084745762712,23160.1,2025-01-21 14:41:00,SL,163.3,-3293.250000000002,124.59911090450001,-3417.8491109045017
2025-01-21,2025-01-23,bear_call,2025-01-21 12:09:00,23300,75,23300,23700,135.79999999999998,19815.000000000004,0.002531645569620253,0.013559322033898305,23308.55,2025-01-22 15:01:00,TIME,19.05,8756.249999999998,113.1858549275,8643.064145072498
2025-01-22,2025-01-23,bear_call,2025-01-22 10:20:00,23100,75,23100,23500,93.65,22976.25,0.16962025316455695,0.1288135593220339,23080.2,2025-01-23 10:22:00,SL,140.75,-3532.4999999999995,110.54076180499999,-3643.0407618049994
2025-01-23,2025-01-23,bear_call,2025-01-23 10:40:00,23250,75,23250,23650,21.5,28387.5,0.1911392405063291,0.11864406779661017,23226.15,2025-01-23 15:01:00,TIME,0.35,1586.25,96.82506368749999,1489.4249363125
2025-01-23,2025-01-23,bull_put,2025-01-23 11:09:00,23200,75,23200,22800,10.549999999999999,29208.75,0.8126582278481013,0.8338983050847457,23222.25,2025-01-23 15:01:00,TIME,1.7,663.75,95.8687313225,567.8812686775
2025-01-24,2025-01-30,bear_call,2025-01-24 10:19:00,23150,25,23150,23550,145.04999999999998,6373.75,0.08607594936708861,0.10508474576271186,23133.3,2025-01-24 11:14:00,SL,195.0,-1248.7500000000005,107.3876290825,-1356.1376290825006
2025-01-24,2025-01-30,bull_put,2025-01-24 10:25:00,23150,25,23150,22750,121.15,6971.250000000001,0.9151898734177215,0.9796610169491525,23156.9,2025-01-27 09:16:00,SL,194.20000000000002,-1826.2500000000002,107.5978707675,-1933.8478707675001
2025-01-24,2025-01-30,bear_call,2025-01-24 11:20:00,23250,25,23250,23650,156.1,6097.5,0.14177215189873418,0.17288135593220338,23266.6,2025-01-27 15:01:00,TIME,25.5,3265.0,102.54138737,3162.45861263
2025-01-27,2025-01-30,bear_call,2025-01-27 10:18:00,22950,25,22950,23350,121.54999999999998,6961.250000000001,0.021518987341772152,0.013559322033898305,22930.8,2025-01-28 11:42:00,SL,167.55,-1150.0000000000007,104.66899726499999,-1254.6689972650006
2025-01-28,2025-01-30,bear_call,2025-01-28 11:47:00,23000,25,23000,23400,128.08999999999997,6797.750000000001,0.04050632911392405,0.020338983050847456,22993.95,2025-01-28 14:27:00,SL,182.4,-1357.7500000000007,104.44484287650002,-1462.1948428765006
2025-01-29,2025-01-30,bear_call,2025-01-29 10:16:00,23050,25,23050,23450,141.85,6453.749999999999,0.06835443037974684,0.12203389830508475,23067.55,2025-01-29 12:18:00,SL,181.0,-978.7500000000001,104.83919732749999,-1083.5891973275002
2025-01-28,2025-01-30,bull_put,2025-01-28 10:23:00,22900,25,22900,22500,127.39999999999998,6815.000000000001,0.9,0.9728813559322034,22884.95,2025-01-29 15:01:00,TIME,59.14999999999999,1706.2499999999995,101.7749363625,1604.4750636374995
2025-01-29,2025-01-30,bull_put,2025-01-29 12:18:00,23150,25,23150,22750,120.69999999999999,6982.5,0.9405063291139241,0.9457627118644067,23151.8,2025-01-30 15:01:00,TIME,1.6500000000000001,2976.2499999999995,100.49928467250001,2875.7507153274996
2025-01-30,2025-01-30,bear_call,2025-01-30 10:16:00,23300,25,23300,23700,80.21,7994.750000000001,0.15443037974683543,0.09152542372881356,23278.75,2025-01-30 15:01:00,TIME,0.9500000000000001,1981.4999999999998,97.36045513399999,1884.1395448659998
2025-01-31,2025-02-06,bear_call,2025-01-31 11:10:00,23400,75,23400,23800,190.54999999999998,15708.750000000002,0.0759493670886076,0.08135593220338982,23420.05,2025-02-01 10:59:00,SL,224.70000000000002,-2561.2500000000027,162.3255806075,-2723.5755806075026
2025-01-31,2025-02-06,bull_put,2025-01-31 10:16:00,23350,75,23350,22950,133.2,20010.0,0.8215189873417722,0.847457627118644,23348.65,2025-02-01 15:01:00,TIME,58.849999999999994,5576.25,133.09487581250002,5443.1551241875
2025-02-03,2025-02-06,bear_call,2025-02-03 10:17:00,23250,75,23250,23650,133.48999999999998,19988.25,0.09367088607594937,0.1864406779661017,23249.75,2025-02-03 13:09:00,SL,175.15,-3124.500000000002,121.12200135200001,-3245.622001352002
2025-02-01,2025-02-06,bear_call,2025-02-01 11:03:00,23550,75,23550,23950,163.2,17760.0,0.0037974683544303796,0.006779661016949152,23536.9,2025-02-03 15:01:00,TIME,37.89999999999999,9397.5,126.76712094499999,9270.732879055
2025-02-04,2025-02-06,bear_call,2025-02-04 10:26:00,23500,75,23500,23900,132.54,20059.500000000004,0.19873417721518988,0.16271186440677965,23515.95,2025-02-04 13:11:00,SL,174.75000000000003,-3165.7500000000027,121.57954319449999,-3287.3295431945025
2025-02-03,2025-02-06,bull_put,2025-02-03 13:10:00,23350,75,23350,22950,75.25,24356.25,0.889873417721519,0.9152542372881356,23351.55,2025-02-04 15:01:00,TIME,12.84,4680.75,106.52020316450002,4574.2297968355
2025-02-04,2025-02-06,bull_put,2025-02-04 13:11:00,23650,75,23650,23250,115.0,21375.0,0.970886075949367,0.9559322033898305,23633.4,2025-02-05 15:01:00,TIME,38.41,5744.25,113.3242981745,5630.9257018255
2025-02-05,2025-02-06,bull_put,2025-02-05 10:26:00,23750,75,23750,23350,74.75000000000001,24393.75,0.9025316455696203,0.9050847457627119,23757.05,2025-02-06 09:15:00,SL,86.44999999999999,-877.4999999999981,106.57889354,-984.078893539998
2025-02-06,2025-02-06,bull_put,2025-02-06 10:21:00,23650,75,23650,23250,56.900000000000006,25732.5,0.8620253164556962,0.9186440677966101,23644.1,2025-02-06 15:01:00,TIME,71.05,-1061.2499999999993,102.9935650325,-1164.2435650324994
2025-02-06,2025-02-06,bear_call,2025-02-06 10:50:00,23650,75,23650,24050,19.4,28545.0,0.15063291139240506,0.19661016949152543,23632.05,2025-02-06 15:01:00,TIME,0.4,1425.0,96.72245717000001,1328.27754283
2025-02-07,2025-02-13,bear_call,2025-02-07 10:19:00,23550,75,23550,23950,142.04999999999998,19346.250000000004,0.0012658227848101266,0.013559322033898305,23536.5,2025-02-07 11:19:00,SL,184.35,-3172.500000000001,129.28745112500002,-3301.787451125001
2025-02-07,2025-02-13,bull_put,2025-02-07 10:31:00,23550,75,23550,23150,113.83999999999999,21462.000000000004,0.9620253164556962,0.8067796610169492,23540.95,2025-02-10 09:32:00,SL,157.35000000000002,-3263.2500000000027,123.08690130949999,-3386.3369013095025
2025-02-07,2025-02-13,bear_call,2025-02-07 11:40:00,23650,75,23650,24050,151.34999999999997,18648.750000000004,0.05189873417721519,0.17288135593220338,23653.0,2025-02-10 15:01:00,TIME,47.8,7766.249999999997,117.9482766875,7648.301723312497
2025-02-11,2025-02-13,bull_put,2025-02-11 10:25:00,23300,75,23300,22900,107.5,21937.5,0.859493670886076,0.9525423728813559,23280.4,2025-02-11 12:58:00,SL,156.15000000000003,-3648.7500000000027,116.66461973750002,-3765.4146197375026
2025-02-10,2025-02-13,bear_call,2025-02-10 10:16:00,23350,75,23350,23750,134.64999999999998,19901.25,0.10886075949367088,0.14915254237288136,23360.4,2025-02-11 15:01:00,TIME,30.089999999999996,7841.999999999998,115.75343668699999,7726.246563312998
2025-02-12,2025-02-13,bear_call,2025-02-12 10:16:00,22800,75,22800,23200,113.1,21517.5,0.03291139240506329,0.09152542372881356,22811.95,2025-02-12 10:39:00,SL,161.55,-3633.7500000000014,116.9786409575,-3750.7286409575013
2025-02-12,2025-02-13,bear_call,2025-02-12 10:44:00,22900,75,22900,23300,87.5,23437.5,0.0620253164556962,0.19322033898305085,22876.9,2025-02-12 11:44:00,SL,140.8,-3997.500000000001,112.546118405,-4110.046118405001
2025-02-12,2025-02-13,bear_call,2025-02-12 11:51:00,23000,75,23000,23400,105.3,22102.5,0.010126582278481013,0.18983050847457628,22994.45,2025-02-12 11:59:00,SL,150.70000000000002,-3405.0000000000014,115.94974364,-3520.9497436400015
2025-02-12,2025-02-13,bear_call,2025-02-12 12:18:00,23000,75,23000,23400,124.24999999999999,20681.25,0.07974683544303797,0.14576271186440679,23019.6,2025-02-12 13:14:00,SL,167.05,-3210.000000000002,118.93052171,-3328.930521710002
2025-02-12,2025-02-13,bull_put,2025-02-12 13:14:00,23100,75,23100,22700,77.30000000000001,24202.5,0.9455696202531646,0.8542372881355932,23117.1,2025-02-12 14:01:00,SL,124.34,-3527.9999999999995,110.510875382,-3638.5108753819995
2025-02-11,2025-02-13,bear_call,2025-02-11 13:11:00,23100,75,23100,23500,110.7,21697.5,0.035443037974683546,0.023728813559322035,23095.25,2025-02-12 15:01:00,TIME,49.01,4626.75,111.3461806445,4515.4038193555
2025-02-12,2025-02-13,bear_call,2025-02-12 14:03:00,23000,75,23000,23400,96.7,22747.5,0.08227848101265822,0.17288135593220338,22999.55,2025-02-13 09:35:00,SL,143.0,-3472.5,111.82473270499999,-3584.324732705
2025-02-13,2025-02-13,bull_put,2025-02-13 10:34:00,23150,75,23150,22750,36.35,27273.75,0.9392405063291139,0.9220338983050848,23173.05,2025-02-13 13:41:00,SL,92.95,-4245.0,102.122196515,-4347.122196515
2025-02-13,2025-02-13,bear_call,2025-02-13 10:22:00,23150,75,23150,23550,68.2,24885.0,0.08987341772151898,0.08135593220338982,23156.55,2025-02-13 15:01:00,TIME,0.3,5092.5,101.83357406000002,4990.66642594
2025-02-13,2025-02-13,bull_put,2025-02-13 13:59:00,23100,75,23100,22700,40.85,26936.25,0.8063291139240506,0.8576271186440678,23086.9,2025-02-13 15:01:00,TIME,55.7,-1113.75,100.6884203975,-1214.4384203975
2025-02-14,2025-02-20,bull_put,2025-02-14 10:18:00,23050,75,23050,22650,100.41,22469.250000000004,0.8556962025316456,0.8610169491525423,23074.15,2025-02-14 10:39:00,SL,147.20000000000002,-3509.2500000000014,123.81114341450001,-3633.061143414501
2025-02-14,2025-02-20,bull_put,2025-02-14 10:54:00,22900,75,22900,22500,114.30000000000001,21427.5,0.8481012658227848,0.8542372881355932,22908.65,2025-02-17 09:17:00,SL,157.26,-3221.9999999999986,127.349068352,-3349.3490683519985
2025-02-17,2025-02-20,bear_call,2025-02-17 10:16:00,22750,75,22750,23150,155.14999999999998,18363.75,0.07974683544303797,0.15932203389830507,22752.7,2025-02-17 10:37:00,SL,198.8,-3273.7500000000027,134.6168609825,-3408.3668609825027
2025-02-14,2025-02-20,bear_call,2025-02-14 10:29:00,23050,75,23050,23450,145.75,19068.75,0.11772151898734177,0.18983050847457628,23047.7,2025-02-17 15:01:00,TIME,105.3,3033.75,121.7042805275,2912.0457194725
2025-02-17,2025-02-20,bull_put,2025-02-17 10:37:00,22900,75,22900,22500,111.6,21630.0,0.9696202531645569,0.9694915254237289,22878.55,2025-02-18 15:01:00,TIME,80.35,2343.75,115.52053783250001,2228.2294621675
2025-02-18,2025-02-20,bear_call,2025-02-18 10:19:00,22900,75,22900,23300,116.5,21262.5,0.18227848101265823,0.18305084745762712,22897.3,2025-02-19 10:16:00,SL,178.45000000000002,-4646.250000000001,119.15766487249999,-4765.407664872501
2025-02-19,2025-02-20,bull_put,2025-02-19 10:31:00,23050,75,23050,22650,85.0,23625.0,0.8405063291139241,0.847457627118644,23049.1,2025-02-19 10:56:00,SL,143.10000000000002,-4357.500000000002,112.761922685,-4470.261922685002
2025-02-19,2025-02-20,bull_put,2025-02-19 11:15:00,22950,75,22950,22550,72.49000000000001,24563.25,0.9139240506329114,0.8779661016949153,22972.1,2025-02-20 09:22:00,SL,125.25,-3956.999999999999,107.89764115700001,-4064.8976411569993
2025-02-19,2025-02-20,bear_call,2025-02-19 10:36:00,23000,75,23000,23400,116.46000000000001,21265.499999999996,0.03291139240506329,0.01694915254237288,23017.45,2025-02-20 15:01:00,TIME,0.35,8708.250000000002,108.0970793945,8600.152920605502
2025-02-20,2025-02-20,bull_put,2025-02-20 10:21:00,22900,75,22900,22500,44.900000000000006,26632.5,0.8708860759493671,0.8101694915254237,22890.7,2025-02-20 15:01:00,TIME,1.9,3225.0000000000005,99.45684900500001,3125.5431509950004
2025-02-21,2025-02-27,bull_put,2025-02-21 10:21:00,22800,75,22800,22400,116.69999999999999,21247.5,0.9911392405063291,1.0,22782.05,2025-02-24 09:17:00,SL,164.85000000000002,-3611.2500000000027,124.49089283749998,-3735.7408928375025
2025-02-21,2025-02-27,bear_call,2025-02-21 10:38:00,22800,75,22800,23200,139.91,19506.750000000004,0.18227848101265823,0.10508474576271186,22776.9,2025-02-24 15:01:00,TIME,29.599999999999998,8273.25,116.0218507295,8157.2281492705
2025-02-24,2025-02-27,bear_call,2025-02-24 10:16:00,22550,75,22550,22950,137.04999999999998,19721.250000000004,0.06455696202531645,0.14576271186440679,22568.4,2025-02-25 15:01:00,TIME,84.25,3959.9999999999986,115.43646671,3844.5635332899988
2025-02-25,2025-02-27,bear_call,2025-02-25 10:19:00,22600,75,22600,23000,64.2,25185.0,0.07721518987341772,0.01694915254237288,22578.4,2025-02-27 15:01:00,TIME,0.25,4796.25,101.8537231775,4694.3962768225
2025-02-27,2025-02-27,bull_put,2025-02-27 10:18:00,22550,75,22550,22150,20.599999999999998,28455.0,0.8772151898734177,0.8067796610169492,22548.4,2025-02-27 15:01:00,TIME,3.2499999999999996,1301.2499999999998,96.9238698575,1204.3261301424998
2025-02-28,2025-03-06,bull_put,2025-02-28 10:22:00,22300,75,22300,21900,93.15,23013.75,0.9873417721518988,0.9694915254237289,22287.05,2025-02-28 12:39:00,SL,138.85,-3427.499999999999,117.09610097000001,-3544.596100969999
2025-02-28,2025-03-06,bear_call,2025-02-28 10:29:00,22300,75,22300,22700,132.75,20043.75,0.189873417721519,0.19661016949152543,22276.45,2025-03-03 15:01:00,TIME,46.05,6502.5,113.664860555,6388.835139445
2025-02-28,2025-03-06,bull_put,2025-02-28 13:02:00,22150,75,22150,21750,108.2,21885.0,0.9911392405063291,0.976271186440678,22133.35,2025-03-03 15:01:00,TIME,105.85,176.25000000000063,116.0309174525,60.21908254750062
2025-03-04,2025-03-06,bear_call,2025-03-04 10:42:00,22050,75,22050,22450,99.41000000000001,22544.249999999996,0.15949367088607594,0.15932203389830507,22056.0,2025-03-05 09:25:00,SL,155.50000000000003,-4206.750000000001,112.8413107895,-4319.591310789501
2025-03-05,2025-03-06,bear_call,2025-03-05 10:19:00,22200,75,22200,22600,91.35000000000001,23148.75,0.14430379746835442,0.12203389830508475,22223.35,2025-03-05 11:36:00,SL,146.8,-4158.75,110.38691791250001,-4269.1369179125
2025-03-04,2025-03-06,bull_put,2025-03-04 10:34:00,22050,75,22050,21650,71.21000000000001,24659.249999999996,0.8607594936708861,0.8440677966101695,22072.55,2025-03-05 15:01:00,TIME,9.700000000000001,4613.25,103.6709776445,4509.5790223555
2025-03-05,2025-03-06,bull_put,2025-03-05 11:36:00,22300,75,22300,21900,65.95,25053.75,0.910126582278481,0.9864406779661017,22316.7,2025-03-06 15:01:00,TIME,0.25,4927.5,102.276411935,4825.223588065
2025-03-06,2025-03-06,bull_put,2025-03-06 10:17:00,22350,75,22350,21950,51.1,26167.5,0.9860759493670886,0.9525423728813559,22357.55,2025-03-06 15:01:00,TIME,0.2,3817.5,100.05095772499999,3717.449042275
2025-03-07,2025-03-13,bull_put,2025-03-07 10:18:00,22600,75,22600,22200,99.29999999999998,22552.500000000004,0.9772151898734177,0.9796610169491525,22619.5,2025-03-10 14:24:00,SL,153.45,-4061.2500000000005,118.84881194749998,-4180.0988119475005
2025-03-07,2025-03-13,bear_call,2025-03-07 10:23:00,22600,75,22600,23000,134.58999999999997,19905.750000000004,0.10253164556962026,0.13220338983050847,22602.85,2025-03-10 15:01:00,TIME,55.95,5897.999999999998,114.671166587,5783.328833412998
2025-03-11,2025-03-13,bear_call,2025-03-11 10:31:00,22400,75,22400,22800,111.85000000000001,21611.25,0.14556962025316456,0.15932203389830507,22413.7,2025-03-11 11:03:00,SL,162.85000000000002,-3825.000000000001,116.227077485,-3941.227077485001
2025-03-11,2025-03-13,bear_call,2025-03-11 11:19:00,22450,75,22450,22850,101.15,22413.75,0.10379746835443038,0.12203389830508475,22432.7,2025-03-12 09:16:00,SL,145.70000000000002,-3341.250000000001,112.13587738250003,-3453.385877382501
2025-03-11,2025-03-13,bull_put,2025-03-11 10:24:00,22450,75,22450,22050,102.2,22335.0,0.920253164556962,0.8576271186440678,22432.25,2025-03-12 15:01:00,TIME,48.75,4008.75,109.6284465275,3899.1215534725
2025-03-12,2025-03-13,bear_call,2025-03-12 10:16:00,22400,75,22400,22800,79.55,24033.75,0.11772151898734177,0.0847457627118644,22411.75,2025-03-13 09:58:00,SL,139.00000000000003,-4458.750000000003,108.37305457250001,-4567.123054572503
2025-03-13,2025-03-13,bull_put,2025-03-13 10:16:00,22550,75,22550,22150,28.1,27892.5,0.850632911392405,0.847457627118644,22551.65,2025-03-13 11:02:00,SL,87.0,-4417.5,100.6233185,-4518.1233185
2025-03-13,2025-03-13,bull_put,2025-03-13 11:13:00,22500,75,22500,22100,24.05,28196.25,0.8949367088607595,0.8135593220338984,22515.25,2025-03-13 11:38:00,SL,77.4,-4001.2500000000005,99.74810222750001,-4100.998102227501
2025-03-13,2025-03-13,bear_call,2025-03-13 10:24:00,22550,75,22550,22950,26.05,28046.25,0.16835443037974684,0.17288135593220338,22536.5,2025-03-13 15:01:00,TIME,0.25,1935.0,97.26958188500001,1837.730418115
2025-03-13,2025-03-13,bull_put,2025-03-13 12:01:00,22450,75,22450,22050,46.25,26531.25,0.9607594936708861,0.8203389830508474,22432.35,2025-03-13 15:01:00,TIME,56.6,-776.2500000000001,101.2703981975,-877.5203981975001
2025-03-17,2025-03-20,bear_call,2025-03-17 10:28:00,22500,75,22500,22900,107.96000000000001,21902.999999999996,0.16835443037974684,0.1016949152542373,22478.95,2025-03-18 09:16:00,SL,172.21,-4818.75,115.3010238665,-4934.0510238665
2025-03-17,2025-03-20,bull_put,2025-03-17 10:45:00,22450,75,22450,22050,82.25,23831.25,0.8240506329113924,0.8847457627118644,22472.45,2025-03-18 15:01:00,TIME,11.600000000000001,5298.75,105.7017037625,5193.0482962375
2025-03-18,2025-03-20,bull_put,2025-03-18 10:30:00,22750,75,22750,22350,83.85000000000001,23711.25,0.9569620253164557,0.9966101694915255,22763.25,2025-03-19 15:01:00,TIME,24.15,4477.500000000001,107.05673102,4370.4432689800005
2025-03-19,2025-03-20,bull_put,2025-03-19 10:16:00,22900,75,22900,22500,70.5,24712.5,0.9759493670886076,0.9966101694915255,22879.1,2025-03-20 15:01:00,TIME,0.3,5265.0,103.08844940000002,5161.9115506
2025-03-20,2025-03-20,bull_put,2025-03-20 10:17:00,23000,75,23000,22600,38.25,27131.25,0.9607594936708861,0.9491525423728814,23003.7,2025-03-20 15:01:00,TIME,0.35000000000000003,2842.5,98.80424566999999,2743.69575433
2025-03-21,2025-03-27,bear_call,2025-03-21 10:36:00,23300,75,23300,23700,120.69999999999999,20947.5,0.1468354430379747,0.18305084745762712,23294.75,2025-03-21 12:22:00,SL,171.55,-3813.750000000002,120.1121762675,-3933.862176267502
2025-03-21,2025-03-27,bear_call,2025-03-21 12:49:00,23400,75,23400,23800,123.39999999999999,20745.0,0.189873417721519,0.17288135593220338,23376.85,2025-03-24 09:20:00,SL,167.15000000000003,-3281.250000000003,120.10552157749999,-3401.355521577503
2025-03-21,2025-03-27,bull_put,2025-03-21 10:27:00,23300,75,23300,22900,109.1,21817.5,0.8759493670886076,0.9423728813559322,23276.05,2025-03-24 15:01:00,TIME,20.35,6656.25,111.08677165249999,6545.1632283475
2025-03-25,2025-03-27,bull_put,2025-03-25 10:20:00,23800,75,23800,23400,98.45,22616.25,0.9443037974683545,0.8745762711864407,23798.2,2025-03-25 10:57:00,SL,144.8,-3476.2500000000005,118.07286818750002,-3594.3228681875003
2025-03-24,2025-03-27,bull_put,2025-03-24 10:20:00,23550,75,23550,23150,94.85,22886.25,0.8544303797468354,0.8949152542372881,23559.05,2025-03-25 15:01:00,TIME,33.309999999999995,4615.5,109.97082366199999,4505.529176338
2025-03-26,2025-03-27,bull_put,2025-03-26 10:21:00,23700,75,23700,23300,76.10000000000001,24292.5,0.8848101265822785,0.8779661016949153,23682.1,2025-03-26 12:03:00,SL,130.25,-4061.2499999999995,109.93225705249999,-4171.182257052499
2025-03-25,2025-03-27,bull_put,2025-03-25 11:03:00,23700,75,23700,23300,89.65,23276.25,0.9822784810126582,0.911864406779661,23698.7,2025-03-26 13:11:00,SL,137.90000000000003,-3618.7500000000023,113.52804947749999,-3732.2780494775025
2025-03-26,2025-03-27,bull_put,2025-03-26 12:08:00,23600,75,23600,23200,66.4,25020.0,0.8772151898734177,0.8542372881355932,23596.05,2025-03-26 14:56:00,SL,119.70000000000002,-3997.500000000001,107.95886811500002,-4105.458868115001
2025-03-26,2025-03-27,bear_call,2025-03-26 13:19:00,23550,75,23550,23950,94.55000000000001,22908.75,0.07721518987341772,0.05084745762711865,23537.95,2025-03-27 15:01:00,TIME,43.4,3836.250000000001,106.9792701875,3729.270729812501
2025-03-27,2025-03-27,bull_put,2025-03-27 10:24:00,23600,75,23600,23200,22.65,28301.25,0.839240506329114,0.8440677966101695,23614.95,2025-03-27 15:01:00,TIME,9.100000000000001,1016.2499999999998,97.85228512249999,918.3977148774998
2025-03-28,2025-04-03,bull_put,2025-03-28 10:20:00,23550,75,23550,23150,99.5,22537.5,0.8417721518987342,0.8338983050847457,23535.6,2025-04-01 10:25:00,SL,162.25,-4706.25,119.3934820625,-4825.6434820625
2025-04-01,2025-04-03,bull_put,2025-04-01 10:40:00,23300,75,23300,22900,69.5,24787.5,0.9455696202531646,0.8372881355932204,23315.55,2025-04-01 11:37:00,SL,124.65,-4136.25,111.5899577675,-4247.8399577675
2025-03-28,2025-04-03,bear_call,2025-03-28 10:55:00,23600,75,23600,24000,150.0,18750.0,0.09367088607594937,0.12542372881355932,23624.05,2025-04-01 15:01:00,TIME,7.15,10713.75,116.0733208175,10597.6766791825
2025-04-01,2025-04-03,bear_call,2025-04-01 11:37:00,23200,75,23200,23600,110.8,21690.0,0.11392405063291139,0.10508474576271186,23201.0,2025-04-02 15:01:00,TIME,121.90000000000002,-832.5000000000017,113.356106885,-945.8561068850017
2025-04-02,2025-04-03,bull_put,2025-04-02 10:21:00,23250,75,23250,22850,68.65,24851.25,0.9025316455696203,0.8745762711864407,23254.0,2025-04-03 15:01:00,TIME,3.6999999999999997,4871.25,103.5702308825,4767.6797691175
2025-04-03,2025-04-03,bull_put,2025-04-03 10:23:00,23300,75,23300,22900,37.650000000000006,27176.25,0.9405063291139241,0.9084745762711864,23283.0,2025-04-03 15:01:00,TIME,52.349999999999994,-1102.499999999999,100.57187531000002,-1203.071875309999
2025-04-04,2025-04-09,bull_put,2025-04-04 10:19:00,22950,75,22950,22550,103.85,22211.25,0.9455696202531646,0.9525423728813559,22974.0,2025-04-07 09:16:00,SL,299.15,-14647.499999999998,176.09899319000002,-14823.598993189999
2025-04-07,2025-04-09,bull_put,2025-04-07 10:30:00,22000,75,22000,21600,112.24999999999997,21581.25,0.9860759493670886,0.8101694915254237,22005.15,2025-04-07 12:17:00,SL,156.45000000000005,-3315.0000000000055,164.11072115000002,-3479.1107211500057
2025-04-04,2025-04-09,bear_call,2025-04-04 10:24:00,22950,75,22950,23350,113.6,21480.0,0.03164556962025317,0.07796610169491526,22940.3,2025-04-07 15:01:00,TIME,12.55,7578.75,111.27623846750001,7467.4737615325
2025-04-08,2025-04-09,bear_call,2025-04-08 10:17:00,22400,75,22400,22800,134.25,19931.25,0.08227848101265822,0.09491525423728814,22386.9,2025-04-08 11:09:00,SL,185.15,-3817.5000000000005,124.72200807499998,-3942.2220080750003
2025-04-08,2025-04-09,bull_put,2025-04-08 11:09:00,22450,75,22450,22050,86.2,23535.0,0.9531645569620253,0.8305084745762712,22459.1,2025-04-08 11:31:00,SL,135.7,-3712.499999999999,133.292112185,-3845.792112184999
2025-04-08,2025-04-09,bear_call,2025-04-08 11:31:00,22350,75,22350,22750,153.34999999999997,18498.750000000004,0.06962025316455696,0.18983050847457628,22341.3,2025-04-08 11:48:00,SL,197.0,-3273.7500000000027,130.9498493525,-3404.6998493525025
2025-04-07,2025-04-09,bull_put,2025-04-07 12:42:00,21900,75,21900,21500,131.45,20141.25,0.9810126582278481,0.8711864406779661,21892.5,2025-04-08 15:01:00,TIME,16.499999999999996,8621.25,138.7894613375,8482.4605386625
2025-04-08,2025-04-09,bull_put,2025-04-08 11:48:00,22450,75,22450,22050,100.64999999999999,22451.25,0.9683544303797469,0.8576271186440678,22432.6,2025-04-09 15:01:00,TIME,52.55,3607.4999999999995,118.953430355,3488.5465696449996
2025-04-09,2025-04-09,bull_put,2025-04-09 10:18:00,22400,75,22400,22000,35.400000000000006,27345.0,0.8582278481012658,0.888135593220339,22405.6,2025-04-09 15:01:00,TIME,3.9,2362.5000000000005,98.79453382999999,2263.7054661700004
2025-04-11,2025-04-17,bear_call,2025-04-11 10:21:00,22800,75,22800,23200,167.8,17415.0,0.16455696202531644,0.0847457627118644,22820.15,2025-04-15 09:16:00,SL,316.8,-11175.0,165.729423545,-11340.729423545
2025-04-11,2025-04-17,bull_put,2025-04-11 10:16:00,22850,75,22850,22450,124.99999999999999,20625.0,0.8949367088607595,0.9457627118644067,22841.1,2025-04-15 15:01:00,TIME,7.400000000000001,8819.999999999998,122.78516429000001,8697.214835709998
2025-04-16,2025-04-17,bear_call,2025-04-16 10:16:00,23350,75,23350,23750,47.75,26418.75,0.16835443037974684,0.13898305084745763,23343.3,2025-04-16 14:12:00,SL,104.10000000000001,-4226.250000000001,105.2161812275,-4331.466181227501
2025-04-15,2025-04-17,bear_call,2025-04-15 10:20:00,23300,75,23300,23700,100.51,22461.75,0.189873417721519,0.1694915254237288,23301.2,2025-04-16 15:01:00,TIME,114.90000000000002,-1079.2500000000011,113.04053384449999,-1192.2905338445012
2025-04-16,2025-04-17,bull_put,2025-04-16 14:12:00,23400,75,23400,23000,79.5,24037.5,0.9632911392405064,0.8949152542372881,23419.3,2025-04-17 09:29:00,SL,130.3,-3810.000000000001,108.942158255,-3918.942158255001
2025-04-17,2025-04-17,bear_call,2025-04-17 10:55:00,23400,75,23400,23800,60.400000000000006,25470.0,0.035443037974683546,0.09830508474576272,23420.7,2025-04-17 11:17:00,SL,115.36,-4121.999999999999,106.01896786700001,-4228.018967866999
2025-04-17,2025-04-17,bear_call,2025-04-17 11:56:00,23550,75,23550,23950,98.5,22612.5,0.020253164556962026,0.09491525423728814,23573.7,2025-04-17 12:28:00,SL,151.71,-3990.7500000000005,110.6245596245,-4101.374559624501
2025-04-17,2025-04-17,bear_call,2025-04-17 12:38:00,23700,75,23700,24100,38.550000000000004,27108.75,0.03670886075949367,0.10508474576271186,23686.3,2025-04-17 13:12:00,SL,96.69999999999999,-4361.249999999999,101.9019848975,-4463.1519848974995
2025-04-17,2025-04-17,bull_put,2025-04-17 10:18:00,23350,75,23350,22950,46.650000000000006,26501.25,0.9544303797468354,0.8949152542372881,23367.0,2025-04-17 15:01:00,TIME,0.2,3483.75,99.5718854975,3384.1781145025
2025-04-17,2025-04-17,bear_call,2025-04-17 13:22:00,23800,75,23800,24200,26.05,28046.25,0.11772151898734177,0.18983050847457628,23781.35,2025-04-17 15:01:00,TIME,53.699999999999996,-2073.7499999999995,99.03766454750001,-2172.7876645474994
2025-04-21,2025-04-24,bear_call,2025-04-21 10:22:00,24000,75,24000,24400,125.14999999999999,20613.75,0.1759493670886076,0.1288135593220339,24020.05,2025-04-21 11:15:00,SL,167.70000000000002,-3191.250000000002,124.7573363825,-3316.0073363825018
2025-04-21,2025-04-24,bear_call,2025-04-21 11:32:00,24100,75,24100,24500,116.73999999999998,21244.5,0.12151898734177215,0.07457627118644068,24112.9,2025-04-22 11:02:00,SL,160.8,-3304.5000000000023,119.933203562,-3424.4332035620023
2025-04-21,2025-04-24,bull_put,2025-04-21 10:52:00,24100,75,24100,23700,103.5,22237.5,0.8759493670886076,0.9152542372881356,24095.95,2025-04-22 15:01:00,TIME,47.9,4170.0,113.44686521000001,4056.55313479
2025-04-22,2025-04-24,bull_put,2025-04-22 11:02:00,24250,75,24250,23850,88.1,23392.5,0.9075949367088607,0.9525423728813559,24241.1,2025-04-23 10:55:00,SL,134.35000000000002,-3468.7500000000023,113.22433820749998,-3581.974338207502
2025-04-23,2025-04-24,bear_call,2025-04-23 10:55:00,24150,75,24150,24550,66.45,25016.25,0.08354430379746836,0.12542372881355932,24129.55,2025-04-23 11:44:00,SL,116.00000000000001,-3716.250000000001,108.60767998249999,-3824.857679982501
2025-04-23,2025-04-24,bear_call,2025-04-23 11:53:00,24200,75,24200,24600,78.4,24120.0,0.03291139240506329,0.06779661016949153,24212.45,2025-04-23 14:20:00,SL,127.40000000000002,-3675.000000000001,110.06730201500001,-3785.067302015001
2025-04-23,2025-04-24,bull_put,2025-04-23 10:20:00,24200,75,24200,23800,65.75,25068.75,0.9582278481012658,0.9050847457627119,24218.3,2025-04-24 15:01:00,TIME,0.75,4875.0,102.920213915,4772.079786085
2025-04-24,2025-04-24,bear_call,2025-04-24 10:21:00,24300,75,24300,24700,22.65,28301.25,0.15316455696202533,0.13559322033898305,24285.5,2025-04-24 15:01:00,TIME,0.30000000000000004,1676.2499999999998,97.3846050575,1578.8653949424997
2025-04-25,2025-04-30,bull_put,2025-04-25 10:24:00,24050,75,24050,23650,114.94999999999999,21378.75,0.9405063291139241,0.9559322033898305,24040.75,2025-04-25 11:19:00,SL,155.70000000000002,-3056.2500000000023,135.4194989825,-3191.6694989825023
2025-04-25,2025-04-30,bear_call,2025-04-25 10:17:00,24000,75,24000,24400,157.5,18187.5,0.10506329113924051,0.1288135593220339,24016.9,2025-04-25 13:59:00,SL,197.3,-2985.000000000001,139.542842915,-3124.542842915001
2025-04-25,2025-04-30,bear_call,2025-04-25 14:05:00,24100,75,24100,24500,148.64999999999998,18851.25,0.09113924050632911,0.003389830508474576,24123.8,2025-04-28 10:06:00,SL,193.05,-3330.0000000000027,129.852442085,-3459.8524420850026
2025-04-28,2025-04-30,bear_call,2025-04-28 10:24:00,24250,75,24250,24650,109.35000000000001,21798.75,0.14177215189873418,0.14576271186440679,24251.7,2025-04-28 12:19:00,SL,154.5,-3386.2499999999995,116.5549010675,-3502.8049010674995
2025-04-25,2025-04-30,bull_put,2025-04-25 11:28:00,23900,75,23900,23500,104.6,22155.0,0.9025316455696203,0.8949152542372881,23901.75,2025-04-28 15:01:00,TIME,10.05,7091.25,117.0631812875,6974.1868187125
2025-04-28,2025-04-30,bear_call,2025-04-28 13:05:00,24350,75,24350,24750,102.45,22316.25,0.15063291139240506,0.10847457627118644,24330.9,2025-04-29 15:01:00,TIME,39.55,4717.5,108.88812125000001,4608.61187875
2025-04-29,2025-04-30,bear_call,2025-04-29 10:20:00,24300,75,24300,24700,80.2,23985.0,0.09873417721518987,0.06779661016949153,24319.0,2025-04-30 15:01:00,TIME,87.4,-540.0000000000002,106.93778318,-646.9377831800002
2025-04-30,2025-04-30,bear_call,2025-04-30 10:29:00,24350,75,24350,24750,16.54,28759.5,0.07088607594936709,0.14915254237288136,24338.3,2025-04-30 15:01:00,TIME,42.199999999999996,-1924.4999999999998,97.722024152,-2022.2220241519997
2025-05-02,2025-05-08,bull_put,2025-05-02 10:40:00,24500,75,24500,24100,97.05000000000001,22721.25,0.9607594936708861,0.9795221843003413,24520.7,2025-05-02 11:25:00,SL,145.65,-3644.9999999999995,131.21248367,-3776.2124836699995
2025-05-02,2025-05-08,bull_put,2025-05-02 11:30:00,24400,75,24400,24000,113.00999999999998,21524.25,0.8860759493670886,0.8191126279863481,24387.3,2025-05-02 12:29:00,SL,163.20000000000002,-3764.250000000003,137.8744810895,-3902.124481089503
2025-05-02,2025-05-08,bear_call,2025-05-02 10:16:00,24550,75,24550,24950,172.39999999999998,17070.0,0.13037974683544304,0.10238907849829351,24568.2,2025-05-05 15:01:00,TIME,54.15,8868.749999999998,123.08418248749999,8745.665817512498
2025-05-02,2025-05-08,bull_put,2025-05-02 12:36:00,24250,75,24250,23850,110.79999999999998,21690.000000000004,0.9518987341772152,0.8839590443686007,24269.9,2025-05-05 15:01:00,TIME,23.45,6551.249999999998,120.9911557925,6430.258844207498
2025-05-06,2025-05-08,bear_call,2025-05-06 10:18:00,24400,75,24400,24800,61.190000000000005,25410.75,0.17974683544303796,0.17966101694915254,24384.15,2025-05-07 15:01:00,TIME,37.949999999999996,1743.0000000000007,103.662750137,1639.3372498630006
2025-05-06,2025-05-08,bull_put,2025-05-06 10:30:00,24400,75,24400,24000,60.7,25447.5,0.859493670886076,0.9220338983050848,24385.8,2025-05-07 15:01:00,TIME,64.75,-303.7499999999998,108.56866676749999,-412.31866676749974
2025-05-08,2025-05-08,bull_put,2025-05-08 10:22:00,24400,75,24400,24000,24.849999999999998,28136.25,0.8810126582278481,0.9525423728813559,24405.0,2025-05-08 14:53:00,SL,94.35,-5212.5,100.802435405,-5313.302435405
2025-05-08,2025-05-08,bear_call,2025-05-08 10:31:00,24400,75,24400,24800,11.65,29126.25,0.13037974683544304,0.10508474576271186,24399.0,2025-05-08 15:01:00,TIME,0.25,855.0,95.9301158,759.0698842
2025-05-09,2025-05-15,bear_call,2025-05-09 10:21:00,24050,75,24050,24450,169.64999999999998,17276.25,0.03291139240506329,0.17064846416382254,24031.5,2025-05-12 09:16:00,SL,312.85,-10740.000000000004,158.94797903,-10898.947979030003
2025-05-12,2025-05-15,bear_call,2025-05-12 10:38:00,24700,75,24700,25100,132.24999999999997,20081.25,0.14050632911392405,0.19661016949152543,24684.85,2025-05-12 12:32:00,SL,174.55,-3172.500000000003,129.00161942,-3301.5016194200034
2025-05-12,2025-05-15,bear_call,2025-05-12 13:05:00,24800,75,24800,25200,139.84999999999997,19511.250000000004,0.1379746835443038,0.10508474576271186,24781.25,2025-05-12 14:15:00,SL,178.75000000000003,-2917.5000000000045,133.76831675,-3051.2683167500045
2025-05-09,2025-05-15,bull_put,2025-05-09 10:26:00,24050,75,24050,23650,106.45999999999998,22015.5,0.9265822784810127,0.8054607508532423,24051.55,2025-05-12 15:01:00,TIME,10.250000000000002,7215.749999999998,128.74087971950001,7087.009120280498
2025-05-12,2025-05-15,bull_put,2025-05-12 14:15:00,24850,75,24850,24450,117.04999999999998,21221.250000000004,0.9227848101265823,1.0,24866.2,2025-05-13 09:31:00,SL,165.60000000000002,-3641.250000000003,134.8081132475,-3776.058113247503
2025-05-13,2025-05-15,bull_put,2025-05-13 10:17:00,24800,75,24800,24400,138.31,19626.75,0.9493670886075949,0.911864406779661,24783.85,2025-05-13 10:30:00,SL,193.25000000000003,-4120.500000000002,139.01582853199997,-4259.515828532002
2025-05-13,2025-05-15,bull_put,2025-05-13 10:40:00,24700,75,24700,24300,144.2,19185.0,0.9278481012658227,0.8813559322033898,24695.25,2025-05-13 15:13:00,SL,185.70000000000002,-3112.5000000000023,133.7434568,-3246.243456800002
2025-05-14,2025-05-15,bull_put,2025-05-14 10:16:00,24750,75,24750,24350,98.7,22597.5,0.8316455696202532,0.9491525423728814,24758.3,2025-05-14 11:50:00,SL,153.9,-4140.0,115.99761593000001,-4255.99761593
2025-05-14,2025-05-15,bull_put,2025-05-14 12:00:00,24650,75,24650,24250,91.5,23137.5,0.8658227848101265,0.8542372881355932,24662.15,2025-05-14 12:51:00,SL,143.8,-3922.500000000001,113.753706245,-4036.253706245001
2025-05-13,2025-05-15,bear_call,2025-05-13 10:20:00,24750,75,24750,25150,137.95,19653.75,0.14303797468354432,0.1694915254237288,24751.7,2025-05-14 15:01:00,TIME,39.55,7379.999999999999,118.62889781000001,7261.371102189999
2025-05-15,2025-05-15,bear_call,2025-05-15 10:21:00,24550,75,24550,24950,66.34,25024.499999999996,0.08607594936708861,0.1694915254237288,24540.15,2025-05-15 10:37:00,SL,123.60000000000001,-4294.5,108.033728372,-4402.533728372
2025-05-14,2025-05-15,bull_put,2025-05-14 13:01:00,24600,75,24600,24200,111.55,21633.75,0.9088607594936708,0.9457627118644067,24589.75,2025-05-15 15:01:00,TIME,0.30000000000000004,8343.75,108.31488407750001,8235.4351159225
2025-05-15,2025-05-15,bull_put,2025-05-15 10:38:00,24650,75,24650,24250,100.85000000000001,22436.25,0.979746835443038,0.9084745762711864,24647.35,2025-05-15 15:01:00,TIME,0.35000000000000003,7537.500000000001,105.81497256499999,7431.685027435001
2025-05-16,2025-05-22,bear_call,2025-05-16 10:24:00,25000,75,25000,25400,133.5,19987.5,0.07468354430379746,0.0576271186440678,24994.4,2025-05-19 15:01:00,TIME,96.10000000000001,2804.9999999999995,123.332727275,2681.6672727249997
2025-05-16,2025-05-22,bull_put,2025-05-16 11:33:00,25000,75,25000,24600,119.0,21075.0,0.8582278481012658,0.9423728813559322,24991.2,2025-05-19 15:01:00,TIME,140.25,-1593.75,126.9612824075,-1720.7112824075
2025-05-20,2025-05-22,bull_put,2025-05-20 10:23:00,24900,75,24900,24500,99.75,22518.75,0.8518987341772152,0.8271186440677966,24894.65,2025-05-20 12:59:00,SL,153.6,-4038.7499999999995,120.0588233075,-4158.8088233075
2025-05-20,2025-05-22,bull_put,2025-05-20 13:07:00,24800,75,24800,24400,96.64999999999999,22751.25,0.8974683544303798,0.8915254237288136,24805.2,2025-05-20 14:42:00,SL,144.20000000000002,-3566.250000000002,116.68371772250002,-3682.933717722502
2025-05-21,2025-05-22,bull_put,2025-05-21 10:16:00,24900,75,24900,24500,112.55,21558.75,0.8860759493670886,0.9152542372881356,24879.3,2025-05-21 12:11:00,SL,167.2,-4098.749999999999,120.0366948125,-4218.786694812499
2025-05-20,2025-05-22,bear_call,2025-05-20 10:54:00,24950,75,24950,25350,107.54999999999998,21933.750000000004,0.08227848101265822,0.09152542372881356,24934.35,2025-05-21 15:01:00,TIME,57.9,3723.7499999999986,112.72499984749999,3611.0250001524987
2025-05-22,2025-05-22,bull_put,2025-05-22 10:17:00,24600,75,24600,24200,47.010000000000005,26474.25,0.8873417721518987,0.8610169491525423,24611.15,2025-05-22 12:50:00,SL,102.7,-4176.75,103.43038602950001,-4280.1803860295
2025-05-22,2025-05-22,bear_call,2025-05-22 12:56:00,24500,75,24500,24900,36.86,27235.5,0.15443037974683543,0.17288135593220338,24514.1,2025-05-22 14:56:00,SL,94.39999999999999,-4315.499999999999,101.88861897199999,-4417.388618971999
2025-05-21,2025-05-22,bear_call,2025-05-21 12:11:00,24750,75,24750,25150,101.9,22357.5,0.035443037974683546,0.14576271186440679,24759.8,2025-05-22 15:01:00,TIME,0.95,7571.25,107.9681075975,7463.2818924025
2025-05-23,2025-05-29,bear_call,2025-05-23 10:17:00,24800,75,24800,25200,160.81,17939.25,0.09240506329113925,0.14576271186440679,24796.5,2025-05-23 10:56:00,SL,195.70000000000002,-2616.750000000001,142.46054847949998,-2759.210548479501
2025-05-23,2025-05-29,bear_call,2025-05-23 11:18:00,24900,75,24900,25300,158.25,18131.25,0.09746835443037975,0.1694915254237288,24875.5,2025-05-26 09:21:00,SL,195.8,-2816.250000000001,141.7475099375,-2957.997509937501
2025-05-23,2025-05-29,bull_put,2025-05-23 10:26:00,24800,75,24800,24400,122.89999999999999,20782.5,0.8379746835443038,0.8067796610169492,24794.75,2025-05-26 15:01:00,TIME,72.6,3772.5,123.68344918999999,3648.81655081
2025-05-27,2025-05-29,bear_call,2025-05-27 10:17:00,24750,75,24750,25150,147.7,18922.5,0.07721518987341772,0.1016949152542373,24755.65,2025-05-27 11:06:00,SL,203.85000000000002,-4211.250000000003,142.14454670749998,-4353.394546707503
2025-05-27,2025-05-29,bear_call,2025-05-27 11:11:00,24850,75,24850,25250,152.89999999999998,18532.5,0.010126582278481013,0.04406779661016949,24844.6,2025-05-27 11:26:00,SL,199.5,-3495.000000000002,142.44661317499998,-3637.446613175002
2025-05-26,2025-05-29,bear_call,2025-05-26 10:17:00,25050,75,25050,25450,156.35,18273.75,0.09873417721518987,0.030508474576271188,25035.8,2025-05-27 15:01:00,TIME,85.89999999999999,5283.75,125.68870510249998,5158.0612948975
2025-05-27,2025-05-29,bear_call,2025-05-27 11:36:00,25000,75,25000,25400,165.6,17580.0,0.030379746835443037,0.08135593220338982,25014.85,2025-05-28 15:01:00,TIME,40.0,9420.0,126.25517056999999,9293.74482943
2025-05-28,2025-05-29,bear_call,2025-05-28 10:16:00,24750,75,24750,25150,112.19999999999999,21585.0,0.09240506329113925,0.04067796610169491,24738.5,2025-05-29 09:16:00,SL,154.85000000000002,-3198.7500000000027,120.21524912750002,-3318.965249127503
2025-05-29,2025-05-29,bull_put,2025-05-29 10:51:00,24750,75,24750,24350,35.81,27314.25,0.9215189873417722,0.8983050847457628,24764.4,2025-05-29 12:40:00,SL,103.14999999999999,-5050.499999999999,102.194436947,-5152.694436946999
2025-05-29,2025-05-29,bear_call,2025-05-29 10:31:00,24750,75,24750,25150,56.61,25754.25,0.06835443037974684,0.0576271186440678,24762.45,2025-05-29 15:01:00,TIME,52.5,308.24999999999994,102.8936955845,205.35630441549995
2025-05-29,2025-05-29,bull_put,2025-05-29 12:46:00,24700,75,24700,24300,38.75000000000001,27093.75,0.8708860759493671,0.8406779661016949,24706.75,2025-05-29 15:01:00,TIME,0.45,2872.5000000000005,98.74908062,2773.7509193800006
2025-05-30,2025-06-05,bull_put,2025-05-30 10:55:00,24750,75,24750,24350,132.45,20066.25,0.9481012658227848,0.9152542372881356,24748.85,2025-06-02 09:16:00,SL,185.65,-3990.0000000000014,139.55039477,-4129.550394770002
2025-06-02,2025-06-05,bear_call,2025-06-02 10:16:00,24550,75,24550,24950,138.39999999999998,19620.0,0.02911392405063291,0.03728813559322034,24565.45,2025-06-02 12:04:00,SL,180.05,-3123.7500000000027,140.7687633425,-3264.5187633425026
2025-05-30,2025-06-05,bear_call,2025-05-30 10:16:00,24800,75,24800,25200,138.75,19593.75,0.0759493670886076,0.020338983050847456,24777.5,2025-06-02 15:01:00,TIME,142.20000000000002,-258.75000000000125,132.92104421750003,-391.6710442175013
2025-06-02,2025-06-05,bull_put,2025-06-02 12:04:00,24650,75,24650,24250,137.79999999999998,19665.000000000004,0.9025316455696203,0.9050847457627119,24666.55,2025-06-03 12:52:00,SL,186.90000000000003,-3682.5000000000036,135.93491957,-3818.434919570004
2025-06-03,2025-06-05,bull_put,2025-06-03 10:17:00,24650,75,24650,24250,135.7,19822.5,0.8582278481012658,0.8406779661016949,24672.25,2025-06-03 12:52:00,SL,186.90000000000003,-3840.0000000000036,134.38057301,-3974.3805730100034
2025-06-03,2025-06-05,bear_call,2025-06-03 13:06:00,24500,75,24500,24900,148.59999999999997,18855.000000000004,0.11772151898734177,0.1864406779661017,24521.1,2025-06-04 15:01:00,TIME,143.75,363.74999999999744,129.2770848875,234.47291511249745
2025-06-03,2025-06-05,bull_put,2025-06-03 13:15:00,24550,75,24550,24150,140.39999999999998,19470.0,0.9025316455696203,0.8203389830508474,24541.45,2025-06-04 15:01:00,TIME,41.8,7394.999999999998,118.46885669000001,7276.531143309998
2025-06-05,2025-06-05,bear_call,2025-06-05 10:19:00,24700,75,24700,25100,42.5,26812.5,0.14177215189873418,0.0847457627118644,24714.4,2025-06-05 12:04:00,SL,109.7,-5040.0,103.20760907,-5143.20760907
2025-06-05,2025-06-05,bull_put,2025-06-05 10:26:00,24750,75,24750,24350,53.00000000000001,26025.0,0.8936708860759494,0.8271186440677966,24736.6,2025-06-05 15:01:00,TIME,24.0,2175.0000000000005,101.066936525,2073.9330634750004
2025-06-05,2025-06-05,bear_call,2025-06-05 12:20:00,24850,75,24850,25250,70.2,24735.0,0.0620253164556962,0.17627118644067796,24852.4,2025-06-05 15:01:00,TIME,0.35,5238.750000000001,102.06833567750002,5136.681664322501
2025-06-06,2025-06-12,bear_call,2025-06-06 11:23:00,24950,75,24950,25350,152.2,18585.0,0.0379746835443038,0.17627118644067796,24963.85,2025-06-09 09:16:00,SL,191.45000000000005,-2943.750000000004,133.5568976075,-3077.306897607504
2025-06-06,2025-06-12,bull_put,2025-06-06 10:23:00,24750,75,24750,24350,116.30000000000001,21277.5,0.9417721518987342,0.823728813559322,24762.2,2025-06-09 15:01:00,TIME,24.999999999999996,6847.500000000001,114.29927639000002,6733.200723610001
2025-06-09,2025-06-12,bear_call,2025-06-09 11:00:00,25150,75,25150,25550,110.19999999999999,21735.0,0.1848101265822785,0.061016949152542375,25128.95,2025-06-10 15:01:00,TIME,58.4,3884.999999999999,111.94222522999999,3773.057774769999
2025-06-11,2025-06-12,bear_call,2025-06-11 10:21:00,25150,75,25150,25550,56.25000000000001,25781.25,0.13924050632911392,0.1694915254237288,25147.1,2025-06-11 11:55:00,SL,112.5,-4218.749999999999,105.96576976250002,-4324.715769762499
2025-06-10,2025-06-12,bull_put,2025-06-10 10:16:00,25150,75,25150,24750,86.7,23497.5,0.8924050632911392,0.9186440677966101,25158.4,2025-06-11 15:01:00,TIME,71.6,1132.5000000000007,109.24781925500001,1023.2521807450007
2025-06-11,2025-06-12,bear_call,2025-06-11 12:12:00,25200,75,25200,25600,75.6,24330.0,0.1341772151898734,0.1288135593220339,25204.7,2025-06-12 15:01:00,TIME,0.25,5651.25,103.25835188749998,5547.9916481125
2025-06-12,2025-06-12,bear_call,2025-06-12 10:18:00,25100,75,25100,25500,39.150000000000006,27063.75,0.08227848101265822,0.1423728813559322,25086.9,2025-06-12 15:01:00,TIME,0.25,2917.5000000000005,98.84062066999999,2818.6593793300003
2025-06-13,2025-06-19,bear_call,2025-06-13 11:12:00,24650,75,24650,25050,136.05,19796.25,0.04556962025316456,0.0847457627118644,24655.2,2025-06-16 09:16:00,SL,176.3,-3018.75,127.20433907750001,-3145.9543390775
2025-06-13,2025-06-19,bull_put,2025-06-13 10:24:00,24650,75,24650,24250,122.35,20823.75,0.9278481012658227,0.8542372881355932,24651.6,2025-06-16 15:01:00,TIME,31.699999999999996,6798.75,121.25062339249999,6677.4993766075
2025-06-16,2025-06-19,bull_put,2025-06-16 10:16:00,24800,75,24800,24400,105.45,22091.25,0.8354430379746836,0.9355932203389831,24779.75,2025-06-17 15:01:00,TIME,69.1,2726.2500000000005,115.48993367749999,2610.7600663225003
2025-06-18,2025-06-19,bull_put,2025-06-18 10:16:00,24900,75,24900,24500,72.35,24573.75,0.8329113924050633,0.9016949152542373,24917.05,2025-06-18 11:25:00,SL,122.75,-3780.0000000000005,109.863003905,-3889.8630039050004
2025-06-17,2025-06-19,bull_put,2025-06-17 10:17:00,24850,75,24850,24450,82.7,23797.5,0.8962025316455696,0.9627118644067797,24867.4,2025-06-18 15:01:00,TIME,90.3,-569.9999999999995,110.88304802,-680.8830480199996
2025-06-18,2025-06-19,bear_call,2025-06-18 11:25:00,24800,75,24800,25200,92.35,23073.75,0.16962025316455695,0.14576271186440679,24814.05,2025-06-19 15:01:00,TIME,6.199999999999999,6461.249999999999,105.3940781375,6355.855921862499
2025-06-19,2025-06-19,bear_call,2025-06-19 10:33:00,24800,75,24800,25200,49.9,26257.5,0.04050632911392405,0.04067796610169491,24816.85,2025-06-19 15:01:00,TIME,6.199999999999999,3277.5,100.22826254,3177.27173746
2025-06-20,2025-06-26,bear_call,2025-06-20 10:39:00,25000,75,25000,25400,153.09999999999997,18517.500000000004,0.06582278481012659,0.1423728813559322,25008.25,2025-06-20 15:07:00,SL,190.45000000000002,-2801.2500000000036,129.5267651675,-2930.7767651675035
2025-06-20,2025-06-26,bull_put,2025-06-20 10:25:00,25000,75,25000,24600,108.69999999999999,21847.5,0.930379746835443,0.823728813559322,24978.95,2025-06-23 09:34:00,SL,153.75,-3378.750000000001,126.6602493125,-3505.410249312501
2025-06-23,2025-06-26,bear_call,2025-06-23 10:38:00,24900,75,24900,25300,117.19999999999999,21210.0,0.1759493670886076,0.15254237288135594,24888.0,2025-06-23 13:20:00,SL,162.20000000000002,-3375.0000000000023,118.801696175,-3493.8016961750022
2025-06-23,2025-06-26,bear_call,2025-06-23 13:37:00,25000,75,25000,25400,137.25,19706.25,0.049367088607594936,0.03389830508474576,25020.55,2025-06-24 09:16:00,SL,229.4,-6911.25,127.5403866725,-7038.7903866725
2025-06-24,2025-06-26,bull_put,2025-06-24 10:18:00,25250,75,25250,24850,83.95,23703.75,0.8822784810126583,0.8508474576271187,25254.3,2025-06-24 13:25:00,SL,136.75,-3960.0,116.34983311999999,-4076.34983312
2025-06-24,2025-06-26,bull_put,2025-06-24 13:30:00,25150,75,25150,24750,86.55,23508.75,0.8531645569620253,0.8372881355932204,25134.75,2025-06-24 13:38:00,SL,133.90000000000003,-3551.2500000000027,115.76378255750001,-3667.013782557503
2025-06-23,2025-06-26,bull_put,2025-06-23 10:17:00,24850,75,24850,24450,103.94999999999999,22203.75,0.810126582278481,0.8372881355932204,24864.35,2025-06-24 15:01:00,TIME,32.699999999999996,5343.75,112.9878369725,5230.7621630275
2025-06-24,2025-06-26,bull_put,2025-06-24 13:42:00,25100,75,25100,24700,87.25,23456.25,0.950632911392405,0.9966101694915255,25089.05,2025-06-25 15:01:00,TIME,20.25,5025.0,107.89393193000001,4917.10606807
2025-06-26,2025-06-26,bear_call,2025-06-26 10:16:00,25400,75,25400,25800,68.75,24843.75,0.18354430379746836,0.15593220338983052,25393.35,2025-06-26 13:54:00,SL,119.15,-3780.0000000000005,106.00776164,-3886.0077616400004
2025-06-25,2025-06-26,bull_put,2025-06-25 10:20:00,25200,75,25200,24800,70.5,24712.5,0.8911392405063291,0.8033898305084746,25191.0,2025-06-26 15:01:00,TIME,0.30000000000000004,5265.0,103.22090799499999,5161.779092005
2025-06-26,2025-06-26,bull_put,2025-06-26 13:55:00,25500,75,25500,25100,49.25000000000001,26306.25,0.9088607594936708,0.8305084745762712,25482.5,2025-06-26 15:01:00,TIME,3.1999999999999997,3453.7500000000005,100.13597041249999,3353.6140295875007
2025-06-27,2025-07-03,bear_call,2025-06-27 10:37:00,25550,75,25550,25950,130.7,20197.5,0.060759493670886074,0.02711864406779661,25549.0,2025-06-27 12:19:00,SL,172.8,-3157.500000000002,124.470444665,-3281.9704446650017
2025-06-27,2025-07-03,bull_put,2025-06-27 10:16:00,25600,75,25600,25200,112.95,21528.75,0.8987341772151899,0.9016949152542373,25576.35,2025-06-30 14:07:00,SL,156.85,-3292.4999999999995,123.31741488499998,-3415.8174148849994
2025-06-27,2025-07-03,bear_call,2025-06-27 12:25:00,25600,75,25600,26000,141.39999999999998,19395.0,0.1518987341772152,0.06779661016949153,25617.05,2025-06-30 15:01:00,TIME,74.7,5002.499999999998,118.08233124500002,4884.417668754998
2025-06-30,2025-07-03,bull_put,2025-06-30 14:10:00,25500,75,25500,25100,108.3,21877.5,0.8025316455696202,0.9084745762711864,25496.0,2025-07-01 15:01:00,TIME,57.89999999999999,3780.0000000000005,112.21198946,3667.7880105400004
2025-07-01,2025-07-03,bear_call,2025-07-01 10:23:00,25500,75,25500,25900,117.84999999999998,21161.250000000004,0.06962025316455696,0.12203389830508475,25524.4,2025-07-02 15:01:00,TIME,46.85,5324.999999999998,110.81409092000001,5214.185909079998
2025-07-03,2025-07-03,bull_put,2025-07-03 10:26:00,25550,75,25550,25150,39.00000000000001,27075.0,0.9822784810126582,0.9491525423728814,25565.3,2025-07-03 14:26:00,SL,94.2,-4140.0,101.88728981000001,-4241.88728981
2025-07-02,2025-07-03,bear_call,2025-07-02 10:17:00,25500,75,25500,25900,91.75,23118.75,0.13164556962025317,0.09830508474576272,25518.05,2025-07-03 15:01:00,TIME,0.45,6847.5,104.811058085,6742.688941915
2025-07-04,2025-07-10,bull_put,2025-07-04 10:24:00,25400,75,25400,25000,105.14999999999998,22113.75,0.9405063291139241,0.8271186440677966,25415.5,2025-07-07 15:01:00,TIME,69.35,2684.9999999999986,113.60504984,2571.3949501599986
2025-07-04,2025-07-10,bear_call,2025-07-04 11:22:00,25400,75,25400,25800,122.85,20786.25,0.1189873417721519,0.06779661016949153,25404.65,2025-07-07 15:01:00,TIME,131.20000000000002,-626.2500000000017,118.39544942749998,-744.6454494275017
2025-07-08,2025-07-10,bear_call,2025-07-08 10:32:00,25450,75,25450,25850,88.2,23385.0,0.10379746835443038,0.04745762711864407,25441.65,2025-07-08 15:07:00,SL,135.15,-3521.25,111.2607973175,-3632.5107973175
2025-07-08,2025-07-10,bull_put,2025-07-08 10:20:00,25450,75,25450,25050,74.60000000000001,24405.0,0.8949367088607595,0.9661016949152542,25459.95,2025-07-09 15:01:00,TIME,41.2,2505.0000000000005,105.58417714999999,2399.4158228500005
2025-07-09,2025-07-10,bull_put,2025-07-09 10:16:00,25550,75,25550,25150,65.95,25053.75,0.9088607594936708,0.8677966101694915,25534.85,2025-07-10 09:32:00,SL,116.35000000000001,-3780.0000000000005,106.19599227500001,-3886.1959922750007
2025-07-10,2025-07-10,bear_call,2025-07-10 10:50:00,25400,75,25400,25800,52.1,26092.5,0.1291139240506329,0.16610169491525423,25403.55,2025-07-10 15:01:00,TIME,1.1,3825.0,100.26374037499998,3724.736259625
2025-07-10,2025-07-10,bull_put,2025-07-10 11:13:00,25400,75,25400,25000,44.25,26681.25,0.8683544303797468,0.8372881355932204,25388.85,2025-07-10 15:01:00,TIME,51.3,-528.7499999999998,101.0000314175,-629.7500314174997
2025-07-11,2025-07-17,bull_put,2025-07-11 11:13:00,25200,75,25200,24800,96.19999999999999,22785.0,0.9974683544303797,0.9932203389830508,25210.6,2025-07-14 09:23:00,SL,146.45000000000002,-3768.7500000000023,116.80859338249999,-3885.5585933825023
2025-07-14,2025-07-17,bull_put,2025-07-14 10:22:00,25150,75,25150,24750,96.60000000000001,22755.0,0.9227848101265823,0.8983050847457628,25125.05,2025-07-14 13:08:00,SL,144.40000000000003,-3585.000000000002,114.970091,-3699.970091000002
2025-07-14,2025-07-17,bear_call,2025-07-14 13:08:00,25050,75,25050,25450,89.35,23298.75,0.04810126582278481,0.006779661016949152,25025.85,2025-07-14 15:00:00,SL,138.10000000000002,-3656.2500000000023,114.0187818425,-3770.2687818425024
2025-07-11,2025-07-17,bear_call,2025-07-11 10:20:00,25250,75,25250,25650,113.54999999999998,21483.750000000004,0.07341772151898734,0.07457627118644068,25239.55,2025-07-14 15:01:00,TIME,52.0,4616.249999999999,112.1469941225,4504.1030058774995
2025-07-15,2025-07-17,bear_call,2025-07-15 10:19:00,25100,75,25100,25500,92.65,23051.25,0.14936708860759493,0.03728813559322034,25113.75,2025-07-15 11:02:00,SL,144.05,-3855.0000000000005,112.92197712500001,-3967.9219771250005
2025-07-15,2025-07-17,bull_put,2025-07-15 10:28:00,25100,75,25100,24700,61.20000000000001,25410.0,0.9291139240506329,0.9220338983050848,25124.35,2025-07-16 15:01:00,TIME,14.55,3498.7500000000005,102.43747754749998,3396.3125224525006
2025-07-15,2025-07-17,bear_call,2025-07-15 11:17:00,25200,75,25200,25600,100.8,22440.0,0.026582278481012658,0.08135593220338982,25216.9,2025-07-16 15:01:00,TIME,65.6,2640.0,109.142376155,2530.857623845
2025-07-17,2025-07-17,bear_call,2025-07-17 10:31:00,25150,75,25150,25550,38.4,27120.0,0.017721518987341773,0.023728813559322035,25144.35,2025-07-17 15:01:00,TIME,0.7000000000000001,2827.4999999999995,98.76908465,2728.7309153499996
2025-07-17,2025-07-17,bull_put,2025-07-17 10:49:00,25150,75,25150,24750,27.849999999999998,27911.25,0.8189873417721519,0.9050847457627119,25157.55,2025-07-17 15:01:00,TIME,35.55,-577.5,98.66533376000001,-676.1653337600001
2025-07-18,2025-07-24,bear_call,2025-07-18 10:16:00,25000,75,25000,25400,125.74999999999999,20568.75,0.06455696202531645,0.06779661016949153,24996.35,2025-07-21 15:01:00,TIME,137.60000000000002,-888.7500000000027,118.3448234825,-1007.0948234825028
2025-07-18,2025-07-24,bull_put,2025-07-18 10:25:00,24950,75,24950,24550,91.05000000000001,23171.25,0.8860759493670886,0.823728813559322,24965.25,2025-07-21 15:01:00,TIME,34.0,4278.750000000001,109.5641943875,4169.185805612501
2025-07-22,2025-07-24,bear_call,2025-07-22 10:30:00,25100,75,25100,25500,79.2,24060.0,0.06835443037974684,0.08135593220338982,25102.0,2025-07-23 14:15:00,SL,133.45000000000002,-4068.750000000001,108.54826156249999,-4177.298261562501
2025-07-22,2025-07-24,bull_put,2025-07-22 10:22:00,25100,75,25100,24700,57.3,25702.5,0.8759493670886076,0.8711864406779661,25119.3,2025-07-23 15:01:00,TIME,11.85,3408.7499999999995,102.11496734750003,3306.6350326524994
2025-07-23,2025-07-24,bull_put,2025-07-23 14:15:00,25200,75,25200,24800,40.85,26936.25,0.9822784810126582,1.0,25208.05,2025-07-24 11:35:00,SL,101.5,-4548.75,102.7522005725,-4651.5022005725
2025-07-24,2025-07-24,bull_put,2025-07-24 10:19:00,25150,75,25150,24750,17.65,28676.25,0.8468354430379746,0.8847457627118644,25165.3,2025-07-24 11:58:00,SL,84.75,-5032.5,99.39086182999999,-5131.89086183
2025-07-24,2025-07-24,bear_call,2025-07-24 11:35:00,25100,75,25100,25500,32.35,27573.75,0.06455696202531645,0.15593220338983052,25098.7,2025-07-24 15:01:00,TIME,1.0,2351.25,98.1720993875,2253.0779006125
2025-07-24,2025-07-24,bull_put,2025-07-24 12:16:00,25050,75,25050,24650,38.300000000000004,27127.5,0.9873417721518988,0.8372881355932204,25051.1,2025-07-24 15:01:00,TIME,2.05,2718.7500000000005,98.6989121375,2620.0510878625005
2025-07-25,2025-07-31,bull_put,2025-07-25 10:44:00,24850,75,24850,24450,93.95,22953.75,0.9392405063291139,0.823728813559322,24866.35,2025-07-28 09:17:00,SL,142.35,-3629.9999999999995,116.265880445,-3746.2658804449993
2025-07-28,2025-07-31,bull_put,2025-07-28 10:25:00,24900,75,24900,24500,93.30000000000001,23002.5,0.8379746835443038,0.8576271186440678,24876.25,2025-07-28 10:49:00,SL,142.55,-3693.75,114.77443139750001,-3808.5244313975
2025-07-28,2025-07-31,bull_put,2025-07-28 10:52:00,24800,75,24800,24400,83.6,23730.0,0.9556962025316456,0.9050847457627119,24801.0,2025-07-28 13:16:00,SL,131.55,-3596.2500000000014,112.94638405250001,-3709.1963840525013
2025-07-25,2025-07-31,bear_call,2025-07-25 10:32:00,24850,75,24850,25250,119.04999999999998,21071.250000000004,0.11772151898734177,0.17288135593220338,24855.5,2025-07-28 15:01:00,TIME,45.0,5553.749999999999,113.53586329250001,5440.214136707499
2025-07-29,2025-07-31,bear_call,2025-07-29 10:28:00,24650,75,24650,25050,85.75,23568.75,0.10253164556962026,0.04067796610169491,24635.0,2025-07-29 13:33:00,SL,134.4,-3648.7500000000005,112.79543446250001,-3761.5454344625005
2025-07-28,2025-07-31,bear_call,2025-07-28 13:19:00,24700,75,24700,25100,96.45,22766.25,0.17848101265822786,0.10847457627118644,24697.75,2025-07-29 14:02:00,SL,144.75,-3622.5,115.07739059000001,-3737.57739059
2025-07-29,2025-07-31,bull_put,2025-07-29 13:34:00,24750,75,24750,24350,64.7,25147.5,0.9417721518987342,1.0,24756.35,2025-07-30 15:01:00,TIME,16.849999999999998,3588.7500000000005,103.33165115749999,3485.4183488425006
2025-07-30,2025-07-31,bull_put,2025-07-30 10:19:00,24850,75,24850,24450,61.550000000000004,25383.75,0.8683544303797468,0.8677966101694915,24855.2,2025-07-31 09:16:00,SL,165.65,-7807.5,108.98327817500001,-7916.483278175
2025-07-31,2025-07-31,bear_call,2025-07-31 10:59:00,24700,75,24700,25100,39.650000000000006,27026.25,0.03670886075949367,0.10847457627118644,24699.5,2025-07-31 11:23:00,SL,100.55,-4567.499999999999,102.46076087,-4669.960760869999
2025-07-31,2025-07-31,bear_call,2025-07-31 11:53:00,24800,75,24800,25200,51.800000000000004,26115.0,0.07215189873417721,0.19661016949152543,24801.95,2025-07-31 12:58:00,SL,120.89999999999999,-5182.5,104.36548144999999,-5286.86548145
2025-07-31,2025-07-31,bull_put,2025-07-31 10:26:00,24700,75,24700,24300,57.0,25725.0,0.8848101265822785,0.8169491525423729,24686.75,2025-07-31 15:01:00,TIME,0.8,4215.0,100.86420917000001,4114.13579083
2025-07-31,2025-07-31,bear_call,2025-07-31 13:17:00,24900,75,24900,25300,45.5,26587.5,0.18227848101265823,0.1864406779661017,24901.8,2025-07-31 15:01:00,TIME,0.4000000000000001,3382.5,99.38683490000001,3283.1131651
2025-08-01,2025-08-07,bull_put,2025-08-01 10:21:00,24750,75,24750,24350,107.1,21967.5,0.8658227848101265,0.8779661016949153,24766.1,2025-08-01 11:45:00,SL,152.90000000000003,-3435.000000000003,121.88885891000001,-3556.8888589100034
2025-08-01,2025-08-07,bull_put,2025-08-01 11:50:00,24650,75,24650,24250,104.04999999999998,22196.250000000004,0.8987341772151899,0.8203389830508474,24666.95,2025-08-01 15:11:00,SL,151.9,-3588.750000000002,122.26395223249999,-3711.0139522325017
2025-08-01,2025-08-07,bear_call,2025-08-01 10:43:00,24750,75,24750,25150,124.39999999999999,20670.0,0.04683544303797468,0.11186440677966102,24757.9,2025-08-04 15:01:00,TIME,94.89999999999999,2212.5,116.86861134499998,2095.631388655
2025-08-04,2025-08-07,bull_put,2025-08-04 10:19:00,24650,75,24650,24250,106.34999999999998,22023.750000000004,0.839240506329114,0.9050847457627119,24643.6,2025-08-05 15:01:00,TIME,96.05,772.4999999999987,114.18333242,658.3166675799987
2025-08-05,2025-08-07,bull_put,2025-08-05 10:19:00,24650,75,24650,24250,100.5,22462.5,0.879746835443038,0.847457627118644,24627.95,2025-08-06 15:01:00,TIME,98.65,138.74999999999957,111.56490976250001,27.185090237499566
2025-08-06,2025-08-07,bull_put,2025-08-06 10:17:00,24600,75,24600,24200,61.6,25380.0,0.9645569620253165,0.9491525423728814,24615.85,2025-08-07 09:17:00,SL,118.05,-4233.75,105.97940927750001,-4339.7294092775
2025-08-07,2025-08-07,bull_put,2025-08-07 10:19:00,24500,75,24500,24100,37.0,27225.0,0.8177215189873418,0.8372881355932204,24484.45,2025-08-07 10:46:00,SL,93.39999999999999,-4229.999999999999,101.822725295,-4331.822725294999
2025-08-07,2025-08-07,bear_call,2025-08-07 10:28:00,24450,75,24450,24850,51.150000000000006,26163.75,0.19240506329113924,0.17288135593220338,24468.6,2025-08-07 15:01:00,SL,106.95,-4185.0,103.71988514,-4288.71988514
2025-08-07,2025-08-07,bull_put,2025-08-07 11:12:00,24400,75,24400,24000,37.65,27176.25,0.9810126582278481,0.9084745762711864,24414.15,2025-08-07 15:01:00,TIME,0.24999999999999994,2805.0,98.57691302,2706.42308698
2025-08-08,2025-08-14,bull_put,2025-08-08 10:27:00,24500,75,24500,24100,103.39999999999999,22245.0,0.9810126582278481,0.9661016949152542,24480.75,2025-08-08 15:13:00,SL,156.10000000000002,-3952.5000000000023,120.376029005,-4072.8760290050022
2025-08-08,2025-08-14,bear_call,2025-08-08 10:32:00,24450,75,24450,24850,124.35,20673.75,0.02278481012658228,0.06440677966101695,24449.7,2025-08-11 14:32:00,SL,167.10000000000002,-3206.2500000000023,120.16978259749999,-3326.4197825975025
2025-08-11,2025-08-14,bull_put,2025-08-11 10:18:00,24400,75,24400,24000,80.9,23932.5,0.9265822784810127,0.9050847457627119,24415.45,2025-08-12 15:01:00,TIME,34.2,3502.5,107.09277588500001,3395.407224115
2025-08-12,2025-08-14,bear_call,2025-08-12 10:20:00,24650,75,24650,25050,99.7,22522.5,0.17721518987341772,0.0711864406779661,24650.9,2025-08-13 15:01:00,TIME,63.19999999999999,2737.500000000001,108.50645616499999,2628.9935438350008
2025-08-13,2025-08-14,bull_put,2025-08-13 10:29:00,24600,75,24600,24200,59.35000000000001,25548.75,0.859493670886076,0.9084745762711864,24596.4,2025-08-14 15:01:00,TIME,1.05,4372.500000000001,101.421630515,4271.078369485001
2025-08-14,2025-08-14,bull_put,2025-08-14 10:19:00,24650,75,24650,24250,50.6,26205.0,0.8025316455696202,0.8711864406779661,24636.8,2025-08-14 15:01:00,TIME,5.8999999999999995,3352.5,100.19492249000001,3252.30507751
2025-08-18,2025-08-21,bull_put,2025-08-18 10:42:00,25000,75,25000,24600,98.55000000000001,22608.75,0.850632911392405,0.8508474576271187,24994.2,2025-08-18 12:15:00,SL,148.15,-3719.9999999999995,116.738121815,-3836.7381218149994
2025-08-18,2025-08-21,bear_call,2025-08-18 10:26:00,25000,75,25000,25400,115.94999999999999,21303.75,0.027848101265822784,0.17627118644067796,24979.7,2025-08-19 15:01:00,TIME,74.3,3123.7499999999995,112.34337028249999,3011.4066297174995
2025-08-18,2025-08-21,bull_put,2025-08-18 12:20:00,24900,75,24900,24500,93.45,22991.25,0.8721518987341772,0.8372881355932204,24884.65,2025-08-19 15:01:00,TIME,35.7,4331.25,108.3347859875,4222.9152140125
2025-08-20,2025-08-21,bear_call,2025-08-20 10:23:00,25000,75,25000,25400,62.15,25338.75,0.1518987341772152,0.11186440677966102,24990.65,2025-08-21 09:59:00,SL,115.3,-3986.25,105.2628661775,-4091.5128661775
2025-08-20,2025-08-21,bull_put,2025-08-20 10:38:00,25000,75,25000,24600,59.400000000000006,25545.0,0.9329113924050633,0.9525423728813559,25010.4,2025-08-21 15:01:00,TIME,0.4,4425.000000000001,101.224004855,4323.775995145001
2025-08-21,2025-08-21,bull_put,2025-08-21 10:28:00,25150,75,25150,24750,43.35,26748.75,0.8911392405063291,0.8711864406779661,25136.7,2025-08-21 15:01:00,TIME,54.15,-809.9999999999998,101.04837004999999,-911.0483700499998
2025-08-22,2025-08-28,bear_call,2025-08-22 10:17:00,24950,75,24950,25350,110.0,21750.0,0.09746835443037975,0.1423728813559322,24950.9,2025-08-25 15:01:00,TIME,97.45,941.2499999999998,112.46304212749999,828.7869578724998
2025-08-22,2025-08-28,bull_put,2025-08-22 10:30:00,24950,75,24950,24550,95.7,22822.5,0.8949367088607595,0.8033898305084746,24932.2,2025-08-25 15:01:00,TIME,51.75,3296.25,109.5756872375,3186.6743127625
2025-08-26,2025-08-28,bull_put,2025-08-26 10:21:00,24800,75,24800,24400,62.35000000000001,25323.75,0.9835443037974684,0.8305084745762712,24801.35,2025-08-26 15:14:00,SL,115.5,-3986.2499999999995,106.7268822275,-4092.9768822274996
2025-08-28,2025-08-28,bear_call,2025-08-28 10:20:00,24550,75,24550,24950,44.85,26636.25,0.08354430379746836,0.1694915254237288,24561.45,2025-08-28 10:49:00,SL,114.75,-5242.5,103.72288901,-5346.22288901
2025-08-28,2025-08-28,bull_put,2025-08-28 10:59:00,24650,75,24650,24250,31.200000000000006,27660.0,0.9835443037974684,0.9559322033898305,24668.05,2025-08-28 13:00:00,SL,88.0,-4260.0,101.01342372500001,-4361.013423725
2025-08-26,2025-08-28,bear_call,2025-08-26 10:16:00,24800,75,24800,25200,59.55,25533.75,0.060759493670886074,0.05084745762711865,24783.75,2025-08-28 15:01:00,TIME,0.3500000000000001,4440.0,101.635627145,4338.364372855
2025-08-28,2025-08-28,bear_call,2025-08-28 13:00:00,24600,75,24600,25000,18.15,28638.75,0.10632911392405063,0.08813559322033898,24577.75,2025-08-28 15:01:00,TIME,0.35000000000000003,1334.9999999999998,96.504519545,1238.4954804549998
2025-08-29,2025-09-02,bull_put,2025-08-29 10:17:00,24500,75,24500,24100,81.95,23853.75,0.8734177215189873,0.9355932203389831,24483.25,2025-09-01 15:01:00,TIME,15.150000000000002,5010.0,105.29325707000001,4904.70674293
2025-08-29,2025-09-02,bear_call,2025-08-29 10:58:00,24500,75,24500,24900,117.6,21180.0,0.06582278481012659,0.14576271186440679,24523.3,2025-09-01 15:01:00,TIME,148.35000000000002,-2306.2500000000023,113.6556921125,-2419.9056921125025
2025-09-02,2025-09-02,bull_put,2025-09-02 10:28:00,24750,75,24750,24350,36.95,27228.75,0.8696202531645569,0.8203389830508474,24732.8,2025-09-02 13:48:00,SL,94.2,-4293.75,101.82317831750001,-4395.5731783175
2025-09-02,2025-09-02,bear_call,2025-09-02 10:17:00,24750,75,24750,25150,31.600000000000005,27630.0,0.11392405063291139,0.1016949152542373,24726.1,2025-09-02 15:01:00,TIME,0.3,2347.5000000000005,97.901877695,2249.5981223050003
2025-09-02,2025-09-02,bull_put,2025-09-02 14:11:00,24600,75,24600,24200,37.15,27213.75,0.9898734177215189,0.9186440677966101,24587.3,2025-09-02 15:01:00,TIME,36.15,75.0,99.64408923500001,-24.64408923500001
2025-09-03,2025-09-09,bear_call,2025-09-03 10:17:00,24600,75,24600,25000,111.4,21645.0,0.060759493670886074,0.14576271186440679,24591.35,2025-09-03 15:03:00,SL,156.0,-3344.9999999999995,116.61325059500001,-3461.6132505949995
2025-09-04,2025-09-09,bull_put,2025-09-04 10:20:00,24850,75,24850,24450,76.65,24251.25,0.9518987341772152,0.8101694915254237,24857.8,2025-09-04 14:23:00,SL,131.05,-4080.0000000000005,112.08084410000001,-4192.080844100001
2025-09-03,2025-09-09,bull_put,2025-09-03 10:59:00,24550,75,24550,24150,81.25,23906.25,0.8987341772151899,0.8440677966101695,24572.7,2025-09-04 15:01:00,TIME,27.7,4016.25,106.8643965425,3909.3856034575
2025-09-05,2025-09-09,bear_call,2025-09-05 10:22:00,24650,75,24650,25050,91.69999999999999,23122.5,0.043037974683544304,0.13559322033898305,24638.4,2025-09-05 13:47:00,SL,150.6,-4417.5,112.39121893999999,-4529.89121894
2025-09-05,2025-09-09,bear_call,2025-09-05 14:06:00,24750,75,24750,25150,102.00000000000001,22350.0,0.12151898734177215,0.19661016949152543,24767.8,2025-09-08 12:41:00,SL,155.1,-3982.4999999999986,111.92595795499999,-4094.4259579549985
2025-09-05,2025-09-09,bull_put,2025-09-05 10:24:00,24650,75,24650,24250,79.60000000000001,24030.0,0.8405063291139241,0.823728813559322,24665.85,2025-09-08 15:01:00,TIME,13.1,4987.500000000001,105.038341895,4882.461658105001
2025-09-08,2025-09-09,bear_call,2025-09-08 13:20:00,24850,75,24850,25250,69.60000000000001,24780.0,0.13670886075949368,0.02711864406779661,24853.1,2025-09-09 15:01:00,TIME,15.55,4053.750000000001,102.55327943750001,3951.196720562501
2025-09-09,2025-09-09,bear_call,2025-09-09 10:40:00,24800,75,24800,25200,52.150000000000006,26088.75,0.14810126582278482,0.09491525423728814,24819.1,2025-09-09 15:01:00,TIME,63.2,-828.7499999999998,102.2767184375,-931.0267184374998
2025-09-10,2025-09-16,bull_put,2025-09-10 10:26:00,25050,75,25050,24650,96.9,22732.5,0.8734177215189873,0.8847457627118644,25025.05,2025-09-11 15:01:00,TIME,80.64999999999999,1218.7500000000011,112.10265277250001,1106.647347227501
2025-09-10,2025-09-16,bear_call,2025-09-10 10:34:00,25000,75,25000,25400,134.35,19923.75,0.16455696202531644,0.14576271186440679,25023.2,2025-09-11 15:01:00,TIME,111.75,1694.9999999999995,116.269048595,1578.7309514049996
2025-09-12,2025-09-16,bear_call,2025-09-12 10:19:00,25050,75,25050,25450,100.10000000000001,22492.5,0.1569620253164557,0.15593220338983052,25066.6,2025-09-15 15:01:00,TIME,77.3,1710.000000000001,108.482181005,1601.5178189950009
2025-09-12,2025-09-16,bull_put,2025-09-12 10:22:00,25100,75,25100,24700,70.0,24750.0,0.8075949367088607,0.9254237288135593,25077.8,2025-09-15 15:01:00,TIME,41.74999999999999,2118.7500000000005,104.6264945975,2014.1235054025005
2025-09-16,2025-09-16,bear_call,2025-09-16 10:25:00,25150,75,25150,25550,54.75,25893.75,0.1949367088607595,0.15254237288135594,25161.45,2025-09-16 15:01:00,TIME,70.35000000000001,-1170.0000000000007,102.68636135,-1272.6863613500007
2025-09-16,2025-09-16,bull_put,2025-09-16 11:12:00,25150,75,25150,24750,25.549999999999997,28083.75,0.8822784810126583,0.8779661016949153,25161.65,2025-09-16 15:01:00,TIME,0.24999999999999994,1897.4999999999998,97.321109435,1800.1788905649998
2025-09-17,2025-09-23,bear_call,2025-09-17 10:16:00,25300,75,25300,25700,126.25,20531.25,0.0670886075949367,0.08813559322033898,25311.85,2025-09-18 09:16:00,SL,171.60000000000002,-3401.250000000002,118.1580437225,-3519.408043722502
2025-09-17,2025-09-23,bull_put,2025-09-17 10:22:00,25300,75,25300,24900,63.85,25211.25,0.9139240506329114,0.8610169491525423,25319.65,2025-09-18 15:01:00,TIME,26.049999999999997,2835.0000000000005,104.58695732,2730.4130426800007
2025-09-18,2025-09-23,bull_put,2025-09-18 10:42:00,25400,75,25400,25000,48.5,26362.5,0.8518987341772152,0.9254237288135593,25422.15,2025-09-19 09:38:00,SL,103.25,-4106.25,105.9018166775,-4212.1518166775
2025-09-19,2025-09-23,bull_put,2025-09-19 10:22:00,25300,75,25300,24900,54.35,25923.75,0.8848101265822785,0.8372881355932204,25323.3,2025-09-22 14:47:00,SL,109.1,-4106.249999999999,105.40683982249999,-4211.656839822499
2025-09-19,2025-09-23,bear_call,2025-09-19 10:17:00,25300,75,25300,25700,93.10000000000001,23017.5,0.10759493670886076,0.1864406779661017,25313.95,2025-09-22 15:01:00,TIME,26.1,5025.0,106.158027185,4918.841972815
2025-09-23,2025-09-23,bear_call,2025-09-23 10:19:00,25150,75,25150,25550,35.95,27303.75,0.04050632911392405,0.13220338983050847,25132.45,2025-09-23 12:37:00,SL,95.0,-4428.75,101.8483328825,-4530.5983328825
2025-09-23,2025-09-23,bull_put,2025-09-23 10:29:00,25150,75,25150,24750,45.1,26617.5,0.9632911392405064,0.864406779661017,25130.8,2025-09-23 15:01:00,TIME,0.8500000000000001,3318.75,99.38031641749998,3219.3696835825
2025-09-23,2025-09-23,bear_call,2025-09-23 12:45:00,25200,75,25200,25600,32.25,27581.25,0.015189873417721518,0.13559322033898305,25184.85,2025-09-23 15:01:00,TIME,3.3,2171.25,98.0429703575,2073.2070296425
2025-09-24,2025-09-30,bull_put,2025-09-24 10:18:00,25100,75,25100,24700,71.69999999999999,24622.5,0.8493670886075949,0.8203389830508474,25106.6,2025-09-25 11:45:00,SL,121.85000000000002,-3761.2500000000027,110.1056430725,-3871.3556430725025
2025-09-24,2025-09-30,bear_call,2025-09-24 10:38:00,25100,75,25100,25500,118.34999999999998,21123.750000000004,0.16582278481012658,0.1864406779661017,25090.55,2025-09-25 15:01:00,TIME,42.85,5662.499999999998,111.60521387,5550.8947861299985
2025-09-26,2025-09-30,bull_put,2025-09-26 11:58:00,24750,75,24750,24350,49.900000000000006,26257.5,0.8354430379746836,0.8333333333333334,24773.3,2025-09-26 13:59:00,SL,112.19999999999999,-4672.499999999999,106.376622215,-4778.876622214999
2025-09-25,2025-09-30,bear_call,2025-09-25 11:52:00,25000,75,25000,25400,98.15,22638.75,0.17215189873417722,0.1694915254237288,24978.7,2025-09-26 15:01:00,TIME,12.05,6457.500000000001,107.57085470000001,6349.9291453000005
2025-09-26,2025-09-30,bear_call,2025-09-26 13:59:00,24650,75,24650,25050,101.75,22368.75,0.035443037974683546,0.055350553505535055,24660.35,2025-09-29 09:35:00,SL,147.25,-3412.5,112.85772942499999,-3525.357729425
2025-09-29,2025-09-30,bull_put,2025-09-29 10:19:00,24800,75,24800,24400,46.4,26520.0,0.970886075949367,0.9932203389830508,24777.75,2025-09-29 11:41:00,SL,102.14999999999999,-4181.249999999999,104.58965626249999,-4285.839656262499
2025-09-29,2025-09-30,bear_call,2025-09-29 10:29:00,24750,75,24750,25150,105.95,22053.75,0.12278481012658228,0.18305084745762712,24770.3,2025-09-30 15:01:00,TIME,0.2,7931.25,106.2673727525,7824.9826272475
2025-09-29,2025-09-30,bull_put,2025-09-29 11:54:00,24650,75,24650,24250,40.45,26966.25,0.8696202531645569,0.8101694915254237,24657.9,2025-09-30 15:01:00,TIME,19.65,1560.0000000000002,99.890251895,1460.109748105
2025-10-01,2025-10-07,bear_call,2025-10-01 10:46:00,24650,75,24650,25050,113.85,21461.25,0.049367088607594936,0.10508474576271186,24650.15,2025-10-01 11:31:00,SL,161.3,-3558.7500000000014,116.79889930250002,-3675.5488993025015
2025-10-01,2025-10-07,bull_put,2025-10-01 10:31:00,24650,75,24650,24250,75.89999999999999,24307.5,0.9227848101265823,0.9457627118644067,24674.8,2025-10-03 15:01:00,TIME,11.4,4837.499999999999,105.31416714500003,4732.185832854999
2025-10-01,2025-10-07,bear_call,2025-10-01 12:18:00,24800,75,24800,25200,121.29999999999998,20902.500000000004,0.17341772151898735,0.15254237288135594,24795.85,2025-10-03 15:01:00,TIME,137.1,-1185.000000000001,114.28664217499998,-1299.286642175001
2025-10-06,2025-10-07,bear_call,2025-10-06 10:30:00,24950,75,24950,25350,69.15,24813.75,0.17974683544303796,0.17966101694915254,24966.3,2025-10-06 13:00:00,SL,120.75,-3869.9999999999995,106.26388635499998,-3976.2638863549996
2025-10-06,2025-10-07,bear_call,2025-10-06 13:21:00,25050,75,25050,25450,64.55,25158.75,0.16075949367088607,0.15932203389830507,25052.6,2025-10-07 09:48:00,SL,125.05,-4537.5,105.83557628,-4643.33557628
2025-10-06,2025-10-07,bull_put,2025-10-06 10:35:00,25000,75,25000,24600,55.0,25875.0,0.8405063291139241,0.8271186440677966,24980.3,2025-10-07 15:01:00,TIME,0.3,4102.5,100.87239021500002,4001.627609785
2025-10-07,2025-10-07,bear_call,2025-10-07 10:18:00,25200,75,25200,25600,38.45,27116.25,0.10759493670886076,0.1016949152542373,25178.85,2025-10-07 15:01:00,TIME,0.3,2861.2500000000005,98.60768002250002,2762.6423199775004
2025-10-08,2025-10-14,bull_put,2025-10-08 10:27:00,25150,75,25150,24750,79.8,24015.0,0.8822784810126583,0.8542372881355932,25142.7,2025-10-08 11:14:00,SL,129.65,-3738.7500000000005,112.3195511525,-3851.0695511525005
2025-10-08,2025-10-14,bear_call,2025-10-08 10:21:00,25150,75,25150,25550,102.5,22312.5,0.1379746835443038,0.1016949152542373,25131.8,2025-10-09 15:01:00,TIME,112.1,-719.9999999999995,111.50744852000001,-831.5074485199996
2025-10-08,2025-10-14,bull_put,2025-10-08 11:24:00,25050,75,25050,24650,87.80000000000001,23415.0,0.8227848101265823,0.8372881355932204,25038.2,2025-10-09 15:01:00,TIME,28.7,4432.500000000001,107.69022748999998,4324.809772510001
2025-10-10,2025-10-14,bull_put,2025-10-10 10:16:00,25250,75,25250,24850,50.35000000000001,26223.75,0.8556962025316456,0.8610169491525423,25268.7,2025-10-13 09:32:00,SL,106.35,-4199.999999999999,105.77617561999999,-4305.776175619999
2025-10-10,2025-10-14,bear_call,2025-10-10 10:25:00,25300,75,25300,25700,97.2,22710.0,0.12784810126582277,0.12542372881355932,25277.5,2025-10-13 15:01:00,TIME,31.999999999999993,4890.000000000001,106.60147205000001,4783.398527950001
2025-10-13,2025-10-14,bear_call,2025-10-13 10:22:00,25200,75,25200,25600,65.45,25091.25,0.0620253164556962,0.06779661016949153,25177.1,2025-10-14 09:17:00,SL,118.55,-3982.4999999999995,105.93743515999998,-4088.4374351599995
2025-10-14,2025-10-14,bull_put,2025-10-14 10:24:00,25200,75,25200,24800,53.2,26010.0,0.9063291139240506,0.8949152542372881,25190.35,2025-10-14 12:11:00,SL,105.60000000000001,-3930.0000000000005,103.96904722999999,-4033.9690472300003
2025-10-14,2025-10-14,bear_call,2025-10-14 10:18:00,25200,75,25200,25600,51.15,26163.75,0.10379746835443038,0.14576271186440679,25179.4,2025-10-14 15:01:00,TIME,0.6,3791.25,100.14628480249999,3691.1037151975
2025-10-14,2025-10-14,bull_put,2025-10-14 12:36:00,25100,75,25100,24700,38.15,27138.75,0.9265822784810127,0.8576271186440678,25105.65,2025-10-14 15:01:00,TIME,0.4,2831.25,98.59313002250002,2732.6568699775
2025-10-15,2025-10-20,bear_call,2025-10-15 11:08:00,25300,75,25300,25700,132.75,20043.75,0.02278481012658228,0.15932203389830507,25290.8,2025-10-16 09:16:00,SL,194.75,-4650.0,119.31967649,-4769.31967649
2025-10-15,2025-10-20,bull_put,2025-10-15 10:16:00,25250,75,25250,24850,66.80000000000001,24990.0,0.9329113924050633,0.8677966101694915,25254.8,2025-10-16 15:01:00,TIME,10.75,4203.750000000001,104.96148361250002,4098.788516387501
2025-10-16,2025-10-20,bull_put,2025-10-16 10:19:00,25450,75,25450,25050,68.64999999999999,24851.25,0.8430379746835444,0.8915254237288136,25435.3,2025-10-17 15:01:00,TIME,10.900000000000002,4331.249999999999,104.5701732875,4226.679826712499
2025-10-20,2025-10-20,bear_call,2025-10-20 10:31:00,25800,75,25800,26200,68.95,24828.75,0.039240506329113925,0.19661016949152543,25822.0,2025-10-20 13:03:00,SL,121.3,-3926.2499999999995,106.17734731249999,-4032.4273473124995
2025-10-17,2025-10-20,bull_put,2025-10-17 10:18:00,25700,75,25700,25300,77.85,24161.25,0.9405063291139241,0.8508474576271187,25683.95,2025-10-20 15:01:00,TIME,0.25,5820.0,104.50792272499999,5715.492077275
2025-10-20,2025-10-20,bear_call,2025-10-20 13:17:00,25900,75,25900,26300,28.2,27885.0,0.19367088607594937,0.1152542372881356,25888.1,2025-10-20 15:01:00,TIME,0.4,2085.0,97.52359101500001,1987.476408985
2025-10-21,2025-10-28,bear_call,2025-10-21 13:52:00,25900,75,25900,26300,129.59999999999997,20280.000000000004,0.015286624203821656,0.12542372881355932,25879.15,2025-10-23 09:16:00,SL,207.05,-5808.750000000004,124.74969128749999,-5933.499691287504
2025-10-23,2025-10-28,bull_put,2025-10-23 10:40:00,26100,75,26100,25700,80.75,23943.75,0.8343949044585988,0.8344827586206897,26080.55,2025-10-23 14:21:00,SL,130.85,-3757.4999999999995,113.81281673000002,-3871.3128167299997
2025-10-24,2025-10-28,bull_put,2025-10-24 10:34:00,25850,75,25850,25450,79.5,24037.5,0.8687898089171975,0.8813559322033898,25834.5,2025-10-24 13:40:00,SL,133.9,-4080.0000000000005,112.087815605,-4192.087815605
2025-10-23,2025-10-28,bear_call,2025-10-23 10:46:00,26050,75,26050,26450,145.0,19125.0,0.0840764331210191,0.1310344827586207,26057.85,2025-10-24 15:01:00,TIME,16.450000000000003,9641.25,114.0751992575,9527.1748007425
2025-10-24,2025-10-28,bear_call,2025-10-24 13:40:00,25750,75,25750,26150,91.65,23126.25,0.10191082802547771,0.0711864406779661,25736.0,2025-10-27 09:16:00,SL,175.4,-6281.25,114.18875837750001,-6395.4387583775
2025-10-27,2025-10-28,bull_put,2025-10-27 10:43:00,25950,75,25950,25550,47.60000000000001,26430.0,0.8658227848101265,0.823728813559322,25964.55,2025-10-28 10:33:00,SL,102.69999999999999,-4132.499999999998,104.23335299,-4236.733352989998
2025-10-27,2025-10-28,bear_call,2025-10-27 10:37:00,25950,75,25950,26350,117.7,21172.5,0.14936708860759493,0.1152542372881356,25951.0,2025-10-28 15:01:00,TIME,1.5,8715.0,108.00344922500001,8606.996550775
2025-10-28,2025-10-28,bull_put,2025-10-28 10:45:00,25900,75,25900,25500,58.45,25616.25,0.9443037974683545,0.888135593220339,25891.15,2025-10-28 15:01:00,TIME,12.450000000000001,3450.0,101.32279326499999,3348.677206735
2025-10-29,2025-11-04,bull_put,2025-10-29 10:24:00,26000,75,26000,25600,86.45,23516.25,0.910126582278481,0.8677966101694915,26015.55,2025-10-30 09:53:00,SL,134.95000000000002,-3637.500000000001,116.12978434999998,-3753.629784350001
2025-10-29,2025-11-04,bear_call,2025-10-29 10:51:00,26050,75,26050,26450,149.2,18810.0,0.15822784810126583,0.1864406779661017,26035.65,2025-10-30 15:01:00,TIME,63.449999999999996,6431.25,119.4968257625,6311.7531742375
2025-10-30,2025-11-04,bear_call,2025-10-30 10:20:00,25950,75,25950,26350,117.2,21210.0,0.04050632911392405,0.04406779661016949,25929.65,2025-10-31 15:01:00,TIME,40.849999999999994,5726.250000000001,112.6992871325,5613.550712867501
2025-10-31,2025-11-04,bear_call,2025-10-31 10:16:00,25850,75,25850,26250,120.6,20955.0,0.0670886075949367,0.13220338983050847,25856.65,2025-11-03 15:01:00,TIME,36.55,6303.75,111.0134102225,6192.7365897775
2025-11-03,2025-11-04,bear_call,2025-11-03 10:17:00,25700,75,25700,26100,100.7,22447.5,0.09367088607594937,0.09830508474576272,25704.55,2025-11-04 15:01:00,TIME,0.55,7511.25,106.4331625175,7404.8168374825
2025-11-04,2025-11-04,bear_call,2025-11-04 10:16:00,25700,75,25700,26100,36.35,27273.75,0.06582278481012659,0.023728813559322035,25677.55,2025-11-04 15:01:00,TIME,0.55,2685.0000000000005,98.6302571,2586.3697429000003
2025-11-06,2025-11-11,bull_put,2025-11-06 10:45:00,25550,75,25550,25150,95.30000000000001,22852.5,0.8822784810126583,0.8101694915254237,25536.05,2025-11-07 09:16:00,SL,167.95000000000002,-5448.75,115.9589358575,-5564.7089358575
2025-11-06,2025-11-11,bear_call,2025-11-06 10:38:00,25550,75,25550,25950,108.85,21836.25,0.12025316455696203,0.19661016949152543,25525.25,2025-11-07 15:01:00,TIME,67.44999999999999,3105.0000000000005,111.28506503,2993.7149349700003
2025-11-07,2025-11-11,bull_put,2025-11-07 10:18:00,25350,75,25350,24950,72.75,24543.75,0.930379746835443,0.8372881355932204,25349.85,2025-11-10 15:01:00,TIME,4.8,5096.25,103.70027039749999,4992.5497296025
2025-11-10,2025-11-11,bull_put,2025-11-10 10:16:00,25600,75,25600,25200,64.95,25128.75,0.9481012658227848,0.9288135593220339,25583.75,2025-11-11 09:37:00,SL,121.44999999999999,-4237.499999999999,106.20416444,-4343.704164439999
2025-11-11,2025-11-11,bear_call,2025-11-11 10:24:00,25500,75,25500,25900,44.400000000000006,26670.0,0.10632911392405063,0.13559322033898305,25492.35,2025-11-11 12:33:00,SL,102.95,-4391.25,102.8285880725,-4494.0785880725
2025-11-11,2025-11-11,bear_call,2025-11-11 12:39:00,25600,75,25600,26000,22.75,28293.75,0.09113924050632911,0.17627118644067796,25575.65,2025-11-11 13:51:00,SL,79.74999999999999,-4274.999999999999,99.60487622000001,-4374.604876219999
2025-11-11,2025-11-11,bull_put,2025-11-11 10:53:00,25450,75,25450,25050,30.299999999999997,27727.5,0.8037974683544303,0.8779661016949153,25470.25,2025-11-11 15:01:00,TIME,0.25,2253.75,97.7483506175,2156.0016493825
2025-11-11,2025-11-11,bear_call,2025-11-11 13:57:00,25650,75,25650,26050,29.999999999999996,27750.0,0.15316455696202533,0.13898305084745763,25656.9,2025-11-11 15:01:00,TIME,44.7,-1102.5000000000005,99.128773775,-1201.6287737750004
2025-11-12,2025-11-18,bear_call,2025-11-12 10:22:00,25850,75,25850,26250,131.89999999999998,20107.5,0.08987341772151898,0.15254237288135594,25836.85,2025-11-12 12:37:00,SL,173.15,-3093.7500000000023,122.3994546575,-3216.1494546575022
2025-11-12,2025-11-18,bull_put,2025-11-12 10:35:00,25850,75,25850,25450,86.35000000000001,23523.75,0.9316455696202531,0.9593220338983051,25860.0,2025-11-13 15:01:00,TIME,86.39999999999999,-3.749999999998721,113.34324608749999,-117.09324608749871
2025-11-12,2025-11-18,bear_call,2025-11-12 12:47:00,25900,75,25900,26300,145.2,19110.0,0.19240506329113924,0.11864406779661017,25915.3,2025-11-13 15:01:00,TIME,110.20000000000002,2624.9999999999977,119.89213337,2505.1078666299977
2025-11-14,2025-11-18,bear_call,2025-11-14 10:42:00,25750,75,25750,26150,124.5,20662.5,0.060759493670886074,0.08135593220338982,25755.0,2025-11-14 10:55:00,SL,172.55,-3603.750000000001,122.3891358275,-3726.139135827501
2025-11-14,2025-11-18,bear_call,2025-11-14 11:18:00,25850,75,25850,26250,121.69999999999997,20872.5,0.05949367088607595,0.12203389830508475,25842.6,2025-11-17 09:27:00,SL,165.65,-3296.2500000000023,117.1562714675,-3413.4062714675024
2025-11-14,2025-11-18,bull_put,2025-11-14 10:19:00,25800,75,25800,25400,91.8,23115.0,0.950632911392405,0.8745762711864407,25799.75,2025-11-17 15:01:00,TIME,9.250000000000002,6191.25,107.3754941525,6083.8745058475
2025-11-17,2025-11-18,bull_put,2025-11-17 10:19:00,25950,75,25950,25550,54.2,25935.0,0.8721518987341772,0.9152542372881356,25961.85,2025-11-18 15:01:00,TIME,28.55,1923.7500000000002,101.7154315775,1822.0345684225003
2025-11-18,2025-11-18,bull_put,2025-11-18 10:20:00,25900,75,25900,25500,43.85,26711.25,0.859493670886076,0.9084745762711864,25908.15,2025-11-18 15:01:00,TIME,2.3,3116.2500000000005,99.3448474625,3016.9051525375003
2025-11-19,2025-11-25,bear_call,2025-11-19 10:49:00,25950,75,25950,26350,126.64999999999999,20501.25,0.043037974683544304,0.023728813559322035,25947.8,2025-11-19 12:32:00,SL,169.0,-3176.2500000000005,122.1154394825,-3298.3654394825003
2025-11-19,2025-11-25,bear_call,2025-11-19 12:56:00,26000,75,26000,26400,143.6,19230.0,0.15316455696202533,0.17966101694915254,26021.35,2025-11-20 10:41:00,SL,184.45000000000002,-3063.750000000002,124.9864900025,-3188.736490002502
2025-11-19,2025-11-25,bull_put,2025-11-19 10:34:00,26000,75,26000,25600,112.89999999999999,21532.5,0.8734177215189873,0.8169491525423729,25976.1,2025-11-20 15:01:00,TIME,37.55,5651.25,113.2694330675,5537.9805669325
2025-11-20,2025-11-25,bull_put,2025-11-20 10:41:00,26150,75,26150,25750,101.05000000000001,22421.25,0.8405063291139241,0.8813559322033898,26128.15,2025-11-21 15:01:00,TIME,119.80000000000001,-1406.25,115.03334528749998,-1521.2833452875
2025-11-21,2025-11-25,bear_call,2025-11-21 10:17:00,26100,75,26100,26500,100.95,22428.75,0.11265822784810127,0.19322033898305085,26080.75,2025-11-24 15:01:00,TIME,45.699999999999996,4143.750000000001,108.43905062750001,4035.310949372501
2025-11-24,2025-11-25,bear_call,2025-11-24 10:18:00,26100,75,26100,26500,93.75,22968.75,0.13544303797468354,0.1423728813559322,26112.6,2025-11-25 15:01:00,TIME,0.45000000000000007,6997.5,104.800150025,6892.699849975
2025-11-25,2025-11-25,bear_call,2025-11-25 10:36:00,26000,75,26000,26400,49.1,26317.5,0.09620253164556962,0.0847457627118644,25998.0,2025-11-25 15:01:00,TIME,0.6000000000000001,3637.5,99.81725612,3537.68274388
2025-11-26,2025-12-02,bear_call,2025-11-26 10:54:00,26100,75,26100,26500,142.59999999999997,19305.000000000004,0.05569620253164557,0.15254237288135594,26103.85,2025-11-26 13:11:00,SL,181.3,-2902.5000000000036,124.691720735,-3027.191720735004
2025-11-26,2025-12-02,bear_call,2025-11-26 13:16:00,26200,75,26200,26600,128.5,20362.5,0.1291139240506329,0.013559322033898305,26179.5,2025-11-27 10:01:00,SL,169.45000000000002,-3071.2500000000014,120.22131458750002,-3191.471314587501
2025-11-26,2025-12-02,bull_put,2025-11-26 10:34:00,26100,75,26100,25700,97.0,22725.0,0.9113924050632911,0.8813559322033898,26083.5,2025-11-27 15:01:00,TIME,58.1,2917.5,111.18715602500001,2806.312843975
2025-11-27,2025-12-02,bear_call,2025-11-27 10:26:00,26250,75,26250,26650,132.5,20062.5,0.1848101265822785,0.18983050847457628,26274.8,2025-11-28 15:01:00,TIME,75.24999999999999,4293.750000000001,113.87985947749999,4179.870140522501
2025-11-28,2025-12-02,bull_put,2025-11-28 10:31:00,26250,75,26250,25850,77.85000000000001,24161.25,0.8936708860759494,0.8542372881355932,26241.0,2025-12-01 15:01:00,TIME,111.89999999999999,-2553.7499999999986,108.6068005775,-2662.3568005774987
2025-12-01,2025-12-02,bear_call,2025-12-01 10:17:00,26300,75,26300,26700,69.2,24810.0,0.15063291139240506,0.07457627118644068,26275.2,2025-12-02 15:01:00,TIME,0.25,5171.25,102.0286266725,5069.2213733275
2025-12-02,2025-12-02,bull_put,2025-12-02 10:21:00,26050,75,26050,25650,33.4,27495.0,0.8215189873417722,0.8542372881355932,26065.35,2025-12-02 15:01:00,TIME,42.15,-656.25,99.48812087749998,-755.7381208775
2025-12-03,2025-12-09,bear_call,2025-12-03 10:34:00,25900,75,25900,26300,137.7,19672.5,0.07215189873417721,0.19322033898305085,25918.6,2025-12-04 09:53:00,SL,180.5,-3210.000000000001,123.55960103000001,-3333.559601030001
2025-12-03,2025-12-09,bull_put,2025-12-03 10:22:00,25950,75,25950,25550,102.7,22297.5,0.8645569620253165,0.8847457627118644,25931.4,2025-12-04 15:01:00,TIME,46.05,4248.75,110.67902819750002,4138.0709718025
2025-12-04,2025-12-09,bull_put,2025-12-04 10:23:00,26050,75,26050,25650,84.95,23628.75,0.8493670886075949,0.8813559322033898,26049.05,2025-12-05 15:01:00,TIME,26.9,4353.75,106.5888792275,4247.1611207725
2025-12-08,2025-12-09,bull_put,2025-12-08 10:24:00,26100,75,26100,25700,54.150000000000006,25938.75,0.9278481012658227,0.9288135593220339,26104.45,2025-12-08 13:21:00,SL,109.14999999999999,-4124.999999999999,104.676195305,-4229.676195304999
2025-12-05,2025-12-09,bull_put,2025-12-05 10:16:00,26100,75,26100,25700,65.7,25072.5,0.9253164556962026,0.8779661016949153,26086.05,2025-12-08 13:22:00,SL,116.5,-3810.0,106.767048695,-3916.767048695
2025-12-08,2025-12-09,bull_put,2025-12-08 13:39:00,25900,75,25900,25500,50.0,26250.0,0.8746835443037975,0.8338983050847457,25917.2,2025-12-09 09:21:00,SL,110.39999999999999,-4529.999999999999,104.26365364999998,-4634.2636536499995
2025-12-08,2025-12-09,bear_call,2025-12-08 13:32:00,25950,75,25950,26350,78.15,24138.75,0.021518987341772152,0.06779661016949153,25938.85,2025-12-09 15:01:00,TIME,0.3,5838.750000000001,103.3353463775,5735.414653622501
2025-12-09,2025-12-09,bull_put,2025-12-09 10:17:00,25800,75,25800,25400,41.95,26853.75,0.9607594936708861,0.9593220338983051,25804.8,2025-12-09 15:01:00,TIME,0.45,3112.5,99.08159727499998,3013.418402725
2025-12-10,2025-12-16,bull_put,2025-12-10 10:16:00,25950,75,25950,25550,97.95,22653.75,0.8721518987341772,0.8542372881355932,25930.15,2025-12-10 11:00:00,SL,144.9,-3521.25,116.9356023875,-3638.1856023875
2025-12-10,2025-12-16,bull_put,2025-12-10 11:05:00,25850,75,25850,25450,95.0,22875.0,0.9037974683544304,0.823728813559322,25852.95,2025-12-11 09:39:00,SL,142.35,-3551.2499999999995,115.7707540625,-3667.0207540624997
2025-12-11,2025-12-16,bear_call,2025-12-11 10:23:00,25800,75,25800,26200,123.19999999999999,20760.0,0.06962025316455696,0.0576271186440678,25797.15,2025-12-11 12:21:00,SL,165.20000000000002,-3150.0000000000023,119.11299482,-3269.1129948200023
2025-12-10,2025-12-16,bear_call,2025-12-10 10:29:00,25900,75,25900,26300,135.85,19811.25,0.13924050632911392,0.09830508474576272,25922.2,2025-12-11 15:01:00,TIME,107.0,2163.7499999999995,116.79965281249999,2046.9503471874996
2025-12-11,2025-12-16,bull_put,2025-12-11 12:23:00,25900,75,25900,25500,83.8,23715.0,0.8620253164556962,0.8271186440677966,25890.1,2025-12-12 15:01:00,TIME,23.05,4556.25,106.5337186175,4449.7162813825
2025-12-12,2025-12-16,bull_put,2025-12-12 10:16:00,26000,75,26000,25600,67.7,24922.5,0.9683544303797469,0.9864406779661017,26004.5,2025-12-15 09:46:00,SL,120.9,-3990.0,107.67667390999998,-4097.67667391
2025-12-15,2025-12-16,bull_put,2025-12-15 10:19:00,25950,75,25950,25550,58.6,25605.0,0.8531645569620253,0.8101694915254237,25971.15,2025-12-16 15:01:00,TIME,67.0,-629.9999999999999,103.33169412500001,-733.3316941249999
2025-12-15,2025-12-16,bear_call,2025-12-15 10:37:00,25950,75,25950,26350,71.7,24622.5,0.0620253164556962,0.12203389830508475,25962.1,2025-12-16 15:01:00,TIME,0.19999999999999996,5362.5,102.36887134999999,5260.13112865
2025-12-17,2025-12-23,bear_call,2025-12-17 10:25:00,25850,75,25850,26250,109.7,21772.5,0.035443037974683546,0.12203389830508475,25826.4,2025-12-18 15:01:00,TIME,81.85,2088.7500000000005,112.0575119375,1976.6924880625004
2025-12-17,2025-12-23,bull_put,2025-12-17 10:44:00,25800,75,25800,25400,83.4,23745.0,0.8784810126582279,0.8271186440677966,25823.5,2025-12-18 15:01:00,TIME,74.6,660.0000000000009,108.76071107,551.239288930001
2025-12-19,2025-12-23,bear_call,2025-12-19 10:58:00,25950,75,25950,26350,90.4,23220.0,0.10632911392405063,0.0711864406779661,25961.8,2025-12-22 09:16:00,SL,170.45000000000002,-6003.750000000001,111.2907412025,-6115.040741202501
2025-12-19,2025-12-23,bull_put,2025-12-19 10:18:00,25950,75,25950,25550,74.95,24378.75,0.8063291139240506,0.8135593220338984,25946.6,2025-12-22 15:01:00,TIME,5.65,5197.5,103.98292206500001,5093.517077935
2025-12-22,2025-12-23,bear_call,2025-12-22 10:31:00,26100,75,26100,26500,76.4,24270.0,0.19873417721518988,0.18305084745762712,26122.55,2025-12-23 15:01:00,TIME,97.7,-1597.4999999999998,106.02751989500001,-1703.5275198949998
2025-12-23,2025-12-23,bear_call,2025-12-23 10:16:00,26200,75,26200,26600,27.5,27937.5,0.1379746835443038,0.17627118644067796,26182.5,2025-12-23 15:01:00,TIME,5.45,1653.75,97.60375222249999,1556.1462477775
2025-12-24,2025-12-30,bull_put,2025-12-24 11:22:00,26200,75,26200,25800,62.86000000000001,25285.5,0.8050632911392405,0.8101694915254237,26215.9,2025-12-26 09:16:00,SL,127.00000000000001,-4810.500000000001,107.42095011200001,-4917.920950112001
2025-12-24,2025-12-30,bear_call,2025-12-24 10:39:00,26200,75,26200,26600,112.4,21570.0,0.1,0.07796610169491526,26221.8,2025-12-26 15:01:00,TIME,19.3,6982.500000000001,108.31348505,6874.186514950001
2025-12-26,2025-12-30,bull_put,2025-12-26 10:30:00,26100,75,26100,25700,64.9,25132.5,0.8949367088607595,0.976271186440678,26091.75,2025-12-29 11:07:00,SL,117.69999999999999,-3959.9999999999986,106.178407325,-4066.1784073249987
2025-12-29,2025-12-30,bull_put,2025-12-29 11:29:00,26000,75,26000,25600,54.75,25893.75,0.9139240506329114,0.8915254237288136,25975.25,2025-12-30 09:16:00,SL,104.5,-3731.25,104.1734993075,-3835.4234993075
2025-12-29,2025-12-30,bear_call,2025-12-29 10:17:00,26050,75,26050,26450,43.0,26775.0,0.12531645569620253,0.1288135593220339,26029.3,2025-12-30 15:01:00,TIME,0.24999999999999994,3206.25,99.2490673625,3107.0009326375002
2025-12-30,2025-12-30,bull_put,2025-12-30 10:21:00,25950,75,25950,25550,30.3,27727.5,0.9316455696202531,0.8067796610169492,25962.75,2025-12-30 15:01:00,TIME,19.8,787.5,98.414091605,689.085908395
2025-12-31,2026-01-06,bear_call,2025-12-31 10:49:00,26050,65,26050,26450,111.36000000000001,18761.6,0.11392405063291139,0.1423728813559322,26030.85,2025-12-31 12:47:00,SL,156.05,-2904.85,112.1919273909,-3017.0419273909
2025-12-31,2026-01-06,bull_put,2025-12-31 10:16:00,26000,65,26000,25600,69.85,21459.75,0.8835443037974684,0.8338983050847457,26004.05,2026-01-01 15:01:00,TIME,22.1,3103.7499999999995,102.85660638550002,3000.8933936144995
2025-12-31,2026-01-06,bear_call,2025-12-31 13:07:00,26150,65,26150,26550,108.89999999999999,18921.5,0.18354430379746836,0.0576271186440678,26143.05,2026-01-01 15:01:00,TIME,90.14999999999999,1218.75,108.5100038625,1110.2399961375
2026-01-02,2026-01-06,bear_call,2026-01-02 10:22:00,26250,65,26250,26650,85.85000000000001,20419.75,0.12151898734177215,0.1694915254237288,26252.3,2026-01-05 10:19:00,SL,135.8,-3246.75,106.9000976945,-3353.6500976945
2026-01-05,2026-01-06,bull_put,2026-01-05 10:19:00,26350,65,26350,25950,46.45,22980.75,0.9632911392405064,0.911864406779661,26358.15,2026-01-05 13:50:00,SL,102.2,-3623.75,102.5845445305,-3726.3345445305
2026-01-02,2026-01-06,bull_put,2026-01-02 10:40:00,26250,65,26250,25850,53.550000000000004,22519.25,0.8810126582278481,0.911864406779661,26253.5,2026-01-05 15:01:00,TIME,52.8,48.75000000000046,101.84016315250001,-53.09016315249955
2026-01-05,2026-01-06,bear_call,2026-01-05 13:50:00,26250,65,26250,26650,57.400000000000006,22269.0,0.010126582278481013,0.061016949152542375,26269.95,2026-01-06 15:01:00,TIME,0.3,3711.5000000000005,99.873595868,3611.6264041320005
2026-01-06,2026-01-06,bear_call,2026-01-06 10:20:00,26250,65,26250,26650,27.249999999999996,24228.75,0.10632911392405063,0.09830508474576272,26231.5,2026-01-06 15:01:00,TIME,0.3,1751.7499999999998,96.99270738349999,1654.7572926164999
2026-01-07,2026-01-13,bull_put,2026-01-07 10:16:00,26200,65,26200,25800,86.3,20390.5,0.9759493670886076,1.0,26183.8,2026-01-08 09:27:00,SL,137.70000000000002,-3341.0000000000014,109.231902033,-3450.2319020330015
2026-01-07,2026-01-13,bear_call,2026-01-07 10:21:00,26150,65,26150,26550,119.74999999999999,18216.25,0.12025316455696203,0.15593220338983052,26168.95,2026-01-08 15:01:00,TIME,23.65,6246.5,108.045295547,6138.454704453
2026-01-09,2026-01-13,bull_put,2026-01-09 10:23:00,25900,65,25900,25500,76.25,21043.75,0.8848101265822785,0.9186440677966101,25875.2,2026-01-09 11:36:00,SL,126.40000000000002,-3259.7500000000014,108.2713620825,-3368.0213620825016
2026-01-09,2026-01-13,bull_put,2026-01-09 12:04:00,25750,65,25750,25350,61.21,22021.350000000002,0.8860759493670886,0.864406779661017,25752.05,2026-01-09 14:42:00,SL,122.61000000000001,-3991.000000000001,106.72220816580001,-4097.722208165801
2026-01-08,2026-01-13,bear_call,2026-01-08 10:20:00,26050,65,26050,26450,90.8,20098.0,0.03164556962025317,0.010169491525423728,26037.15,2026-01-09 15:01:00,TIME,8.15,5372.249999999999,104.27705334849999,5267.972946651499
2026-01-12,2026-01-13,bull_put,2026-01-12 10:19:00,25600,65,25600,25200,72.10000000000001,21313.5,0.8443037974683544,0.8949152542372881,25576.15,2026-01-12 11:34:00,SL,126.44000000000001,-3532.1000000000004,107.14174292039999,-3639.2417429204
2026-01-12,2026-01-13,bear_call,2026-01-12 10:17:00,25550,65,25550,25950,88.5,20247.5,0.08987341772151898,0.06440677966101695,25550.4,2026-01-12 12:22:00,SL,160.55,-4683.250000000001,109.4660595345,-4792.716059534501
2026-01-12,2026-01-13,bear_call,2026-01-12 12:39:00,25700,65,25700,26100,76.85,21004.75,0.13924050632911392,0.15932203389830507,25682.5,2026-01-12 14:54:00,SL,132.0,-3584.7500000000005,107.03222427349999,-3691.7822242735006
2026-01-13,2026-01-13,bear_call,2026-01-13 10:17:00,25750,65,25750,26150,47.050000000000004,22941.75,0.17088607594936708,0.14576271186440679,25739.15,2026-01-13 10:32:00,SL,105.14999999999999,-3776.499999999999,102.34430657799999,-3878.8443065779993
2026-01-12,2026-01-13,bull_put,2026-01-12 11:48:00,25500,65,25500,25100,63.2,21892.0,0.9227848101265823,0.8745762711864407,25497.95,2026-01-13 15:01:00,TIME,0.2,4095.0,101.008182815,3993.991817185
2026-01-13,2026-01-13,bear_call,2026-01-13 10:36:00,25800,65,25800,26200,39.85,23409.75,0.11518987341772152,0.0711864406779661,25783.95,2026-01-13 15:01:00,TIME,0.8500000000000001,2535.0,98.27585829799999,2436.724141702
2026-01-14,2026-01-20,bear_call,2026-01-14 10:19:00,25700,65,25700,26100,111.89999999999999,18726.5,0.09240506329113925,0.15254237288135594,25678.3,2026-01-14 11:31:00,SL,155.25,-2817.7500000000005,115.55483815250001,-2933.3048381525005
2026-01-14,2026-01-20,bear_call,2026-01-14 12:07:00,25750,65,25750,26150,123.8,17953.0,0.18354430379746836,0.15254237288135594,25769.25,2026-01-16 10:18:00,SL,167.15,-2817.7500000000005,116.2677907305,-2934.0177907305006
2026-01-16,2026-01-20,bull_put,2026-01-16 10:29:00,25850,65,25850,25450,74.05,21186.75,0.8734177215189873,0.8406779661016949,25860.9,2026-01-16 12:29:00,SL,126.35000000000001,-3399.500000000001,108.68392002699998,-3508.183920027001
2026-01-14,2026-01-20,bull_put,2026-01-14 10:42:00,25700,65,25700,25300,88.95,20218.25,0.9544303797468354,0.9491525423728814,25708.55,2026-01-16 15:01:00,TIME,80.2,568.75,108.91979038249998,459.83020961750003
2026-01-16,2026-01-20,bear_call,2026-01-16 12:52:00,25750,65,25750,26150,103.3,19285.5,0.12784810126582277,0.0711864406779661,25740.45,2026-01-19 15:01:00,TIME,21.0,5349.5,105.93662458,5243.56337542
2026-01-19,2026-01-20,bull_put,2026-01-19 10:21:00,25550,65,25550,25150,77.50000000000001,20962.5,0.8367088607594937,0.8847457627118644,25544.95,2026-01-20 09:55:00,SL,129.74,-3395.5999999999995,106.28352385740001,-3501.8835238573993
2026-01-20,2026-01-20,bull_put,2026-01-20 10:19:00,25500,65,25500,25100,57.25,22278.75,0.8987341772151899,0.9694915254237289,25487.55,2026-01-20 13:37:00,SL,119.3,-4033.25,103.3768202745,-4136.6268202745
2026-01-20,2026-01-20,bear_call,2026-01-20 10:16:00,25450,65,25450,25850,63.09,21899.149999999998,0.14177215189873418,0.12203389830508475,25468.6,2026-01-20 15:01:00,TIME,0.25000000000000006,4084.6000000000004,100.54636580740001,3984.0536341926004
2026-01-20,2026-01-20,bull_put,2026-01-20 14:05:00,25400,65,25400,25000,37.550000000000004,23559.25,0.8151898734177215,0.9593220338983051,25379.2,2026-01-20 15:01:00,SL,100.35,-4081.9999999999995,100.848779545,-4182.848779544999
2026-01-21,2026-01-27,bear_call,2026-01-21 10:23:00,25100,65,25100,25500,152.75,16071.25,0.0379746835443038,0.1694915254237288,25124.35,2026-01-21 12:38:00,SL,195.0,-2746.25,126.6463225825,-2872.8963225825
2026-01-21,2026-01-27,bear_call,2026-01-21 12:58:00,25250,65,25250,25650,154.74999999999997,15941.250000000002,0.15316455696202533,0.16271186440677965,25265.55,2026-01-22 09:31:00,SL,193.6,-2525.2500000000014,125.4544838175,-2650.7044838175016
2026-01-22,2026-01-27,bull_put,2026-01-22 10:16:00,25400,65,25400,25000,91.5,20052.5,0.859493670886076,0.8440677966101695,25384.2,2026-01-22 10:31:00,SL,140.95,-3214.249999999999,116.28695721550001,-3330.536957215499
2026-01-22,2026-01-27,bull_put,2026-01-22 10:35:00,25300,65,25300,24900,90.0,20150.0,0.8734177215189873,0.9457627118644067,25310.85,2026-01-22 11:13:00,SL,137.40000000000003,-3081.0000000000023,115.913540568,-3196.913540568002
2026-01-21,2026-01-27,bull_put,2026-01-21 11:00:00,25000,65,25000,24600,104.49999999999999,19207.5,0.9746835443037974,0.9220338983050848,24993.6,2026-01-22 15:01:00,TIME,25.849999999999998,5112.249999999999,112.31969814050001,4999.930301859499
2026-01-22,2026-01-27,bull_put,2026-01-22 11:22:00,25250,65,25250,24850,101.6,19396.0,0.8493670886075949,0.8677966101694915,25239.4,2026-01-23 13:31:00,SL,156.35,-3558.75,115.98090938249999,-3674.7309093825
2026-01-23,2026-01-27,bull_put,2026-01-23 14:05:00,25050,65,25050,24650,78.45,20900.75,0.8354430379746836,0.8813559322033898,25065.3,2026-01-27 09:22:00,SL,138.75000000000003,-3919.500000000002,108.770070403,-4028.2700704030017
2026-01-23,2026-01-27,bear_call,2026-01-23 10:19:00,25250,65,25250,25650,115.59999999999998,18486.000000000004,0.07215189873417721,0.0576271186440678,25254.25,2026-01-27 15:01:00,TIME,0.55,7478.249999999999,106.59144514249999,7371.658554857499
2026-01-27,2026-01-27,bear_call,2026-01-27 10:30:00,25100,65,25100,25500,92.5,19987.5,0.03164556962025317,0.03389830508474576,25117.7,2026-01-27 15:01:00,TIME,34.3,3783.0,104.240366575,3678.759633425
2026-01-28,2026-02-03,bear_call,2026-01-28 10:30:00,25250,65,25250,25650,155.64999999999998,15882.750000000002,0.10379746835443038,0.15254237288135594,25246.5,2026-01-29 13:34:00,SL,195.14999999999998,-2567.5,135.81107776,-2703.31107776
2026-01-28,2026-02-03,bull_put,2026-01-28 10:24:00,25300,65,25300,24900,132.10000000000002,17413.5,0.9367088607594937,0.9288135593220339,25276.1,2026-01-29 15:01:00,TIME,81.8,3269.500000000002,125.325518676,3144.174481324002
2026-01-29,2026-02-03,bull_put,2026-01-29 13:34:00,25400,65,25400,25000,118.29999999999998,18310.500000000004,0.979746835443038,0.9864406779661017,25375.0,2026-01-30 09:16:00,SL,163.85,-2960.750000000001,128.6509379615,-3089.400937961501
2026-01-30,2026-02-03,bear_call,2026-01-30 10:21:00,25300,65,25300,25700,135.45,17195.75,0.08860759493670886,0.04745762711864407,25291.25,2026-02-01 11:11:00,SL,175.05,-2574.0000000000014,131.191859416,-2705.1918594160015
2026-01-30,2026-02-03,bull_put,2026-01-30 10:33:00,25300,65,25300,24900,129.1,17608.5,0.920253164556962,0.8271186440677966,25297.55,2026-02-01 12:20:00,SL,198.85000000000002,-4533.750000000002,132.9270367755,-4666.677036775502
2026-02-01,2026-02-03,bull_put,2026-02-01 12:36:00,24850,65,24850,24450,130.3,17530.5,0.9962025316455696,0.9084745762711864,24868.8,2026-02-02 11:23:00,SL,171.50000000000003,-2678.000000000001,127.745831714,-2805.745831714001
2026-02-02,2026-02-03,bear_call,2026-02-02 11:23:00,24700,65,24700,25100,111.89999999999999,18726.5,0.13924050632911392,0.12542372881355932,24694.4,2026-02-02 11:35:00,SL,168.05,-3649.7500000000014,115.2177798335,-3764.9677798335015
2026-02-01,2026-02-03,bear_call,2026-02-01 11:16:00,25400,65,25400,25800,137.39999999999998,17069.0,0.013924050632911392,0.061016949152542375,25393.3,2026-02-02 15:01:00,TIME,9.0,8345.999999999998,115.77618282799999,8230.223817171998
2026-02-02,2026-02-03,bull_put,2026-02-02 11:40:00,24850,65,24850,24450,98.8,19578.0,0.8240506329113924,0.8338983050847457,24845.95,2026-02-03 15:01:00,TIME,0.04999999999999999,6418.75,105.93258033849999,6312.8174196615
2026-02-03,2026-02-03,bear_call,2026-02-03 12:26:00,25800,65,25800,26200,65.39999999999999,21749.0,0.19367088607594937,0.13220338983050847,25804.0,2026-02-03 15:01:00,TIME,3.25,4039.7499999999995,100.99649149249998,3938.7535085074996
2026-02-04,2026-02-10,bull_put,2026-02-04 10:44:00,25750,65,25750,25350,117.45,18365.75,0.8772151898734177,0.864406779661017,25740.6,2026-02-05 12:34:00,SL,161.55,-2866.5000000000005,121.56410244599999,-2988.0641024460006
2026-02-04,2026-02-10,bear_call,2026-02-04 10:20:00,25750,65,25750,26150,137.05,17091.75,0.1189873417721519,0.10847457627118644,25757.35,2026-02-05 15:01:00,TIME,81.39999999999999,3617.2500000000014,117.0203130985,3500.2296869015013
2026-02-05,2026-02-10,bull_put,2026-02-05 12:39:00,25600,65,25600,25200,91.25,20068.75,0.9151898734177215,0.8101694915254237,25624.65,2026-02-06 10:34:00,SL,139.0,-3103.75,112.8482904775,-3216.5982904775
2026-02-06,2026-02-10,bear_call,2026-02-06 11:46:00,25600,65,25600,26000,104.6,19201.0,0.11139240506329114,0.09491525423728814,25614.5,2026-02-09 09:16:00,SL,228.5,-8053.5,117.223732204,-8170.723732204
2026-02-06,2026-02-10,bull_put,2026-02-06 10:19:00,25550,65,25550,25150,90.30000000000001,20130.5,0.9924050632911392,0.9932203389830508,25551.7,2026-02-09 15:01:00,TIME,6.6000000000000005,5440.500000000001,105.63032526200001,5334.869674738001
2026-02-09,2026-02-10,bull_put,2026-02-09 10:39:00,25850,65,25850,25450,63.25,21888.75,0.8721518987341772,0.9389830508474576,25842.5,2026-02-10 15:01:00,TIME,0.5,4078.75,101.35979883949997,3977.3902011605
2026-02-10,2026-02-10,bull_put,2026-02-10 10:17:00,25950,65,25950,25550,34.4,23764.0,0.8924050632911392,0.9627118644067797,25963.65,2026-02-10 15:01:00,TIME,14.150000000000002,1316.2499999999998,98.4007381115,1217.8492618884998
2026-02-11,2026-02-17,bull_put,2026-02-11 10:19:00,25950,65,25950,25550,85.55,20439.25,0.9987341772151899,0.9050847457627119,25948.5,2026-02-12 09:31:00,SL,135.15,-3224.0000000000005,112.792990213,-3336.7929902130004
2026-02-11,2026-02-17,bear_call,2026-02-11 11:09:00,25950,65,25950,26350,117.65,18352.75,0.09113924050632911,0.12542372881355932,25944.2,2026-02-12 15:01:00,TIME,48.49999999999999,4494.75,109.9055207905,4384.8444792095
2026-02-12,2026-02-17,bear_call,2026-02-12 10:26:00,25850,65,25850,26250,117.39999999999999,18369.0,0.0620253164556962,0.03728813559322034,25861.85,2026-02-13 15:01:00,TIME,13.750000000000002,6737.249999999999,108.58842883249999,6628.6615711674995
2026-02-16,2026-02-17,bear_call,2026-02-16 10:25:00,25550,65,25550,25950,74.5,21157.5,0.05189873417721519,0.13559322033898305,25526.8,2026-02-16 14:33:00,SL,124.9,-3276.0000000000005,107.444793762,-3383.4447937620002
2026-02-13,2026-02-17,bear_call,2026-02-13 10:18:00,25500,65,25500,25900,121.05,18131.75,0.016455696202531647,0.07457627118644068,25516.45,2026-02-16 14:34:00,SL,165.45000000000002,-2886.0000000000014,114.72721771600001,-3000.727217716001
2026-02-17,2026-02-17,bull_put,2026-02-17 10:20:00,25700,65,25700,25300,52.800000000000004,22568.0,0.8037974683544303,0.8745762711864407,25690.7,2026-02-17 15:01:00,TIME,1.4500000000000002,3337.75,99.59867656749998,3238.1513234325002
2026-02-17,2026-02-17,bear_call,2026-02-17 10:35:00,25700,65,25700,26100,51.7,22639.5,0.1240506329113924,0.06779661016949153,25710.5,2026-02-17 15:01:00,TIME,33.15,1205.7500000000002,100.30474421550001,1105.4452557845002
2026-02-18,2026-02-24,bear_call,2026-02-18 10:18:00,25650,65,25650,26050,123.74999999999999,17956.25,0.053164556962025315,0.07457627118644068,25650.5,2026-02-18 13:24:00,SL,167.9,-2869.7500000000014,117.89807078449999,-2987.648070784501
2026-02-18,2026-02-24,bear_call,2026-02-18 13:26:00,25750,65,25750,26150,110.6,18811.0,0.17848101265822786,0.013559322033898305,25736.05,2026-02-18 15:01:00,SL,157.70000000000002,-3061.5000000000014,115.02878636,-3176.5287863600015
2026-02-18,2026-02-24,bull_put,2026-02-18 10:34:00,25650,65,25650,25250,91.5,20052.5,0.8987341772151899,0.8610169491525423,25673.85,2026-02-19 14:00:00,SL,137.65,-2999.7500000000005,115.61157545649999,-3115.3615754565003
2026-02-19,2026-02-24,bull_put,2026-02-19 14:10:00,25550,65,25550,25150,94.3,19870.5,0.879746835443038,0.8915254237288136,25566.65,2026-02-19 15:08:00,SL,142.05,-3103.750000000001,116.7695296565,-3220.5195296565007
2026-02-19,2026-02-24,bear_call,2026-02-19 10:28:00,25750,65,25750,26150,108.15,18970.25,0.15316455696202533,0.0711864406779661,25738.6,2026-02-20 15:01:00,TIME,64.75,2821.0000000000005,109.700970126,2711.2990298740006
2026-02-23,2026-02-24,bull_put,2026-02-23 10:19:00,25750,65,25750,25350,83.35000000000001,20582.25,0.8911392405063291,0.8305084745762712,25729.7,2026-02-23 10:46:00,SL,132.85,-3217.499999999999,111.527328803,-3329.027328802999
2026-02-20,2026-02-24,bull_put,2026-02-20 10:17:00,25500,65,25500,25100,87.15,20335.25,0.9329113924050633,0.9084745762711864,25517.6,2026-02-23 15:01:00,TIME,21.7,4254.25,108.0669165555,4146.1830834445
2026-02-23,2026-02-24,bull_put,2026-02-23 10:52:00,25650,65,25650,25250,72.8,21268.0,0.9240506329113924,0.8576271186440678,25672.6,2026-02-24 09:23:00,SL,122.05,-3201.25,107.1819699475,-3308.4319699475
2026-02-24,2026-02-24,bull_put,2026-02-24 10:20:00,25500,65,25500,25100,56.45,22330.75,0.8405063291139241,0.8440677966101695,25500.3,2026-02-24 12:48:00,SL,112.15,-3620.5,103.23563266299999,-3723.735632663
2026-02-24,2026-02-24,bear_call,2026-02-24 10:18:00,25500,65,25500,25900,44.4,23114.0,0.14936708860759493,0.10508474576271186,25478.0,2026-02-24 15:01:00,TIME,0.7000000000000001,2840.4999999999995,98.80466997100001,2741.6953300289997
2026-02-24,2026-02-24,bull_put,2026-02-24 12:56:00,25400,65,25400,25000,34.7,23744.5,0.8670886075949367,0.8949152542372881,25406.45,2026-02-24 15:01:00,TIME,4.5,1963.0000000000002,97.88968281999999,1865.1103171800003
2026-02-25,2026-03-02,bull_put,2026-02-25 10:17:00,25650,65,25650,25250,89.35,20192.25,0.9481012658227848,0.9016949152542373,25644.7,2026-02-25 12:35:00,SL,139.90000000000003,-3285.7500000000027,116.9410644095,-3402.691064409503
2026-02-25,2026-03-02,bear_call,2026-02-25 10:39:00,25650,65,25650,26050,125.44999999999999,17845.75,0.18354430379746836,0.1423728813559322,25626.95,2026-02-26 15:01:00,TIME,55.099999999999994,4572.75,111.32696214949999,4461.4230378505
2026-02-25,2026-03-02,bull_put,2026-02-25 12:55:00,25500,65,25500,25100,108.2,18967.0,0.8240506329113924,0.8576271186440678,25480.1,2026-02-26 15:01:00,TIME,82.3,1683.5000000000005,114.35141965700001,1569.1485803430005
2026-02-27,2026-03-02,bull_put,2026-02-27 10:26:00,25350,65,25350,24950,100.19999999999999,19487.0,0.9607594936708861,0.8949152542372881,25326.45,2026-02-27 15:04:00,SL,154.9,-3555.500000000001,114.66835694000001,-3670.168356940001
2026-02-27,2026-03-02,bear_call,2026-02-27 10:17:00,25300,65,25300,25700,105.9,19116.5,0.09240506329113925,0.06440677966101695,25309.55,2026-03-02 15:01:00,TIME,0.25,6867.25,105.92050794049999,6761.3294920595
2026-03-02,2026-03-02,bear_call,2026-03-02 10:37:00,24850,65,24850,25250,61.95,21973.25,0.05443037974683544,0.16610169491525423,24850.65,2026-03-02 15:01:00,TIME,13.0,3181.75,100.77974653549998,3080.9702534645
2026-03-04,2026-03-10,bear_call,2026-03-04 10:20:00,24400,65,24400,24800,187.64999999999998,13802.750000000002,0.09240506329113925,0.1864406779661017,24387.0,2026-03-04 14:14:00,SL,224.25,-2379.0000000000014,156.89834948499998,-2535.8983494850013
2026-03-05,2026-03-10,bear_call,2026-03-05 10:23:00,24600,65,24600,25000,157.85,15739.75,0.17341772151898735,0.10508474576271186,24582.7,2026-03-05 14:41:00,SL,220.5,-4072.2500000000005,134.6130212575,-4206.863021257501
2026-03-04,2026-03-10,bull_put,2026-03-04 10:25:00,24400,65,24400,24000,122.64999999999998,18027.75,0.8139240506329114,0.8067796610169492,24399.35,2026-03-05 15:01:00,TIME,42.75,5193.499999999998,133.919877904,5059.580122095998
2026-03-06,2026-03-10,bull_put,2026-03-06 11:01:00,24600,65,24600,24200,121.44999999999999,18105.75,0.8050632911392405,0.8610169491525423,24617.5,2026-03-06 15:07:00,SL,162.70000000000002,-2681.250000000002,137.89174575849998,-2819.1417457585017
2026-03-09,2026-03-10,bear_call,2026-03-09 10:16:00,23800,65,23800,24200,148.35,16357.25,0.016455696202531647,0.10508474576271186,23777.1,2026-03-09 10:57:00,SL,192.85000000000002,-2892.500000000002,131.206562104,-3023.706562104002
2026-03-09,2026-03-10,bear_call,2026-03-09 11:11:00,23800,65,23800,24200,155.1,15918.5,0.03164556962025317,0.12542372881355932,23807.05,2026-03-09 11:40:00,SL,193.5,-2496.0000000000005,131.247815329,-2627.2478153290003
2026-03-06,2026-03-10,bear_call,2026-03-06 10:31:00,24650,65,24650,25050,150.3,16230.5,0.03417721518987342,0.03728813559322034,24634.8,2026-03-09 15:01:00,TIME,14.049999999999999,8856.25,115.8272900205,8740.4227099795
2026-03-09,2026-03-10,bull_put,2026-03-09 11:41:00,23950,65,23950,23550,118.14999999999999,18320.25,0.950632911392405,0.8542372881355932,23927.25,2026-03-10 15:01:00,TIME,0.2,7666.749999999999,116.04188072150001,7550.708119278499
2026-03-10,2026-03-10,bull_put,2026-03-10 10:16:00,24200,65,24200,23800,77.05000000000001,20991.75,0.9746835443037974,0.9898305084745763,24187.75,2026-03-10 15:01:00,TIME,3.4999999999999996,4780.750000000001,102.42530535949999,4678.324694640501
2026-03-11,2026-03-17,bull_put,2026-03-11 10:51:00,24100,65,24100,23700,131.44999999999996,17455.750000000004,0.9177215189873418,0.8610169491525423,24093.9,2026-03-11 13:17:00,SL,172.5,-2668.2500000000027,155.2022557025,-2823.452255702503
2026-03-11,2026-03-17,bull_put,2026-03-11 13:23:00,23950,65,23950,23550,136.64999999999998,17117.75,0.9265822784810127,1.0,23947.95,2026-03-12 09:16:00,SL,214.70000000000005,-5073.250000000005,164.54886024249998,-5237.798860242505
2026-03-11,2026-03-17,bear_call,2026-03-11 10:36:00,24100,65,24100,24500,175.60000000000002,14585.999999999998,0.04177215189873418,0.030508474576271188,24097.4,2026-03-12 15:01:00,TIME,53.3,7949.500000000002,128.87621652800001,7820.623783472001
2026-03-12,2026-03-17,bull_put,2026-03-12 10:22:00,23600,65,23600,23200,127.1,17738.5,0.9050632911392406,0.8915254237288136,23623.6,2026-03-13 09:16:00,SL,170.95000000000005,-2850.250000000003,144.2082280475,-2994.4582280475033
2026-03-13,2026-03-17,bull_put,2026-03-13 10:29:00,23350,65,23350,22950,132.0,17420.0,0.9405063291139241,0.9355932203389831,23346.5,2026-03-13 13:09:00,SL,171.70000000000005,-2580.5000000000027,142.565738309,-2723.065738309003
2026-03-13,2026-03-17,bull_put,2026-03-13 13:29:00,23200,65,23200,22800,140.25,16883.75,0.8354430379746836,0.9728813559322034,23189.55,2026-03-16 10:52:00,SL,181.15000000000003,-2658.5000000000023,138.401242116,-2796.9012421160023
2026-03-16,2026-03-17,bear_call,2026-03-16 10:52:00,23000,65,23000,23400,145.1,16568.5,0.0810126582278481,0.02711864406779661,23017.7,2026-03-16 11:16:00,SL,185.89999999999998,-2651.999999999999,127.83698733699998,-2779.8369873369993
2026-03-13,2026-03-17,bear_call,2026-03-13 10:35:00,23350,65,23350,23750,154.55,15954.25,0.11645569620253164,0.18983050847457628,23326.75,2026-03-16 15:01:00,TIME,150.0,295.75000000000074,127.86188782949999,167.88811217050073
2026-03-17,2026-03-17,bull_put,2026-03-17 10:23:00,23550,65,23550,23150,61.0,22035.0,0.879746835443038,0.8440677966101695,23572.65,2026-03-17 10:34:00,SL,113.85,-3435.2499999999995,104.61543972150001,-3539.8654397214996
2026-03-17,2026-03-17,bear_call,2026-03-17 10:37:00,23450,65,23450,23850,62.7,21924.5,0.0189873417721519,0.10508474576271186,23448.8,2026-03-17 13:16:00,SL,119.14999999999999,-3669.249999999999,103.98838218649999,-3773.238382186499
2026-03-16,2026-03-17,bull_put,2026-03-16 11:16:00,23100,65,23100,22700,111.14999999999999,18775.25,0.9341772151898734,0.9288135593220339,23114.65,2026-03-17 15:01:00,TIME,0.2,7211.749999999999,110.8667895015,7100.8832104984995
2026-03-17,2026-03-17,bull_put,2026-03-17 13:16:00,23550,65,23550,23150,51.150000000000006,22675.25,0.8721518987341772,0.8677966101694915,23551.2,2026-03-17 15:01:00,TIME,0.6500000000000001,3282.5000000000005,99.34530640499999,3183.1546935950005
2026-03-18,2026-03-24,bull_put,2026-03-18 10:16:00,23650,65,23650,23250,116.69999999999997,18414.5,0.8683544303797468,0.8169491525423729,23673.75,2026-03-19 09:16:00,SL,209.00000000000003,-5999.500000000004,147.511397612,-6147.011397612004
2026-03-19,2026-03-24,bull_put,2026-03-19 10:23:00,23250,65,23250,22850,133.7,17309.5,0.8822784810126583,0.8033898305084746,23246.8,2026-03-19 14:43:00,SL,174.85000000000002,-2674.7500000000023,146.6920080345,-2821.442008034502
2026-03-18,2026-03-24,bear_call,2026-03-18 12:03:00,23800,65,23800,24200,154.35,15967.25,0.1962025316455696,0.10847457627118644,23794.55,2026-03-19 15:01:00,TIME,15.600000000000001,9018.75,118.6431153835,8900.1068846165
2026-03-20,2026-03-24,bull_put,2026-03-20 10:24:00,23250,65,23250,22850,133.5,17322.5,0.8924050632911392,0.9084745762711864,23231.25,2026-03-20 14:51:00,SL,179.85000000000002,-3012.7500000000014,147.5129193075,-3160.2629193075013
2026-03-20,2026-03-24,bear_call,2026-03-20 10:18:00,23200,65,23200,23600,169.14999999999998,15005.250000000002,0.11392405063291139,0.08135593220338982,23224.95,2026-03-23 15:01:00,TIME,15.5,9987.249999999998,122.9676153815,9864.282384618498
2026-03-24,2026-03-24,bull_put,2026-03-24 10:17:00,22750,65,22750,22350,97.35000000000001,19672.25,0.9569620253164557,0.8203389830508474,22728.2,2026-03-24 10:37:00,SL,149.25000000000003,-3373.5000000000014,109.904924227,-3483.404924227001
2026-03-23,2026-03-24,bull_put,2026-03-23 10:37:00,22600,65,22600,22200,141.05,16831.75,0.9189873417721519,0.8542372881355932,22575.75,2026-03-24 15:01:00,TIME,0.3,9148.75,119.5097475265,9029.2402524735
2026-03-24,2026-03-24,bull_put,2026-03-24 10:49:00,22700,65,22700,22300,72.0,21320.0,0.9822784810126582,0.9525423728813559,22721.25,2026-03-24 15:01:00,TIME,0.35,4657.25,101.5678676875,4555.6821323125
2026-03-25,2026-03-30,bear_call,2026-03-25 10:24:00,23300,65,23300,23700,168.85,15024.75,0.19240506329113924,0.17288135593220338,23288.1,2026-03-25 11:08:00,SL,205.50000000000003,-2382.2500000000023,149.38358229649998,-2531.633582296502
2026-03-25,2026-03-30,bull_put,2026-03-25 10:43:00,23350,65,23350,22950,136.29999999999995,17140.500000000004,0.9025316455696203,0.8169491525423729,23342.9,2026-03-27 09:16:00,SL,193.00000000000003,-3685.500000000005,155.062344756,-3840.562344756005
2026-03-27,2026-03-30,bull_put,2026-03-27 10:24:00,23000,65,23000,22600,133.7,17309.5,0.810126582278481,0.8711864406779661,22996.0,2026-03-27 14:35:00,SL,175.7,-2730.0,139.278902237,-2869.278902237
2026-03-25,2026-03-30,bear_call,2026-03-25 11:24:00,23400,65,23400,23800,172.05,14816.75,0.16075949367088607,0.09491525423728814,23395.55,2026-03-27 15:01:00,TIME,29.649999999999995,9256.0,126.89973755599999,9129.100262444
2026-03-30,2026-03-30,bull_put,2026-03-30 10:39:00,22550,65,22550,22150,91.80000000000001,20033.0,0.9139240506329114,0.8406779661016949,22546.3,2026-03-30 13:55:00,SL,138.35000000000002,-3025.750000000001,107.72627724350002,-3133.476277243501
2026-03-30,2026-03-30,bear_call,2026-03-30 10:44:00,22500,65,22500,22900,87.55000000000001,20309.25,0.04810126582278481,0.09491525423728814,22513.85,2026-03-30 15:01:00,TIME,0.5,5658.250000000001,103.3040406845,5554.945959315501
2026-03-30,2026-03-30,bull_put,2026-03-30 14:02:00,22450,65,22450,22050,48.1,22873.5,0.9063291139240506,0.8779661016949153,22447.8,2026-03-30 15:01:00,SL,128.55,-5229.250000000001,102.68800479650001,-5331.9380047965005
2026-04-01,2026-04-07,bull_put,2026-04-01 10:33:00,22800,65,22800,22400,135.84999999999997,17169.750000000004,0.9,0.8508474576271187,22815.0,2026-04-01 14:49:00,SL,176.35000000000002,-2632.5000000000036,155.82681253799998,-2788.3268125380037
2026-04-01,2026-04-07,bear_call,2026-04-01 10:25:00,22850,65,22850,23250,169.75,14966.25,0.030379746835443037,0.18983050847457628,22828.35,2026-04-02 15:01:00,TIME,125.75000000000001,2859.999999999999,139.04761236,2720.952387639999
2026-04-02,2026-04-07,bull_put,2026-04-02 10:29:00,22200,65,22200,21800,140.09999999999997,16893.500000000004,0.859493670886076,0.8169491525423729,22216.75,2026-04-06 15:01:00,TIME,14.250000000000002,8180.249999999998,126.91875521050001,8053.331244789498
2026-04-07,2026-04-07,bull_put,2026-04-07 10:18:00,22950,65,22950,22550,87.7,20299.5,0.9037974683544304,0.8610169491525423,22949.35,2026-04-07 10:59:00,SL,141.8,-3516.5000000000005,108.536545462,-3625.0365454620005
2026-04-06,2026-04-07,bull_put,2026-04-06 10:16:00,22650,65,22650,22250,129.59999999999997,17576.000000000004,0.9721518987341772,0.8949152542372881,22654.6,2026-04-07 15:01:00,TIME,0.14999999999999997,8414.249999999998,114.91809335550002,8299.331906644498
2026-04-07,2026-04-07,bull_put,2026-04-07 11:19:00,22900,65,22900,22500,85.35,20452.25,0.8582278481012658,0.8779661016949153,22887.15,2026-04-07 15:01:00,TIME,0.24999999999999994,5531.5,102.80452403700001,5428.695475963
2026-04-08,2026-04-13,bull_put,2026-04-08 10:21:00,23900,65,23900,23500,132.64999999999998,17377.75,0.8316455696202532,0.8338983050847457,23902.0,2026-04-09 14:24:00,SL,172.75,-2606.5000000000014,136.583660961,-2743.0836609610014
2026-04-08,2026-04-13,bear_call,2026-04-08 11:26:00,24000,65,24000,24400,144.55,16604.25,0.15949367088607594,0.15254237288135594,23990.2,2026-04-09 15:01:00,TIME,72.4,4689.75,119.9572639985,4569.7927360015
2026-04-10,2026-04-13,bull_put,2026-04-10 10:20:00,24000,65,24000,23600,108.25,18963.75,0.8379746835443038,0.8067796610169492,24014.15,2026-04-13 09:16:00,SL,281.95,-11290.5,126.23932039600001,-11416.739320396
2026-04-13,2026-04-13,bear_call,2026-04-13 10:16:00,23650,65,23650,24050,59.75,22116.25,0.0670886075949367,0.1152542372881356,23646.15,2026-04-13 10:28:00,SL,111.75,-3380.0,103.763129191,-3483.763129191
2026-04-13,2026-04-13,bear_call,2026-04-13 10:43:00,23700,65,23700,24100,64.95,21778.25,0.12658227848101267,0.17627118644067796,23700.85,2026-04-13 11:51:00,SL,123.89999999999999,-3831.749999999999,104.5560605835,-3936.306060583499
2026-04-10,2026-04-13,bear_call,2026-04-10 10:46:00,24000,65,24000,24400,125.45,17845.75,0.1569620253164557,0.07457627118644068,23998.45,2026-04-13 15:01:00,TIME,0.25,8138.0,109.313107365,8028.686892635
2026-04-13,2026-04-13,bull_put,2026-04-13 11:51:00,23800,65,23800,23400,61.35,22012.25,0.9658227848101266,0.9525423728813559,23797.15,2026-04-13 15:01:00,TIME,3.9499999999999997,3731.0,100.487250468,3630.512749532
2026-04-15,2026-04-21,bear_call,2026-04-15 10:37:00,24250,65,24250,24650,160.05,15596.75,0.15949367088607594,0.16610169491525423,24248.55,2026-04-16 15:01:00,TIME,125.7,2232.7500000000005,125.05531080950001,2107.6946891905004
2026-04-15,2026-04-21,bull_put,2026-04-15 11:18:00,24200,65,24200,23800,128.25,17663.75,0.8405063291139241,0.8067796610169492,24198.4,2026-04-16 15:01:00,TIME,124.25000000000001,259.9999999999991,128.143626644,131.8563733559991
2026-04-17,2026-04-21,bear_call,2026-04-17 10:32:00,24300,65,24300,24700,132.04999999999998,17416.750000000004,0.15443037974683543,0.13559322033898305,24282.9,2026-04-20 10:31:00,SL,173.15,-2671.5000000000014,119.815876291,-2791.3158762910016
2026-04-17,2026-04-21,bull_put,2026-04-17 10:16:00,24300,65,24300,23900,126.35,17787.25,0.9670886075949368,0.9491525423728814,24284.9,2026-04-20 15:01:00,TIME,73.75,3418.9999999999995,116.76404961700001,3302.2359503829994
2026-04-20,2026-04-21,bull_put,2026-04-20 10:31:00,24450,65,24450,24050,117.44999999999999,18365.75,0.9645569620253165,0.9016949152542373,24425.95,2026-04-20 15:19:00,SL,167.3,-3240.2500000000014,120.4795590315,-3360.7295590315016
2026-04-21,2026-04-21,bear_call,2026-04-21 10:21:00,24500,65,24500,24900,55.400000000000006,22399.0,0.07848101265822785,0.09830508474576272,24500.5,2026-04-21 15:01:00,TIME,88.75,-2167.7499999999995,102.18502383750001,-2269.9350238374996
2026-04-21,2026-04-21,bull_put,2026-04-21 10:32:00,24500,65,24500,24100,46.35,22987.25,0.8784810126582279,0.9152542372881356,24510.1,2026-04-21 15:01:00,TIME,0.3,2993.2500000000005,98.9421944165,2894.3078055835003
2026-04-22,2026-04-28,bull_put,2026-04-22 10:39:00,24400,65,24400,24000,147.0,16445.0,0.8151898734177215,0.8711864406779661,24393.4,2026-04-23 09:16:00,SL,214.9,-4413.5,145.48921701,-4558.98921701
2026-04-23,2026-04-28,bull_put,2026-04-23 10:20:00,24300,65,24300,23900,142.34999999999997,16747.250000000004,0.8139240506329114,0.8372881355932204,24287.0,2026-04-23 12:32:00,SL,181.65,-2554.5000000000027,133.442888157,-2687.942888157003
2026-04-22,2026-04-28,bear_call,2026-04-22 10:22:00,24350,65,24350,24750,149.25,16298.75,0.10379746835443038,0.19661016949152543,24364.1,2026-04-23 15:01:00,TIME,81.5,4403.75,123.35914900450001,4280.3908509955
2026-04-23,2026-04-28,bull_put,2026-04-23 12:41:00,24200,65,24200,23800,138.25,17013.75,0.9253164556962026,0.8508474576271187,24192.25,2026-04-24 09:33:00,SL,181.14999999999998,-2788.4999999999986,129.855264832,-2918.3552648319987
2026-04-24,2026-04-28,bull_put,2026-04-24 10:54:00,23950,65,23950,23550,125.29999999999998,17855.500000000004,0.9075949367088607,0.8949152542372881,23937.8,2026-04-24 14:07:00,SL,168.2,-2788.5000000000005,124.85251284400002,-2913.3525128440006
2026-04-24,2026-04-28,bear_call,2026-04-24 10:25:00,23950,65,23950,24350,131.45,17455.75,0.05949367088607595,0.07796610169491526,23943.9,2026-04-27 09:49:00,SL,177.55,-2996.5000000000014,120.95123308500001,-3117.451233085001
2026-04-27,2026-04-28,bull_put,2026-04-27 10:17:00,24100,65,24100,23700,86.45,20380.75,0.8139240506329114,0.8169491525423729,24099.1,2026-04-27 11:37:00,SL,135.60000000000002,-3194.7500000000014,110.36924116449998,-3305.1192411645015
2026-04-24,2026-04-28,bull_put,2026-04-24 14:12:00,23850,65,23850,23450,124.55000000000001,17904.25,0.9379746835443038,0.9016949152542373,23838.55,2026-04-27 15:01:00,TIME,16.200000000000003,7042.750000000001,112.19260374450002,6930.557396255501
2026-04-28,2026-04-28,bull_put,2026-04-28 10:23:00,24150,65,24150,23750,35.15,23715.25,0.8379746835443038,0.8542372881355932,24173.1,2026-04-28 11:27:00,SL,97.7,-4065.7500000000005,100.8173879835,-4166.5673879835
2026-04-28,2026-04-28,bull_put,2026-04-28 11:39:00,24100,65,24100,23700,54.95,22428.25,0.9784810126582278,0.911864406779661,24079.45,2026-04-28 12:31:00,SL,108.05,-3451.4999999999995,102.797988157,-3554.2979881569995
2026-04-27,2026-04-28,bull_put,2026-04-27 11:49:00,24000,65,24000,23600,83.55000000000001,20569.25,0.9113924050632911,0.888135593220339,24011.75,2026-04-28 15:01:00,TIME,3.9999999999999996,5170.750000000001,103.55096086450001,5067.199039135501
2026-04-28,2026-04-28,bear_call,2026-04-28 12:32:00,24000,65,24000,24400,31.45,23955.75,0.03670886075949367,0.09830508474576272,23998.5,2026-04-28 15:01:00,TIME,20.599999999999998,705.2500000000001,98.0560673435,607.1939326565001
2026-04-29,2026-05-05,bull_put,2026-04-29 10:21:00,24250,65,24250,23850,111.69999999999999,18739.5,0.9392405063291139,0.8576271186440678,24265.35,2026-04-29 15:27:00,SL,156.45,-2908.75,125.46787136049998,-3034.2178713605
2026-04-30,2026-05-05,bear_call,2026-04-30 10:18:00,23800,65,23800,24200,136.65,17117.75,0.11139240506329114,0.06440677966101695,23810.05,2026-04-30 12:26:00,SL,178.75,-2736.4999999999995,128.623754864,-2865.1237548639997
2026-04-29,2026-05-05,bear_call,2026-04-29 10:47:00,24250,65,24250,24650,159.5,15632.5,0.13544303797468354,0.17288135593220338,24255.25,2026-04-30 15:01:00,TIME,77.0,5362.5,121.458711108,5241.041288892
2026-04-30,2026-05-05,bull_put,2026-04-30 12:43:00,23900,65,23900,23500,122.55,18034.25,0.8848101265822785,0.847457627118644,23913.1,2026-05-04 15:01:00,TIME,33.449999999999996,5791.5,113.26843641800001,5678.231563582
2026-05-05,2026-05-05,bull_put,2026-05-05 10:21:00,24000,65,24000,23600,54.1,22483.5,0.8556962025316456,0.9016949152542373,23991.65,2026-05-05 11:48:00,SL,116.7,-4069.0,102.98790030800001,-4171.9879003080005
2026-05-05,2026-05-05,bear_call,2026-05-05 11:48:00,23900,65,23900,24300,41.2,23322.0,0.0620253164556962,0.0711864406779661,23895.45,2026-05-05 12:51:00,SL,103.25,-4033.25,101.5340191195,-4134.7840191195
2026-05-04,2026-05-05,bear_call,2026-05-04 10:23:00,24150,65,24150,24550,123.64999999999999,17962.75,0.15569620253164557,0.18305084745762712,24152.3,2026-05-05 15:01:00,TIME,0.3,8017.75,108.6173581745,7909.1326418255
2026-05-05,2026-05-05,bull_put,2026-05-05 13:00:00,24000,65,24000,23600,29.7,24069.5,0.9316455696202531,0.9728813559322034,24011.9,2026-05-05 15:01:00,TIME,7.65,1433.2499999999998,97.4122221285,1335.8377778714998
2026-05-06,2026-05-12,bull_put,2026-05-06 10:22:00,24150,65,24150,23750,114.94999999999999,18528.25,0.9468354430379747,0.8915254237288136,24153.95,2026-05-06 12:23:00,SL,158.0,-2798.250000000001,125.71480693250001,-2923.964806932501
2026-05-06,2026-05-12,bear_call,2026-05-06 10:52:00,24100,65,24100,24500,158.29999999999998,15710.500000000002,0.19240506329113924,0.1152542372881356,24112.45,2026-05-06 14:21:00,SL,196.10000000000002,-2457.0000000000027,133.466007773,-2590.4660077730027
2026-05-06,2026-05-12,bull_put,2026-05-06 12:59:00,24000,65,24000,23600,122.95,18008.25,0.9050632911392406,0.9796610169491525,24021.35,2026-05-07 15:01:00,TIME,37.35,5564.0,115.206327087,5448.793672913
2026-05-07,2026-05-12,bull_put,2026-05-07 10:18:00,24350,65,24350,23950,126.39999999999998,17784.0,0.930379746835443,0.8406779661016949,24338.65,2026-05-08 09:16:00,SL,178.25,-3370.2500000000014,124.8331898325,-3495.0831898325014
2026-05-08,2026-05-12,bull_put,2026-05-08 10:24:00,24250,65,24250,23850,122.69999999999999,18024.5,0.959493670886076,0.847457627118644,24230.25,2026-05-11 09:16:00,SL,244.10000000000002,-7891.000000000002,126.96969830399999,-8017.969698304002
2026-05-11,2026-05-12,bear_call,2026-05-11 10:18:00,23900,65,23900,24300,97.9,19636.5,0.11772151898734177,0.11186440677966102,23875.6,2026-05-11 13:46:00,SL,145.85,-3116.749999999999,112.1592427545,-3228.9092427544992
2026-05-11,2026-05-12,bull_put,2026-05-11 13:49:00,24000,65,24000,23600,92.7,19974.5,0.8607594936708861,0.8915254237288136,23981.0,2026-05-11 14:58:00,SL,142.35,-3227.2499999999995,110.04533814349999,-3337.2953381434995
2026-05-08,2026-05-12,bear_call,2026-05-08 10:51:00,24200,65,24200,24600,140.85,16844.75,0.1848101265822785,0.08813559322033898,24219.0,2026-05-11 15:01:00,TIME,13.2,8297.25,113.26022604050002,8183.9897739595
2026-05-12,2026-05-12,bull_put,2026-05-12 10:18:00,23650,65,23650,23250,44.0,23140.0,0.9721518987341772,0.9830508474576272,23666.7,2026-05-12 12:09:00,SL,101.7,-3750.5,101.680215826,-3852.1802158259998
2026-05-12,2026-05-12,bull_put,2026-05-12 12:18:00,23550,65,23550,23150,31.5,23952.5,0.9367088607594937,0.911864406779661,23573.45,2026-05-12 14:11:00,SL,89.6,-3776.4999999999995,100.03627365599999,-3876.5362736559996
2026-05-12,2026-05-12,bear_call,2026-05-12 10:23:00,23650,65,23650,24050,57.95,22233.25,0.17088607594936708,0.12203389830508475,23653.3,2026-05-12 15:01:00,TIME,0.2,3753.75,100.0421154075,3653.7078845925
2026-05-13,2026-05-19,bear_call,2026-05-13 10:40:00,23450,65,23450,23850,160.29999999999998,15580.500000000002,0.021518987341772152,0.10508474576271186,23429.1,2026-05-13 12:58:00,SL,200.14999999999998,-2590.2499999999995,140.0747384925,-2730.3247384924994
2026-05-13,2026-05-19,bear_call,2026-05-13 13:08:00,23550,65,23550,23950,158.0,15730.0,0.15443037974683543,0.11864406779661017,23537.65,2026-05-14 11:50:00,SL,195.75000000000003,-2453.750000000002,134.8058805995,-2588.555880599502
2026-05-13,2026-05-19,bull_put,2026-05-13 10:17:00,23400,65,23400,23000,121.75,18086.25,0.9898734177215189,0.911864406779661,23422.1,2026-05-14 15:01:00,TIME,51.25,4582.5,120.54267568900002,4461.957324311
2026-05-15,2026-05-19,bull_put,2026-05-15 10:23:00,23800,65,23800,23400,117.39999999999999,18369.0,0.8202531645569621,0.8677966101694915,23814.25,2026-05-15 11:32:00,SL,162.4,-2925.000000000001,124.079399737,-3049.079399737001
2026-05-14,2026-05-19,bull_put,2026-05-14 11:51:00,23700,65,23700,23300,124.25,17923.75,0.9392405063291139,0.9050847457627119,23687.55,2026-05-15 15:01:00,TIME,146.35000000000002,-1436.5000000000014,124.77111238199998,-1561.2711123820013
2026-05-15,2026-05-19,bear_call,2026-05-15 11:57:00,23700,65,23700,24100,134.85,17234.75,0.1848101265822785,0.17627118644067796,23718.35,2026-05-18 15:01:00,TIME,79.75,3581.4999999999995,114.70400438300001,3466.7959956169993
2026-05-18,2026-05-19,bull_put,2026-05-18 10:17:00,23400,65,23400,23000,115.75,18476.25,0.8113924050632911,0.8915254237288136,23375.45,2026-05-19 15:01:00,TIME,0.25,7507.5,107.811004607,7399.688995393
2026-05-19,2026-05-19,bear_call,2026-05-19 10:20:00,23750,65,23750,24150,41.050000000000004,23331.75,0.07468354430379746,0.1288135593220339,23725.7,2026-05-19 15:01:00,TIME,0.24999999999999994,2652.0000000000005,98.308435414,2553.6915645860004
2026-05-20,2026-05-26,bear_call,2026-05-20 10:24:00,23500,65,23500,23900,139.15,16955.25,0.05822784810126582,0.0576271186440678,23481.65,2026-05-20 11:28:00,SL,179.5,-2622.7499999999995,131.21957241950003,-2753.9695724194994
2026-05-20,2026-05-26,bear_call,2026-05-20 12:00:00,23600,65,23600,24000,154.39999999999998,15964.000000000002,0.12784810126582277,0.1288135593220339,23608.15,2026-05-21 09:16:00,SL,218.9,-4192.500000000002,135.04712064400002,-4327.547120644002
2026-05-21,2026-05-26,bull_put,2026-05-21 10:16:00,23800,65,23800,23400,130.75,17501.25,0.8468354430379746,0.888135593220339,23778.65,2026-05-21 11:17:00,SL,176.64999999999998,-2983.4999999999986,128.90272994999998,-3112.4027299499985
2026-05-20,2026-05-26,bull_put,2026-05-20 10:29:00,23500,65,23500,23100,136.25,17143.75,0.9189873417721519,0.9694915254237289,23507.8,2026-05-21 15:01:00,TIME,78.60000000000001,3747.2499999999995,122.1344508545,3625.1155491454997
2026-05-21,2026-05-26,bull_put,2026-05-21 11:22:00,23700,65,23700,23300,137.25,17078.75,0.8708860759493671,0.823728813559322,23688.55,2026-05-22 15:01:00,TIME,109.15000000000002,1826.4999999999986,120.25731864299999,1706.2426813569987
2026-05-22,2026-05-26,bear_call,2026-05-22 10:17:00,23800,65,23800,24200,123.24999999999999,17988.75,0.16582278481012658,0.0711864406779661,23778.95,2026-05-25 09:16:00,SL,177.65,-3536.0000000000014,117.68671599800001,-3653.6867159980015
2026-05-25,2026-05-26,bear_call,2026-05-25 10:52:00,24000,65,24000,24400,85.75,20426.25,0.15569620253164557,0.15254237288135594,23979.85,2026-05-25 15:29:00,SL,138.55,-3432.000000000001,108.50502431,-3540.505024310001
2026-05-25,2026-05-26,bull_put,2026-05-25 10:18:00,23950,65,23950,23550,74.45,21160.75,0.8949367088607595,0.9525423728813559,23968.65,2026-05-26 15:01:00,TIME,46.49999999999999,1816.7500000000007,103.7489461065,1713.0010538935007
2026-05-26,2026-05-26,bear_call,2026-05-26 10:21:00,24050,65,24050,24450,48.00000000000001,22880.0,0.10379746835443038,0.12542372881355932,24051.0,2026-05-26 15:01:00,TIME,0.35000000000000003,3097.2500000000005,98.94429864850001,2998.3057013515004
2026-05-27,2026-06-02,bull_put,2026-05-27 10:18:00,23950,65,23950,23550,110.74999999999997,18801.25,0.9582278481012658,0.864406779661017,23953.75,2026-05-29 13:12:00,SL,156.5,-2973.750000000002,117.54553223450002,-3091.295532234502
2026-05-27,2026-06-02,bear_call,2026-05-27 10:43:00,23950,65,23950,24350,135.04999999999998,17221.750000000004,0.03670886075949367,0.15254237288135594,23947.85,2026-05-29 15:01:00,TIME,52.4,5372.249999999998,113.8837872385,5258.366212761498
2026-05-29,2026-06-02,bull_put,2026-05-29 13:19:00,23800,65,23800,23400,101.25,19418.75,0.8784810126582279,0.8372881355932204,23788.7,2026-05-29 15:02:00,SL,157.7,-3669.249999999999,115.88502308550001,-3785.135023085499
2026-06-01,2026-06-02,bull_put,2026-06-01 10:39:00,23550,65,23550,23150,82.25,20653.75,0.9518987341772152,0.9559322033898305,23546.35,2026-06-01 14:02:00,SL,129.85000000000002,-3094.0000000000014,108.197680572,-3202.1976805720014
2026-06-02,2026-06-02,bear_call,2026-06-02 10:16:00,23250,65,23250,23650,58.35,22207.25,0.08481012658227848,0.14915254237288136,23272.3,2026-06-02 10:24:00,SL,123.7,-4247.75,103.8165651645,-4351.5665651645
2026-06-02,2026-06-02,bear_call,2026-06-02 10:50:00,23350,65,23350,23750,40.2,23387.0,0.10632911392405063,0.15932203389830507,23330.7,2026-06-02 12:47:00,SL,98.3,-3776.4999999999995,101.18424814600002,-3877.6842481459994
2026-06-01,2026-06-02,bear_call,2026-06-01 10:28:00,23550,65,23550,23950,104.0,19240.0,0.060759493670886074,0.07457627118644068,23539.4,2026-06-02 15:01:00,TIME,0.25,6743.75,105.76998087550001,6637.9800191245
2026-06-02,2026-06-02,bull_put,2026-06-02 13:13:00,23500,65,23500,23100,37.900000000000006,23536.5,0.9620253164556962,0.9322033898305084,23492.25,2026-06-02 15:01:00,TIME,63.85,-1686.7499999999998,99.84442919150001,-1786.5944291914998
2026-06-03,2026-06-09,bear_call,2026-06-03 10:28:00,23250,65,23250,23650,149.0,16315.0,0.04050632911392405,0.15932203389830507,23248.05,2026-06-03 12:42:00,SL,187.60000000000002,-2509.0000000000014,133.434745802,-2642.4347458020015
2026-06-03,2026-06-09,bear_call,2026-06-03 12:48:00,23300,65,23300,23700,157.45,15765.75,0.07341772151898734,0.05084745762711865,23307.3,2026-06-03 13:49:00,SL,200.2,-2778.75,136.64210602949998,-2915.3921060295
2026-06-03,2026-06-09,bear_call,2026-06-03 13:54:00,23350,65,23350,23750,167.75,15096.25,0.01139240506329114,0.006779661016949152,23363.5,2026-06-03 14:41:00,SL,203.45000000000002,-2320.500000000001,139.56209733100002,-2460.062097331001
2026-06-03,2026-06-09,bull_put,2026-06-03 10:19:00,23250,65,23250,22850,124.64999999999999,17897.75,0.8886075949367088,0.8406779661016949,23257.8,2026-06-04 15:01:00,TIME,62.75,4023.4999999999995,116.616168234,3906.8838317659997
2026-06-05,2026-06-09,bull_put,2026-06-05 10:26:00,23500,65,23500,23100,106.99999999999997,19045.0,0.8746835443037975,0.9220338983050848,23495.3,2026-06-05 10:40:00,SL,154.8,-3107.0000000000027,117.647060187,-3224.647060187003
2026-06-05,2026-06-09,bear_call,2026-06-05 10:44:00,23350,65,23350,23750,135.84999999999997,17169.750000000004,0.12278481012658228,0.17966101694915254,23355.65,2026-06-05 11:05:00,SL,175.6,-2583.750000000002,123.71019155350001,-2707.4601915535018
2026-06-04,2026-06-09,bear_call,2026-06-04 10:17:00,23400,65,23400,23800,152.2,16107.0,0.16329113924050634,0.05423728813559322,23420.8,2026-06-05 15:01:00,TIME,107.10000000000001,2931.4999999999986,121.856630539,2809.6433694609987
2026-06-05,2026-06-09,bear_call,2026-06-05 11:12:00,23450,65,23450,23850,141.2,16822.0,0.04556962025316456,0.1288135593220339,23455.4,2026-06-08 15:01:00,TIME,14.100000000000001,8261.5,112.835054248,8148.664945752
2026-06-09,2026-06-09,bear_call,2026-06-09 10:23:00,23150,65,23150,23550,58.45,22200.75,0.18354430379746836,0.16271186440677965,23156.1,2026-06-09 14:41:00,SL,111.89999999999999,-3474.249999999999,103.2310392755,-3577.481039275499
2026-06-08,2026-06-09,bull_put,2026-06-08 10:32:00,23200,65,23200,22800,99.45,19535.75,0.8924050632911392,0.8915254237288136,23195.8,2026-06-09 15:01:00,TIME,0.75,6415.5,105.360037829,6310.139962171
2026-06-10,2026-06-16,bull_put,2026-06-10 10:36:00,23350,65,23350,22950,123.6,17966.0,0.9607594936708861,0.8576271186440678,23344.1,2026-06-10 14:46:00,SL,165.65,-2733.250000000001,125.0696311805,-2858.319631180501
2026-06-10,2026-06-16,bear_call,2026-06-10 11:19:00,23350,65,23350,23750,148.55,16344.25,0.10632911392405063,0.16610169491525423,23366.05,2026-06-11 15:01:00,TIME,60.8,5703.750000000001,116.8238713985,5586.926128601501
2026-06-11,2026-06-16,bull_put,2026-06-11 10:18:00,23150,65,23150,22750,113.74999999999997,18606.25,0.8113924050632911,0.8372881355932204,23167.35,2026-06-12 15:01:00,TIME,17.85,6233.499999999998,110.20201616499999,6123.297983834998
2026-06-12,2026-06-16,bull_put,2026-06-12 10:23:00,23350,65,23350,22950,104.6,19201.0,0.8734177215189873,0.8440677966101695,23348.85,2026-06-15 15:01:00,TIME,3.05,6600.75,107.41050366850001,6493.3394963315
2026-06-15,2026-06-16,bull_put,2026-06-15 10:31:00,23950,65,23950,23550,85.25,20458.75,0.889873417721519,0.8169491525423729,23969.05,2026-06-15 15:13:00,SL,140.65,-3601.0000000000005,109.20247356899998,-3710.2024735690006
2026-06-16,2026-06-16,bull_put,2026-06-16 10:16:00,23900,65,23900,23500,40.85,23344.75,0.8227848101265823,0.8169491525423729,23911.05,2026-06-16 15:01:00,TIME,0.25,2639.0,98.32025632700001,2540.679743673
2026-06-16,2026-06-16,bear_call,2026-06-16 11:04:00,23950,65,23950,24350,37.35,23572.25,0.07721518987341772,0.15593220338983052,23954.85,2026-06-16 15:01:00,TIME,32.35,325.0,98.88367623600001,226.116323764
2026-06-17,2026-06-23,bull_put,2026-06-17 10:20:00,24050,65,24050,23650,119.35,18242.25,0.9518987341772152,0.9186440677966101,24066.95,2026-06-18 15:01:00,TIME,69.15,3262.999999999999,113.449893161,3149.550106838999
2026-06-17,2026-06-23,bear_call,2026-06-17 10:30:00,24050,65,24050,24450,131.3,17465.5,0.15822784810126583,0.1694915254237288,24066.9,2026-06-18 15:01:00,TIME,135.45000000000002,-269.75000000000034,117.47940284649998,-387.2294028465003
2026-06-19,2026-06-23,bear_call,2026-06-19 10:50:00,23950,65,23950,24350,116.19999999999997,18447.0,0.09746835443037975,0.1694915254237288,23957.4,2026-06-22 09:16:00,SL,164.15,-3116.750000000002,114.1712190975,-3230.9212190975018
2026-06-19,2026-06-23,bull_put,2026-06-19 11:11:00,23950,65,23950,23550,93.9,19896.5,0.8759493670886076,0.8406779661016949,23957.55,2026-06-22 15:01:00,TIME,13.25,5242.25,105.25926433150002,5136.9907356685
2026-06-22,2026-06-23,bull_put,2026-06-22 10:31:00,24150,65,24150,23750,74.1,21183.5,0.8075949367088607,0.8305084745762712,24157.55,2026-06-23 11:49:00,SL,124.0,-3243.5000000000005,105.58150328100001,-3349.0815032810006
2026-06-23,2026-06-23,bear_call,2026-06-23 10:18:00,24100,65,24100,24500,45.0,23075.0,0.17088607594936708,0.15932203389830507,24115.95,2026-06-23 15:01:00,TIME,0.19999999999999996,2912.0,98.646004399,2813.353995601
2026-06-23,2026-06-23,bull_put,2026-06-23 12:28:00,23950,65,23950,23550,41.300000000000004,23315.5,0.9898734177215189,0.8779661016949153,23951.6,2026-06-23 15:01:00,SL,100.3,-3834.9999999999995,101.24046324,-3936.2404632399994
2026-06-24,2026-06-30,bear_call,2026-06-24 11:32:00,23950,65,23950,24350,130.45,17520.75,0.0810126582278481,0.19322033898305085,23959.15,2026-06-24 13:18:00,SL,172.55,-2736.5000000000014,120.328128681,-2856.8281286810015
2026-06-24,2026-06-30,bear_call,2026-06-24 13:41:00,24050,65,24050,24450,141.5,16802.5,0.13924050632911392,0.003389830508474576,24072.2,2026-06-25 10:50:00,SL,181.55,-2603.250000000001,119.3444729625,-2722.5944729625007
2026-06-25,2026-06-30,bear_call,2026-06-25 10:55:00,24200,65,24200,24600,90.60000000000001,20111.0,0.0810126582278481,0.10847457627118644,24180.8,2026-06-25 12:11:00,SL,137.50000000000003,-3048.5000000000014,109.857122213,-3158.3571222130013
2026-06-24,2026-06-30,bull_put,2026-06-24 10:25:00,23950,65,23950,23550,117.64999999999999,18352.75,0.9873417721518988,0.8169491525423729,23945.8,2026-06-25 15:01:00,TIME,44.949999999999996,4725.499999999999,111.947844275,4613.5521557249995
2026-06-29,2026-06-30,bull_put,2026-06-29 10:23:00,24100,65,24100,23700,81.85,20679.75,0.9632911392405064,0.9966101694915255,24085.95,2026-06-29 12:13:00,SL,131.6,-3233.75,108.21751040150001,-3341.9675104015
2026-06-25,2026-06-30,bear_call,2026-06-25 12:18:00,24250,65,24250,24650,107.05,19041.75,0.17974683544303796,0.18305084745762712,24242.6,2026-06-29 15:01:00,TIME,11.400000000000002,6217.249999999999,106.22153898249998,6111.0284610174995
2026-06-29,2026-06-30,bear_call,2026-06-29 12:13:00,24000,65,24000,24400,81.15,20725.25,0.13924050632911392,0.1016949152542373,23993.15,2026-06-30 15:01:00,TIME,0.35000000000000003,5252.000000000001,102.61458879799999,5149.385411202001
2026-06-30,2026-06-30,bull_put,2026-06-30 10:26:00,23900,65,23900,23500,50.6,22711.0,0.9354430379746835,0.9525423728813559,23904.0,2026-06-30 15:01:00,TIME,47.05,230.75000000000028,100.5991995325,130.1508004675003
2026-07-01,2026-07-07,bear_call,2026-07-01 10:44:00,23950,65,23950,24350,137.9,17036.5,0.06962025316455696,0.09830508474576272,23948.5,2026-07-02 09:16:00,SL,190.95000000000002,-3448.250000000001,122.0160531725,-3570.266053172501
2026-07-01,2026-07-07,bull_put,2026-07-01 10:18:00,24000,65,24000,23600,113.30000000000001,18635.5,0.8924050632911392,0.8440677966101695,23996.1,2026-07-02 15:01:00,TIME,39.05,4826.250000000001,111.09947533150002,4715.150524668501
2026-07-02,2026-07-07,bull_put,2026-07-02 10:22:00,24100,65,24100,23700,99.15,19555.25,0.9341772151898734,0.911864406779661,24098.6,2026-07-03 15:01:00,TIME,30.899999999999995,4436.250000000001,107.34556244150001,4328.904437558501
2026-07-03,2026-07-07,bear_call,2026-07-03 10:17:00,24300,65,24300,24700,112.80000000000001,18668.0,0.06835443037974684,0.06440677966101695,24322.7,2026-07-06 12:14:00,SL,158.6,-2976.999999999999,110.943102667,-3087.943102666999
2026-07-06,2026-07-07,bull_put,2026-07-06 10:19:00,24400,65,24400,24000,73.05,21251.75,0.9151898734177215,0.9423728813559322,24385.55,2026-07-07 15:01:00,TIME,2.8,4566.25,101.94062868649999,4464.3093713135
2026-07-06,2026-07-07,bear_call,2026-07-06 12:22:00,24450,65,24450,24850,58.50000000000001,22197.5,0.19240506329113924,0.18983050847457628,24438.9,2026-07-07 15:01:00,TIME,2.0,3672.5000000000005,100.084275766,3572.4157242340007
2026-07-08,2026-07-14,bull_put,2026-07-08 10:20:00,24250,65,24250,23850,123.44999999999997,17975.75,0.9126582278481012,0.8745762711864407,24250.8,2026-07-08 13:48:00,SL,179.35,-3633.5000000000014,122.36424982000001,-3755.8642498200015
2026-07-08,2026-07-14,bear_call,2026-07-08 10:16:00,24250,65,24250,24650,105.0,19175.0,0.03164556962025317,0.1423728813559322,24232.05,2026-07-09 15:01:00,TIME,37.75,4371.25,108.3230465985,4262.9269534015
2026-07-09,2026-07-14,bull_put,2026-07-09 10:25:00,24050,65,24050,23650,107.95,18983.25,0.9658227848101266,0.9288135593220339,24055.35,2026-07-09 15:07:00,SL,163.65,-3620.5,118.769540104,-3739.269540104
2026-07-10,2026-07-14,bull_put,2026-07-10 11:47:00,24150,65,24150,23750,81.35,20712.25,0.8620253164556962,0.9457627118644067,24173.0,2026-07-13 09:16:00,SL,155.2,-4800.25,110.8956394005,-4911.1456394005
2026-07-10,2026-07-14,bear_call,2026-07-10 10:31:00,24200,65,24200,24600,101.0,19435.0,0.14050632911392405,0.07796610169491526,24195.1,2026-07-13 15:01:00,TIME,78.3,1475.5000000000002,107.33248286199999,1368.1675171380002
2026-07-13,2026-07-14,bull_put,2026-07-13 10:29:00,24150,65,24150,23750,94.7,19844.5,0.979746835443038,0.9186440677966101,24143.15,2026-07-14 15:01:00,TIME,85.94999999999999,568.7500000000009,107.05282134350001,461.6971786565009
2026-07-14,2026-07-14,bear_call,2026-07-14 10:16:00,24100,65,24100,24500,37.50000000000001,23562.5,0.07215189873417721,0.10847457627118644,24080.65,2026-07-14 15:01:00,TIME,3.3499999999999996,2219.7500000000005,98.08368923649999,2121.6663107635004
