date,expiry,type,entry_ts,atm,lot,short_strike,long_strike,credit,margin,alpha,alpha2,spot_entry,exit_ts,exit_reason,exit_cost_to_close,gross_pnl,charges,net_pnl
2024-09-27,2024-10-03,bull_put,2024-09-27 10:31:00,26250,25,26250,25850,90.8,7730.0,0.8329113924050633,0.9627118644067797,26273.45,2024-09-30 09:16:00,SL,139.70000000000002,-1222.5000000000005,102.138035975,-1324.6380359750005
2024-09-30,2024-10-03,bull_put,2024-09-30 10:28:00,26000,25,26000,25600,86.5,7837.5,0.8848101265822785,0.8745762711864407,25994.5,2024-09-30 12:53:00,SL,136.45000000000002,-1248.7500000000005,101.3944586175,-1350.1444586175005
2024-09-30,2024-10-03,bear_call,2024-09-30 12:53:00,25900,25,25900,26300,110.85,7228.749999999999,0.07341772151898734,0.01694915254237288,25888.75,2024-10-01 15:01:00,TIME,35.8,1876.25,99.8007923875,1776.4492076125
2024-10-01,2024-10-03,bull_put,2024-10-01 10:25:00,25800,25,25800,25400,75.85,8103.749999999999,0.9113924050632911,0.8101694915254237,25814.15,2024-10-03 09:16:00,SL,214.40000000000003,-3463.750000000001,101.99334481749999,-3565.743344817501
2024-10-03,2024-10-03,bear_call,2024-10-03 11:17:00,25450,25,25450,25850,64.34,8391.5,0.0810126582278481,0.19661016949152543,25471.9,2024-10-03 15:01:00,TIME,0.25000000000000006,1602.25,96.85466773650002,1505.3953322635
2024-10-04,2024-10-10,bear_call,2024-10-04 10:20:00,25200,25,25200,25600,161.59999999999997,5960.000000000001,0.0189873417721519,0.07796610169491526,25176.05,2024-10-04 10:46:00,SL,207.35000000000002,-1143.7500000000014,108.07760870749999,-1251.8276087075014
2024-10-04,2024-10-10,bull_put,2024-10-04 10:52:00,25350,25,25350,24950,106.96,7326.000000000001,0.8987341772151899,0.8576271186440678,25325.5,2024-10-04 12:48:00,SL,152.70000000000005,-1143.5000000000014,107.91250528900001,-1251.4125052890013
2024-10-07,2024-10-10,bull_put,2024-10-07 10:19:00,25100,25,25100,24700,107.95,7301.25,0.8189873417721519,0.9389830508474576,25076.55,2024-10-07 10:46:00,SL,156.95,-1224.9999999999995,106.751959785,-1331.7519597849996
2024-10-07,2024-10-10,bull_put,2024-10-07 10:59:00,24900,25,24900,24500,106.24999999999999,7343.75,0.8113924050632911,0.9186440677966101,24909.05,2024-10-07 13:24:00,SL,150.55,-1107.5000000000007,107.05992146499999,-1214.5599214650006
2024-10-04,2024-10-10,bear_call,2024-10-04 13:00:00,25100,25,25100,25500,179.81,5504.75,0.02911392405063291,0.05423728813559322,25117.25,2024-10-07 15:01:00,TIME,61.95,2946.5,105.77831966900001,2840.721680331
2024-10-08,2024-10-10,bear_call,2024-10-08 10:49:00,24900,25,24900,25300,138.2,6545.0,0.13164556962025317,0.19661016949152543,24909.7,2024-10-08 13:49:00,SL,178.90000000000003,-1017.5000000000011,104.273140435,-1121.773140435001
2024-10-07,2024-10-10,bull_put,2024-10-07 13:29:00,24800,25,24800,24400,106.4,7340.000000000001,0.9329113924050633,0.9796610169491525,24806.85,2024-10-08 15:01:00,TIME,56.14,1256.5000000000002,102.44428019899999,1154.0557198010001
2024-10-10,2024-10-10,bull_put,2024-10-10 10:32:00,25100,25,25100,24700,52.65,8683.75,0.8189873417721519,0.864406779661017,25109.55,2024-10-10 11:14:00,SL,103.55,-1272.5,97.58230772499999,-1370.082307725
2024-10-09,2024-10-10,bear_call,2024-10-09 10:17:00,25150,25,25150,25550,97.35,7566.249999999999,0.1569620253164557,0.13559322033898305,25134.5,2024-10-10 15:01:00,TIME,0.35,2425.0,98.4112037,2326.5887963
2024-10-10,2024-10-10,bull_put,2024-10-10 11:46:00,25000,25,25000,24600,32.59,9185.25,0.8670886075949367,0.8677966101694915,25018.95,2024-10-10 15:01:00,TIME,3.1999999999999997,734.7500000000001,95.6252356565,639.1247643435001
2024-10-11,2024-10-17,bull_put,2024-10-11 10:47:00,25000,25,25000,24600,114.0,7150.0,0.8607594936708861,0.8338983050847457,24978.5,2024-10-14 15:01:00,TIME,52.9,1527.5,101.366391465,1426.133608535
2024-10-14,2024-10-17,bear_call,2024-10-14 10:20:00,25100,25,25100,25500,112.4,7190.000000000001,0.14050632911392405,0.1423728813559322,25088.55,2024-10-15 15:01:00,TIME,53.65,1468.7500000000002,99.8239192125,1368.9260807875003
2024-10-15,2024-10-17,bull_put,2024-10-15 10:17:00,25050,25,25050,24650,94.45,7638.75,0.8708860759493671,0.8915254237288136,25071.9,2024-10-16 11:41:00,SL,145.8,-1283.7500000000002,100.5873797175,-1384.3373797175002
2024-10-17,2024-10-17,bull_put,2024-10-17 10:16:00,24850,25,24850,24450,37.34,9066.5,0.9544303797468354,0.888135593220339,24842.4,2024-10-17 13:28:00,SL,98.25,-1522.75,96.87742150650001,-1619.6274215065
2024-10-16,2024-10-17,bear_call,2024-10-16 10:23:00,25050,25,25050,25450,82.0,7950.0,0.053164556962025315,0.04745762711864407,25049.9,2024-10-17 15:01:00,TIME,0.19999999999999996,2045.0,97.518134025,1947.481865975
2024-10-17,2024-10-17,bull_put,2024-10-17 13:33:00,24750,25,24750,24350,11.85,9703.75,0.8240506329113924,0.8779661016949153,24769.05,2024-10-17 15:01:00,TIME,3.0999999999999996,218.75,94.87906926749999,123.87093073250001
2024-10-18,2024-10-24,bull_put,2024-10-18 10:16:00,24700,25,24700,24300,104.29999999999998,7392.500000000001,0.9227848101265823,0.9491525423728814,24678.65,2024-10-21 15:01:00,TIME,68.80000000000001,887.4999999999993,101.36506152,786.1349384799993
2024-10-22,2024-10-24,bull_put,2024-10-22 10:35:00,24700,25,24700,24300,104.95,7376.25,0.9860759493670886,0.9593220338983051,24691.95,2024-10-22 13:24:00,SL,149.95,-1124.9999999999995,102.162085125,-1227.1620851249995
2024-10-21,2024-10-24,bear_call,2024-10-21 10:32:00,24800,25,24800,25200,108.0,7300.0,0.06835443037974684,0.1864406779661017,24801.9,2024-10-22 15:01:00,TIME,24.3,2092.5,99.40721103,1993.09278897
2024-10-22,2024-10-24,bull_put,2024-10-22 13:31:00,24600,25,24600,24200,99.80000000000001,7505.0,0.8240506329113924,0.8847457627118644,24595.6,2024-10-22 15:04:00,SL,146.55,-1168.75,101.84690124750003,-1270.5969012475
2024-10-23,2024-10-24,bull_put,2024-10-23 10:17:00,24550,25,24550,24150,87.45,7813.75,0.8481012658227848,0.8372881355932204,24533.05,2024-10-23 14:24:00,SL,143.9,-1411.25,100.75792571749999,-1512.0079257175
2024-10-24,2024-10-24,bear_call,2024-10-24 10:19:00,24450,25,24450,24850,23.56,9411.0,0.18734177215189873,0.11864406779661017,24426.75,2024-10-24 15:01:00,TIME,0.35000000000000003,580.2499999999999,95.29700514150002,484.9529948584999
2024-10-25,2024-10-31,bull_put,2024-10-25 10:19:00,24250,25,24250,23850,111.1,7222.499999999999,0.8227848101265823,0.8305084745762712,24248.4,2024-10-25 12:16:00,SL,156.55,-1136.2500000000005,105.5041131925,-1241.7541131925004
2024-10-25,2024-10-31,bear_call,2024-10-25 12:17:00,24150,25,24150,24550,122.64999999999999,6933.750000000001,0.10506329113924051,0.08135593220338982,24125.45,2024-10-28 09:16:00,SL,170.3,-1191.2500000000005,103.62301786249999,-1294.8730178625005
2024-10-28,2024-10-31,bull_put,2024-10-28 10:25:00,24400,25,24400,24000,100.99999999999999,7475.0,0.9417721518987342,0.8983050847457628,24389.25,2024-10-29 09:29:00,SL,151.65,-1266.2500000000005,102.64781352250002,-1368.8978135225004
2024-10-30,2024-10-31,bear_call,2024-10-30 10:24:00,24400,25,24400,24800,97.15,7571.250000000001,0.1291139240506329,0.09830508474576272,24407.65,2024-10-30 13:07:00,SL,141.75000000000003,-1115.0000000000005,99.973234885,-1214.9732348850005
2024-10-29,2024-10-31,bull_put,2024-10-29 10:24:00,24200,25,24200,23800,80.8,7980.0,0.8278481012658228,0.8406779661016949,24220.25,2024-10-30 15:01:00,TIME,19.950000000000003,1521.2499999999998,98.30170760250002,1422.9482923974997
2024-10-30,2024-10-31,bear_call,2024-10-30 13:11:00,24450,25,24450,24850,83.35,7916.249999999999,0.06835443037974684,0.01694915254237288,24444.85,2024-10-31 15:01:00,TIME,0.3,2076.25,97.4879754925,1978.7620245075
2024-10-31,2024-10-31,bull_put,2024-10-31 10:26:00,24250,25,24250,23850,20.349999999999998,9491.25,0.8708860759493671,0.9050847457627119,24273.9,2024-10-31 15:01:00,TIME,54.1,-843.75,95.7789722825,-939.5289722825
2024-11-04,2024-11-07,bull_put,2024-11-04 10:18:00,24000,25,24000,23600,142.64999999999998,6433.750000000001,0.9885350318471338,0.9689655172413794,23982.45,2024-11-04 11:03:00,SL,183.86,-1030.250000000001,111.70299630150001,-1141.952996301501
2024-11-04,2024-11-07,bear_call,2024-11-04 11:09:00,23850,25,23850,24250,141.1,6472.499999999999,0.06624203821656051,0.16896551724137931,23831.1,2024-11-04 14:38:00,SL,182.20999999999998,-1027.7499999999995,107.8303758565,-1135.5803758564996
2024-11-05,2024-11-07,bear_call,2024-11-05 10:16:00,23950,25,23950,24350,148.59999999999997,6285.000000000001,0.10191082802547771,0.0847457627118644,23958.6,2024-11-05 13:34:00,SL,187.00000000000003,-960.0000000000016,106.947876,-1066.9478760000015
2024-11-05,2024-11-07,bear_call,2024-11-05 13:39:00,24050,25,24050,24450,139.35,6516.249999999999,0.05222929936305733,0.17627118644067796,24067.35,2024-11-05 14:28:00,SL,181.0,-1041.2500000000002,105.59201722249999,-1146.8420172225003
2024-11-06,2024-11-07,bear_call,2024-11-06 10:27:00,24350,25,24350,24750,97.9,7552.500000000001,0.12531645569620253,0.15254237288135594,24353.2,2024-11-06 13:40:00,SL,145.24,-1183.5,100.66133076899999,-1284.161330769
2024-11-06,2024-11-07,bull_put,2024-11-06 13:55:00,24500,25,24500,24100,91.60000000000001,7709.999999999999,0.8025316455696202,0.9084745762711864,24483.95,2024-11-07 09:25:00,SL,147.55,-1398.75,99.93670295749999,-1498.6867029575
2024-11-07,2024-11-07,bear_call,2024-11-07 10:27:00,24200,25,24200,24600,49.65,8758.75,0.13291139240506328,0.10508474576271186,24214.05,2024-11-07 15:01:00,TIME,3.9999999999999996,1141.25,96.34199766249999,1044.9080023375
2024-11-08,2024-11-14,bear_call,2024-11-08 10:27:00,24200,25,24200,24600,135.34999999999997,6616.250000000001,0.12784810126582277,0.14576271186440679,24195.2,2024-11-11 11:16:00,SL,175.3,-998.7500000000011,104.1300229925,-1102.8800229925012
2024-11-11,2024-11-14,bull_put,2024-11-11 10:22:00,24150,25,24150,23750,111.35,7216.249999999999,0.9544303797468354,0.9389830508474576,24143.0,2024-11-12 12:47:00,SL,156.1,-1118.75,102.3684519375,-1221.1184519375
2024-11-13,2024-11-14,bull_put,2024-11-13 10:19:00,23700,25,23700,23300,86.0,7850.0,0.8253164556962025,0.8983050847457628,23714.0,2024-11-13 14:30:00,SL,139.90000000000003,-1347.500000000001,100.08588438,-1447.5858843800008
2024-11-12,2024-11-14,bear_call,2024-11-12 10:35:00,24150,25,24150,24550,106.85,7328.749999999999,0.0379746835443038,0.13220338983050847,24159.55,2024-11-13 15:01:00,TIME,1.8499999999999999,2625.0,98.80565458,2526.19434542
2024-11-14,2024-11-14,bear_call,2024-11-14 10:28:00,23600,25,23600,24000,34.190000000000005,9145.25,0.15316455696202533,0.17966101694915254,23590.6,2024-11-14 15:01:00,TIME,0.3,847.2500000000002,95.68909349649999,751.5609065035003
2024-11-18,2024-11-21,bear_call,2024-11-18 10:20:00,23450,25,23450,23850,110.0,7250.0,0.10379746835443038,0.13220338983050847,23425.9,2024-11-18 12:28:00,SL,157.70000000000002,-1192.5000000000005,101.94576466000001,-1294.4457646600003
2024-11-18,2024-11-21,bear_call,2024-11-18 12:40:00,23500,25,23500,23900,127.28999999999999,6817.750000000001,0.08227848101265822,0.12542372881355932,23510.4,2024-11-19 09:25:00,SL,184.95000000000002,-1441.5000000000007,102.68807197900001,-1544.1880719790006
2024-11-19,2024-11-21,bear_call,2024-11-19 10:16:00,23700,25,23700,24100,85.64999999999999,7858.750000000001,0.12278481012658228,0.0711864406779661,23686.3,2024-11-19 11:27:00,SL,133.60000000000002,-1198.7500000000007,99.36676231249999,-1298.1167623125007
2024-11-19,2024-11-21,bull_put,2024-11-19 11:41:00,23800,25,23800,23400,90.35,7741.249999999999,0.8936708860759494,0.847457627118644,23777.6,2024-11-19 14:12:00,SL,138.15,-1195.0000000000002,100.45497392499999,-1295.454973925
2024-11-21,2024-11-21,bull_put,2024-11-21 10:23:00,23300,25,23300,22900,32.35,9191.25,0.8518987341772152,0.8169491525423729,23322.55,2024-11-21 15:01:00,TIME,0.35000000000000003,800.0,95.66873346499999,704.331266535
2024-11-22,2024-11-28,bear_call,2024-11-22 10:23:00,23550,25,23550,23950,159.05,6023.75,0.04177215189873418,0.02711864406779661,23545.25,2024-11-22 12:07:00,SL,197.64999999999998,-964.9999999999991,108.184055055,-1073.1840550549991
2024-11-22,2024-11-28,bear_call,2024-11-22 12:13:00,23600,25,23600,24000,171.04999999999998,5723.75,0.09620253164556962,0.0576271186440678,23624.3,2024-11-22 13:46:00,SL,208.05,-925.0000000000007,109.63261357999998,-1034.6326135800007
2024-11-22,2024-11-28,bull_put,2024-11-22 13:46:00,23750,25,23750,23350,116.94999999999997,7076.25,0.9151898734177215,0.9559322033898305,23733.4,2024-11-25 15:01:00,TIME,16.300000000000004,2516.2499999999995,102.95789026249999,2413.2921097374997
2024-11-25,2024-11-28,bear_call,2024-11-25 10:39:00,24300,25,24300,24700,129.29,6767.750000000001,0.13291139240506328,0.1694915254237288,24307.7,2024-11-26 15:01:00,TIME,78.14999999999999,1278.5,101.576540569,1176.923459431
2024-11-27,2024-11-28,bear_call,2024-11-27 10:24:00,24200,25,24200,24600,78.2,8045.0,0.15949367088607594,0.19322033898305085,24184.5,2024-11-27 12:24:00,SL,130.35,-1303.7499999999998,99.3042181375,-1403.0542181374997
2024-11-27,2024-11-28,bear_call,2024-11-27 12:29:00,24250,25,24250,24650,89.7,7757.5,0.08481012658227848,0.15593220338983052,24246.6,2024-11-27 13:11:00,SL,136.95000000000002,-1181.2500000000005,99.59369030250001,-1280.8436903025004
2024-11-26,2024-11-28,bull_put,2024-11-26 10:28:00,24200,25,24200,23800,106.5,7337.5,0.889873417721519,0.9559322033898305,24193.5,2024-11-27 15:01:00,TIME,35.4,1777.4999999999998,100.032920755,1677.4670792449997
2024-11-28,2024-11-28,bull_put,2024-11-28 10:46:00,24100,25,24100,23700,73.05,8173.75,0.9632911392405064,0.823728813559322,24120.65,2024-11-28 12:38:00,SL,132.79000000000002,-1493.5000000000007,98.928449134,-1592.4284491340006
2024-11-28,2024-11-28,bull_put,2024-11-28 12:44:00,24000,25,24000,23600,57.60000000000001,8560.0,0.9227848101265823,0.8779661016949153,24022.05,2024-11-28 14:14:00,SL,167.90000000000003,-2757.5000000000005,98.558482275,-2856.0584822750006
2024-11-27,2024-11-28,bear_call,2024-11-27 13:31:00,24300,25,24300,24700,91.85000000000001,7703.749999999999,0.09873417721518987,0.020338983050847456,24308.75,2024-11-28 15:01:00,TIME,0.35,2287.5000000000005,97.81003414999999,2189.6899658500006
2024-12-02,2024-12-05,bear_call,2024-12-02 10:26:00,24150,25,24150,24550,149.5,6262.5,0.14810126582278482,0.15593220338983052,24154.25,2024-12-02 14:01:00,SL,192.90000000000003,-1085.000000000001,105.72533349999999,-1190.725333500001
2024-11-29,2024-12-05,bull_put,2024-11-29 10:28:00,24050,25,24050,23650,115.1,7122.499999999999,0.9911392405063291,0.9491525423728814,24035.6,2024-12-02 15:01:00,TIME,50.05,1626.25,102.5262402625,1523.7237597375
2024-12-02,2024-12-05,bear_call,2024-12-02 14:11:00,24250,25,24250,24650,157.0,6075.0,0.10379746835443038,0.1288135593220339,24241.0,2024-12-03 10:26:00,SL,193.1,-902.4999999999999,105.26542093999998,-1007.7654209399999
2024-12-03,2024-12-05,bull_put,2024-12-03 10:17:00,24350,25,24350,23950,103.89999999999999,7402.500000000001,0.8151898734177215,0.9559322033898305,24358.7,2024-12-04 15:01:00,TIME,70.30000000000001,839.9999999999995,101.00274411,738.9972558899996
2024-12-05,2024-12-05,bull_put,2024-12-05 10:23:00,24400,25,24400,24000,116.49999999999999,7087.5,0.9924050632911392,0.9661016949152542,24418.45,2024-12-05 10:59:00,SL,171.8,-1382.5000000000007,102.71575744500001,-1485.2157574450007
2024-12-04,2024-12-05,bear_call,2024-12-04 10:17:00,24550,25,24550,24950,106.0,7350.0,0.12658227848101267,0.15932203389830507,24541.8,2024-12-05 12:13:00,SL,149.50000000000003,-1087.5000000000007,100.483873075,-1187.9838730750007
2024-12-05,2024-12-05,bull_put,2024-12-05 11:04:00,24350,25,24350,23950,119.73999999999998,7006.5,0.9936708860759493,0.9423728813559322,24367.8,2024-12-05 15:01:00,TIME,5.25,2862.2499999999995,99.4572943315,2762.7927056684994
2024-12-06,2024-12-12,bull_put,2024-12-06 10:23:00,24700,25,24700,24300,132.79999999999998,6680.000000000001,0.9784810126582278,0.9220338983050848,24711.55,2024-12-09 15:01:00,TIME,149.70000000000002,-422.50000000000085,105.774757305,-528.2747573050009
2024-12-10,2024-12-12,bull_put,2024-12-10 10:16:00,24650,25,24650,24250,105.69999999999999,7357.5,0.8936708860759494,0.8813559322033898,24657.45,2024-12-10 12:16:00,SL,150.55,-1121.2500000000005,102.1952756475,-1223.4452756475005
2024-12-09,2024-12-12,bear_call,2024-12-09 10:22:00,24600,25,24600,25000,118.35,7041.249999999999,0.05822784810126582,0.05423728813559322,24580.6,2024-12-10 15:01:00,TIME,94.96,584.75,102.10570035650002,482.64429964349995
2024-12-10,2024-12-12,bull_put,2024-12-10 12:47:00,24550,25,24550,24150,111.6,7209.999999999999,0.9544303797468354,0.823728813559322,24561.4,2024-12-11 15:01:00,TIME,30.21,2034.7499999999995,99.86232757650001,1934.8876724234995
2024-12-11,2024-12-12,bear_call,2024-12-11 10:19:00,24600,25,24600,25000,82.8,7930.0,0.17974683544303796,0.10847457627118644,24618.35,2024-12-12 15:01:00,TIME,0.09999999999999998,2067.5,97.72192482999999,1969.77807517
2024-12-12,2024-12-12,bull_put,2024-12-12 10:32:00,24600,25,24600,24200,29.89,9252.75,0.8354430379746836,0.888135593220339,24624.7,2024-12-12 15:01:00,TIME,53.55,-591.4999999999999,96.233389554,-687.7333895539999
2024-12-13,2024-12-19,bear_call,2024-12-13 10:16:00,24300,25,24300,24700,133.65,6658.750000000001,0.016455696202531647,0.023728813559322035,24315.7,2024-12-13 11:53:00,SL,175.70999999999998,-1051.4999999999993,106.058552094,-1157.5585520939994
2024-12-13,2024-12-19,bear_call,2024-12-13 12:06:00,24500,25,24500,24900,152.6,6185.0,0.002531645569620253,0.03389830508474576,24519.4,2024-12-13 13:00:00,SL,192.85000000000002,-1006.2500000000007,107.8933220275,-1114.1433220275007
2024-12-13,2024-12-19,bear_call,2024-12-13 13:12:00,24650,25,24650,25050,145.10999999999999,6372.25,0.08354430379746836,0.01694915254237288,24653.05,2024-12-13 15:29:00,SL,183.4,-957.2500000000005,105.51284733649999,-1062.7628473365005
2024-12-17,2024-12-19,bull_put,2024-12-17 10:45:00,24450,25,24450,24050,124.7,6882.5,0.950632911392405,0.9593220338983051,24449.15,2024-12-17 14:29:00,SL,166.91,-1055.2499999999998,103.87349036150002,-1159.1234903614998
2024-12-16,2024-12-19,bear_call,2024-12-16 10:22:00,24700,25,24700,25100,120.41,6989.750000000001,0.15949367088607594,0.15254237288135594,24691.7,2024-12-17 15:01:00,TIME,25.259999999999998,2378.75,100.8202010105,2277.9297989895
2024-12-18,2024-12-19,bull_put,2024-12-18 10:17:00,24250,25,24250,23850,77.45,8063.75,0.9088607594936708,0.8847457627118644,24254.3,2024-12-19 09:16:00,SL,229.40000000000003,-3798.750000000001,102.8858909075,-3901.635890907501
2024-12-19,2024-12-19,bull_put,2024-12-19 11:39:00,24000,25,24000,23600,43.400000000000006,8915.0,0.9962025316455696,0.9830508474576272,23996.6,2024-12-19 15:01:00,TIME,49.8,-159.99999999999977,96.676444855,-256.6764448549998
2024-12-30,2025-01-02,bull_put,2024-12-30 10:24:00,23800,75,23800,23400,105.30000000000001,22102.5,0.8632911392405064,0.8033898305084746,23781.05,2024-12-30 13:34:00,SL,151.85,-3491.2499999999986,118.70697164749998,-3609.9569716474984
2024-12-27,2025-01-02,bear_call,2024-12-27 13:48:00,23850,75,23850,24250,145.49999999999997,19087.500000000004,0.1379746835443038,0.12337662337662338,23846.2,2024-12-30 15:01:00,TIME,66.3,5939.999999999998,116.59196885000001,5823.408031149998
2024-12-30,2025-01-02,bull_put,2024-12-30 14:07:00,23650,75,23650,23250,105.55,22083.75,0.8670886075949367,0.8271186440677966,23660.8,2024-12-31 09:22:00,SL,156.05,-3787.500000000001,118.32277347500002,-3905.8227734750008
2025-01-01,2025-01-02,bear_call,2025-01-01 10:37:00,23650,75,23650,24050,123.19999999999999,20760.0,0.17215189873417722,0.0847457627118644,23640.55,2025-01-01 10:50:00,SL,169.5,-3472.500000000001,119.13784145,-3591.637841450001
2024-12-31,2025-01-02,bull_put,2024-12-31 10:16:00,23500,75,23500,23100,109.99999999999999,21750.0,0.9025316455696203,0.9152542372881356,23488.0,2025-01-01 15:01:00,TIME,34.1,5692.499999999998,110.30214942500001,5582.1978505749985
2025-01-01,2025-01-02,bear_call,2025-01-01 11:25:00,23750,75,23750,24150,133.1,20017.5,0.1949367088607595,0.1423728813559322,23756.15,2025-01-02 10:25:00,SL,180.15,-3528.750000000001,118.2147218075,-3646.964721807501
2025-01-02,2025-01-02,bull_put,2025-01-02 10:20:00,23850,75,23850,23450,77.35,24198.75,0.9240506329113924,0.8033898305084746,23860.45,2025-01-02 15:01:00,TIME,0.35000000000000003,5775.0,103.88654829500001,5671.1134517049995
2025-01-06,2025-01-09,bull_put,2025-01-06 10:17:00,24050,75,24050,23650,125.33999999999999,20599.500000000004,0.930379746835443,0.9457627118644067,24040.2,2025-01-06 10:33:00,SL,168.05,-3203.250000000002,125.5002560195,-3328.7502560195016
2025-01-06,2025-01-09,bull_put,2025-01-06 11:20:00,23750,75,23750,23350,127.79999999999998,20415.000000000004,0.8810126582278481,0.8847457627118644,23764.95,2025-01-06 11:50:00,SL,168.55,-3056.2500000000023,130.48367344250002,-3186.733673442502
2025-01-03,2025-01-09,bear_call,2025-01-03 10:29:00,24050,75,24050,24450,123.38999999999999,20745.75,0.10506329113924051,0.14576271186440679,24047.45,2025-01-06 15:01:00,TIME,39.449999999999996,6295.5,115.63779114199998,6179.862208858
2025-01-06,2025-01-09,bull_put,2025-01-06 12:02:00,23650,75,23650,23250,130.85,20186.25,0.8772151898734177,0.8576271186440678,23633.7,2025-01-07 15:01:00,TIME,79.25,3869.9999999999995,119.71514981000001,3750.2848501899994
2025-01-07,2025-01-09,bear_call,2025-01-07 10:53:00,23750,75,23750,24150,106.01,22049.25,0.09113924050632911,0.09830508474576272,23728.65,2025-01-08 15:01:00,TIME,51.24999999999999,4107.000000000001,110.511981227,3996.488018773001
2025-01-08,2025-01-09,bull_put,2025-01-08 10:32:00,23600,75,23600,23200,75.55000000000001,24333.75,0.9265822784810127,0.9288135593220339,23612.3,2025-01-09 15:01:00,TIME,79.85000000000001,-322.4999999999998,106.004516435,-428.5045164349998
2025-01-09,2025-01-09,bear_call,2025-01-09 10:31:00,23600,75,23600,24000,34.150000000000006,27438.75,0.04177215189873418,0.006779661016949152,23613.95,2025-01-09 15:01:00,TIME,0.3,2538.7500000000005,98.36760946249998,2440.3823905375007
2025-01-10,2025-01-16,bull_put,2025-01-10 10:19:00,23400,75,23400,23000,121.85,20861.25,0.9316455696202531,0.9491525423728814,23402.15,2025-01-13 09:17:00,SL,181.55,-4477.500000000001,134.984652665,-4612.484652665001
2025-01-13,2025-01-16,bear_call,2025-01-13 10:21:00,23250,75,23250,23650,140.14999999999998,19488.75,0.06582278481012659,0.16610169491525423,23263.2,2025-01-14 15:01:00,TIME,68.19999999999999,5396.249999999999,117.0916298975,5279.158370102499
2025-01-14,2025-01-16,bull_put,2025-01-14 10:24:00,23150,75,23150,22750,78.86,24085.5,0.8177215189873418,0.8915254237288136,23151.8,2025-01-15 15:01:00,TIME,23.950000000000003,4118.25,106.85391159950002,4011.3960884005
2025-01-15,2025-01-16,bear_call,2025-01-15 10:58:00,23250,75,23250,23650,78.60000000000001,24105.0,0.17341772151898735,0.17966101694915254,23272.6,2025-01-16 15:01:00,TIME,53.1,1912.5000000000005,105.22709959999999,1807.2729004000005
2025-01-16,2025-01-16,bull_put,2025-01-16 11:42:00,23300,75,23300,22900,33.2,27510.0,0.8063291139240506,0.8610169491525423,23299.5,2025-01-16 15:01:00,TIME,1.5999999999999999,2370.0,98.14284986000001,2271.85715014
2025-01-17,2025-01-23,bull_put,2025-01-17 10:20:00,23200,75,23200,22800,101.89999999999999,22357.5,0.8556962025316456,0.8711864406779661,23215.05,2025-01-17 10:59:00,SL,149.85000000000002,-3596.2500000000023,126.42230321750002,-3722.6723032175023
2025-01-20,2025-01-23,bear_call,2025-01-20 10:49:00,23250,75,23250,23650,132.75,20043.75,0.15443037974683543,0.07796610169491526,23250.15,2025-01-20 11:28:00,SL,173.51,-3056.999999999999,122.64664092199999,-3179.6466409219993
2025-01-17,2025-01-23,bull_put,2025-01-17 11:10:00,23150,75,23150,22750,127.0,20475.0,0.9227848101265823,0.8169491525423729,23127.65,2025-01-20 15:01:00,TIME,46.15,6063.75,119.3464742825,5944.4035257175
2025-01-21,2025-01-23,bull_put,2025-01-21 10:35:00,23150,75,23150,22750,119.38999999999999,21045.75,0.9189873417721519,0.8305084745762712,23160.1,2025-01-21 14:41:00,SL,163.3,-3293.250000000002,124.59911090450001,-3417.8491109045017
2025-01-20,2025-01-23,bear_call,2025-01-20 11:50:00,23350,75,23350,23750,136.45,19766.25,0.09240506329113925,0.1694915254237288,23355.8,2025-01-21 15:01:00,TIME,31.339999999999996,7883.249999999999,113.9434228745,7769.306577125499
2025-01-22,2025-01-23,bear_call,2025-01-22 10:20:00,23100,75,23100,23500,93.65,22976.25,0.16962025316455695,0.1288135593220339,23080.2,2025-01-23 10:22:00,SL,140.75,-3532.4999999999995,110.54076180499999,-3643.0407618049994
2025-01-23,2025-01-23,bear_call,2025-01-23 10:40:00,23250,75,23250,23650,21.5,28387.5,0.1911392405063291,0.11864406779661017,23226.15,2025-01-23 15:01:00,TIME,0.35,1586.25,96.82506368749999,1489.4249363125
2025-01-24,2025-01-30,bear_call,2025-01-24 10:19:00,23150,25,23150,23550,145.04999999999998,6373.75,0.08607594936708861,0.10508474576271186,23133.3,2025-01-24 11:14:00,SL,195.0,-1248.7500000000005,107.3876290825,-1356.1376290825006
2025-01-24,2025-01-30,bull_put,2025-01-24 11:14:00,23300,25,23300,22900,118.79999999999998,7030.000000000001,0.9607594936708861,0.9898305084745763,23275.05,2025-01-24 13:06:00,SL,162.95000000000002,-1103.750000000001,106.08224376249998,-1209.8322437625009
2025-01-24,2025-01-30,bull_put,2025-01-24 13:11:00,23200,25,23200,22800,122.95,6926.25,0.889873417721519,0.9864406779661017,23192.25,2025-01-24 14:50:00,SL,165.05,-1052.5000000000002,106.212834505,-1158.7128345050003
2025-01-27,2025-01-30,bear_call,2025-01-27 10:18:00,22950,25,22950,23350,121.54999999999998,6961.250000000001,0.021518987341772152,0.013559322033898305,22930.8,2025-01-28 11:42:00,SL,167.55,-1150.0000000000007,104.66899726499999,-1254.6689972650006
2025-01-29,2025-01-30,bear_call,2025-01-29 10:16:00,23050,25,23050,23450,141.85,6453.749999999999,0.06835443037974684,0.12203389830508475,23067.55,2025-01-29 12:18:00,SL,181.0,-978.7500000000001,104.83919732749999,-1083.5891973275002
2025-01-28,2025-01-30,bull_put,2025-01-28 10:23:00,22900,25,22900,22500,127.39999999999998,6815.000000000001,0.9,0.9728813559322034,22884.95,2025-01-29 15:01:00,TIME,59.14999999999999,1706.2499999999995,101.7749363625,1604.4750636374995
2025-01-29,2025-01-30,bear_call,2025-01-29 12:23:00,23150,25,23150,23550,128.7,6782.5,0.1620253164556962,0.19661016949152543,23137.3,2025-01-30 10:10:00,SL,169.8,-1027.5000000000005,102.57653855500001,-1130.0765385550005
2025-01-30,2025-01-30,bear_call,2025-01-30 10:16:00,23300,25,23300,23700,80.21,7994.750000000001,0.15443037974683543,0.09152542372881356,23278.75,2025-01-30 15:01:00,TIME,0.9500000000000001,1981.4999999999998,97.36045513399999,1884.1395448659998
2025-01-31,2025-02-06,bull_put,2025-01-31 10:16:00,23350,75,23350,22950,133.2,20010.0,0.8215189873417722,0.847457627118644,23348.65,2025-02-01 15:01:00,TIME,58.849999999999994,5576.25,133.09487581250002,5443.1551241875
2025-02-01,2025-02-06,bear_call,2025-02-01 10:47:00,23600,75,23600,24000,152.35000000000002,18573.75,0.1379746835443038,0.07796610169491526,23579.35,2025-02-03 15:01:00,TIME,27.589999999999996,9357.000000000002,123.87800698699999,9233.121993013001
2025-02-04,2025-02-06,bear_call,2025-02-04 10:26:00,23500,75,23500,23900,132.54,20059.500000000004,0.19873417721518988,0.16271186440677965,23515.95,2025-02-04 13:11:00,SL,174.75000000000003,-3165.7500000000027,121.57954319449999,-3287.3295431945025
2025-02-03,2025-02-06,bull_put,2025-02-03 10:23:00,23250,75,23250,22850,79.5,24037.5,0.8924050632911392,0.8406779661016949,23266.6,2025-02-04 15:01:00,TIME,8.7,5310.0,106.67968496,5203.32031504
2025-02-04,2025-02-06,bear_call,2025-02-04 13:41:00,23650,75,23650,24050,118.39999999999999,21120.0,0.11772151898734177,0.05423728813559322,23668.65,2025-02-05 15:01:00,TIME,92.85,1916.2499999999998,112.85923057250001,1803.3907694274997
2025-02-05,2025-02-06,bull_put,2025-02-05 10:26:00,23750,75,23750,23350,74.75000000000001,24393.75,0.9025316455696203,0.9050847457627119,23757.05,2025-02-06 09:15:00,SL,86.44999999999999,-877.4999999999981,106.57889354,-984.078893539998
2025-02-06,2025-02-06,bull_put,2025-02-06 10:21:00,23650,75,23650,23250,56.900000000000006,25732.5,0.8620253164556962,0.9186440677966101,23644.1,2025-02-06 15:01:00,TIME,71.05,-1061.2499999999993,102.9935650325,-1164.2435650324994
2025-02-07,2025-02-13,bear_call,2025-02-07 10:19:00,23550,75,23550,23950,142.04999999999998,19346.250000000004,0.0012658227848101266,0.013559322033898305,23536.5,2025-02-07 11:19:00,SL,184.35,-3172.500000000001,129.28745112500002,-3301.787451125001
2025-02-07,2025-02-13,bull_put,2025-02-07 11:19:00,23650,75,23650,23250,108.1,21892.5,0.9405063291139241,0.8169491525423729,23639.15,2025-02-07 13:52:00,SL,160.75,-3948.7500000000005,123.34422313249999,-4072.0942231325002
2025-02-07,2025-02-13,bull_put,2025-02-07 13:59:00,23500,75,23500,23100,105.39999999999998,22095.0,0.9329113924050633,0.9525423728813559,23514.4,2025-02-10 10:10:00,SL,154.9,-3712.5000000000023,121.22443702999998,-3833.7244370300023
2025-02-11,2025-02-13,bull_put,2025-02-11 10:25:00,23300,75,23300,22900,107.5,21937.5,0.859493670886076,0.9525423728813559,23280.4,2025-02-11 12:58:00,SL,156.15000000000003,-3648.7500000000027,116.66461973750002,-3765.4146197375026
2025-02-10,2025-02-13,bear_call,2025-02-10 10:16:00,23350,75,23350,23750,134.64999999999998,19901.25,0.10886075949367088,0.14915254237288136,23360.4,2025-02-11 15:01:00,TIME,30.089999999999996,7841.999999999998,115.75343668699999,7726.246563312998
2025-02-11,2025-02-13,bull_put,2025-02-11 13:18:00,23100,75,23100,22700,108.7,21847.5,0.9658227848101266,0.976271186440678,23095.45,2025-02-12 09:32:00,SL,155.85000000000002,-3536.2500000000014,116.47517956249999,-3652.7251795625016
2025-02-12,2025-02-13,bear_call,2025-02-12 10:16:00,22800,75,22800,23200,113.1,21517.5,0.03291139240506329,0.09152542372881356,22811.95,2025-02-12 10:39:00,SL,161.55,-3633.7500000000014,116.9786409575,-3750.7286409575013
2025-02-12,2025-02-13,bear_call,2025-02-12 10:44:00,22900,75,22900,23300,87.5,23437.5,0.0620253164556962,0.19322033898305085,22876.9,2025-02-12 11:44:00,SL,140.8,-3997.500000000001,112.546118405,-4110.046118405001
2025-02-12,2025-02-13,bear_call,2025-02-12 11:51:00,23000,75,23000,23400,105.3,22102.5,0.010126582278481013,0.18983050847457628,22994.45,2025-02-12 11:59:00,SL,150.70000000000002,-3405.0000000000014,115.94974364,-3520.9497436400015
2025-02-12,2025-02-13,bear_call,2025-02-12 12:18:00,23000,75,23000,23400,124.24999999999999,20681.25,0.07974683544303797,0.14576271186440679,23019.6,2025-02-12 13:14:00,SL,167.05,-3210.000000000002,118.93052171,-3328.930521710002
2025-02-12,2025-02-13,bull_put,2025-02-12 13:14:00,23100,75,23100,22700,77.30000000000001,24202.5,0.9455696202531646,0.8542372881355932,23117.1,2025-02-12 14:01:00,SL,124.34,-3527.9999999999995,110.510875382,-3638.5108753819995
2025-02-12,2025-02-13,bear_call,2025-02-12 14:03:00,23000,75,23000,23400,96.7,22747.5,0.08227848101265822,0.17288135593220338,22999.55,2025-02-13 09:35:00,SL,143.0,-3472.5,111.82473270499999,-3584.324732705
2025-02-13,2025-02-13,bear_call,2025-02-13 10:22:00,23150,75,23150,23550,68.2,24885.0,0.08987341772151898,0.08135593220338982,23156.55,2025-02-13 15:01:00,TIME,0.3,5092.5,101.83357406000002,4990.66642594
2025-02-14,2025-02-20,bull_put,2025-02-14 10:18:00,23050,75,23050,22650,100.41,22469.250000000004,0.8556962025316456,0.8610169491525423,23074.15,2025-02-14 10:39:00,SL,147.20000000000002,-3509.2500000000014,123.81114341450001,-3633.061143414501
2025-02-14,2025-02-20,bear_call,2025-02-14 10:47:00,22900,75,22900,23300,151.39999999999998,18645.0,0.05063291139240506,0.16610169491525423,22914.9,2025-02-17 15:01:00,TIME,163.00000000000003,-870.0000000000039,129.26780831,-999.2678083100038
2025-02-17,2025-02-20,bull_put,2025-02-17 10:20:00,22800,75,22800,22400,112.15,21588.75,0.8936708860759494,0.864406779661017,22778.8,2025-02-18 15:01:00,TIME,49.89999999999999,4668.750000000001,113.69921621750001,4555.050783782501
2025-02-18,2025-02-20,bear_call,2025-02-18 10:19:00,22900,75,22900,23300,116.5,21262.5,0.18227848101265823,0.18305084745762712,22897.3,2025-02-19 10:16:00,SL,178.45000000000002,-4646.250000000001,119.15766487249999,-4765.407664872501
2025-02-19,2025-02-20,bull_put,2025-02-19 10:31:00,23050,75,23050,22650,85.0,23625.0,0.8405063291139241,0.847457627118644,23049.1,2025-02-19 10:56:00,SL,143.10000000000002,-4357.500000000002,112.761922685,-4470.261922685002
2025-02-19,2025-02-20,bear_call,2025-02-19 11:12:00,22950,75,22950,23350,93.65,22976.25,0.08607594936708861,0.1423728813559322,22941.45,2025-02-20 15:01:00,TIME,0.5,6986.25,105.33498541249999,6880.9150145875
2025-02-20,2025-02-20,bull_put,2025-02-20 10:21:00,22900,75,22900,22500,44.900000000000006,26632.5,0.8708860759493671,0.8101694915254237,22890.7,2025-02-20 15:01:00,TIME,1.9,3225.0000000000005,99.45684900500001,3125.5431509950004
2025-02-21,2025-02-27,bull_put,2025-02-21 10:21:00,22800,75,22800,22400,116.69999999999999,21247.5,0.9911392405063291,1.0,22782.05,2025-02-24 09:17:00,SL,164.85000000000002,-3611.2500000000027,124.49089283749998,-3735.7408928375025
2025-02-24,2025-02-27,bear_call,2025-02-24 10:16:00,22550,75,22550,22950,137.04999999999998,19721.250000000004,0.06455696202531645,0.14576271186440679,22568.4,2025-02-25 15:01:00,TIME,84.25,3959.9999999999986,115.43646671,3844.5635332899988
2025-02-25,2025-02-27,bull_put,2025-02-25 10:38:00,22600,75,22600,22200,56.050000000000004,25796.25,0.8202531645569621,0.8711864406779661,22584.1,2025-02-27 15:01:00,TIME,49.199999999999996,513.7500000000007,102.7814293325,410.96857066750067
2025-02-27,2025-02-27,bear_call,2025-02-27 10:23:00,22550,75,22550,22950,14.8,28890.0,0.060759493670886074,0.03389830508474576,22531.45,2025-02-27 15:01:00,TIME,3.9,817.5,96.36507612500002,721.134923875
2025-02-28,2025-03-06,bull_put,2025-02-28 10:22:00,22300,75,22300,21900,93.15,23013.75,0.9873417721518988,0.9694915254237289,22287.05,2025-02-28 12:39:00,SL,138.85,-3427.499999999999,117.09610097000001,-3544.596100969999
2025-02-28,2025-03-06,bear_call,2025-02-28 12:53:00,22150,75,22150,22550,143.25,19256.25,0.08354430379746836,0.12542372881355932,22158.6,2025-03-03 15:01:00,TIME,101.1,3161.2500000000005,118.3431090725,3042.9068909275006
2025-03-03,2025-03-06,bull_put,2025-03-03 10:19:00,22050,75,22050,21650,89.95,23253.75,0.8873417721518987,0.8915254237288136,22040.35,2025-03-04 15:01:00,TIME,74.3,1173.7500000000005,109.99634777749999,1063.7536522225005
2025-03-04,2025-03-06,bear_call,2025-03-04 10:42:00,22050,75,22050,22450,99.41000000000001,22544.249999999996,0.15949367088607594,0.15932203389830507,22056.0,2025-03-05 09:25:00,SL,155.50000000000003,-4206.750000000001,112.8413107895,-4319.591310789501
2025-03-05,2025-03-06,bear_call,2025-03-05 10:19:00,22200,75,22200,22600,91.35000000000001,23148.75,0.14430379746835442,0.12203389830508475,22223.35,2025-03-05 11:36:00,SL,146.8,-4158.75,110.38691791250001,-4269.1369179125
2025-03-06,2025-03-06,bear_call,2025-03-06 10:24:00,22350,75,22350,22750,27.400000000000002,27945.0,0.03164556962025317,0.11864406779661017,22329.35,2025-03-06 11:07:00,SL,107.19999999999999,-5984.999999999999,101.10400888999999,-6086.104008889999
2025-03-06,2025-03-06,bear_call,2025-03-06 11:23:00,22400,75,22400,22800,37.45,27191.25,0.01139240506329114,0.04406779661016949,22381.6,2025-03-06 12:53:00,SL,99.85,-4679.999999999999,101.80664893999999,-4781.806648939999
2025-03-06,2025-03-06,bear_call,2025-03-06 13:00:00,22450,75,22450,22850,31.65,27626.25,0.0949367088607595,0.17627118644067796,22452.8,2025-03-06 14:42:00,SL,90.45,-4410.0,100.82215814000001,-4510.82215814
2025-03-05,2025-03-06,bull_put,2025-03-05 11:36:00,22300,75,22300,21900,65.95,25053.75,0.910126582278481,0.9864406779661017,22316.7,2025-03-06 15:01:00,TIME,0.25,4927.5,102.276411935,4825.223588065
2025-03-07,2025-03-13,bull_put,2025-03-07 10:18:00,22600,75,22600,22200,99.29999999999998,22552.500000000004,0.9772151898734177,0.9796610169491525,22619.5,2025-03-10 14:24:00,SL,153.45,-4061.2500000000005,118.84881194749998,-4180.0988119475005
2025-03-10,2025-03-13,bear_call,2025-03-10 10:27:00,22600,75,22600,23000,118.35,21123.75,0.1189873417721519,0.06440677966101695,22619.45,2025-03-11 15:01:00,TIME,55.5,4713.75,111.1067268425,4602.6432731575
2025-03-11,2025-03-13,bull_put,2025-03-11 10:24:00,22450,75,22450,22050,102.2,22335.0,0.920253164556962,0.8576271186440678,22432.25,2025-03-12 15:01:00,TIME,48.75,4008.75,109.6284465275,3899.1215534725
2025-03-12,2025-03-13,bear_call,2025-03-12 10:16:00,22400,75,22400,22800,79.55,24033.75,0.11772151898734177,0.0847457627118644,22411.75,2025-03-13 09:58:00,SL,139.00000000000003,-4458.750000000003,108.37305457250001,-4567.123054572503
2025-03-13,2025-03-13,bull_put,2025-03-13 10:16:00,22550,75,22550,22150,28.1,27892.5,0.850632911392405,0.847457627118644,22551.65,2025-03-13 11:02:00,SL,87.0,-4417.5,100.6233185,-4518.1233185
2025-03-13,2025-03-13,bear_call,2025-03-13 11:02:00,22500,75,22500,22900,22.7,28297.5,0.15822784810126583,0.16271186440677965,22483.35,2025-03-13 15:01:00,TIME,0.2,1687.5,96.91948472,1590.58051528
2025-03-17,2025-03-20,bear_call,2025-03-17 10:28:00,22500,75,22500,22900,107.96000000000001,21902.999999999996,0.16835443037974684,0.1016949152542373,22478.95,2025-03-18 09:16:00,SL,172.21,-4818.75,115.3010238665,-4934.0510238665
2025-03-18,2025-03-20,bull_put,2025-03-18 10:30:00,22750,75,22750,22350,83.85000000000001,23711.25,0.9569620253164557,0.9966101694915255,22763.25,2025-03-19 15:01:00,TIME,24.15,4477.500000000001,107.05673102,4370.4432689800005
2025-03-19,2025-03-20,bear_call,2025-03-19 10:48:00,22900,75,22900,23300,84.7,23647.5,0.1620253164556962,0.10508474576271186,22895.95,2025-03-20 09:23:00,SL,145.04000000000002,-4525.500000000001,109.16262126199999,-4634.662621262001
2025-03-20,2025-03-20,bull_put,2025-03-20 10:17:00,23000,75,23000,22600,38.25,27131.25,0.9607594936708861,0.9491525423728814,23003.7,2025-03-20 15:01:00,TIME,0.35000000000000003,2842.5,98.80424566999999,2743.69575433
2025-03-24,2025-03-27,bear_call,2025-03-24 10:25:00,23550,75,23550,23950,120.24999999999999,20981.25,0.11139240506329114,0.18983050847457628,23545.4,2025-03-24 13:17:00,SL,163.15,-3217.5000000000014,121.58999912,-3339.0899991200013
2025-03-21,2025-03-27,bull_put,2025-03-21 10:27:00,23300,75,23300,22900,109.1,21817.5,0.8759493670886076,0.9423728813559322,23276.05,2025-03-24 15:01:00,TIME,20.35,6656.25,111.08677165249999,6545.1632283475
2025-03-24,2025-03-27,bear_call,2025-03-24 13:22:00,23650,75,23650,24050,114.79999999999998,21390.000000000004,0.16582278481012658,0.17288135593220338,23655.75,2025-03-25 09:16:00,SL,168.20000000000002,-4005.0000000000027,121.87732609999999,-4126.877326100002
2025-03-25,2025-03-27,bull_put,2025-03-25 10:20:00,23800,75,23800,23400,98.45,22616.25,0.9443037974683545,0.8745762711864407,23798.2,2025-03-25 10:57:00,SL,144.8,-3476.2500000000005,118.07286818750002,-3594.3228681875003
2025-03-25,2025-03-27,bull_put,2025-03-25 11:03:00,23700,75,23700,23300,89.65,23276.25,0.9822784810126582,0.911864406779661,23698.7,2025-03-26 13:11:00,SL,137.90000000000003,-3618.7500000000023,113.52804947749999,-3732.2780494775025
2025-03-26,2025-03-27,bear_call,2025-03-26 10:24:00,23650,75,23650,24050,99.26,22555.5,0.1379746835443038,0.18305084745762712,23659.45,2025-03-27 15:01:00,TIME,0.24999999999999994,7425.75,106.2132244895,7319.5367755105
2025-03-27,2025-03-27,bull_put,2025-03-27 10:24:00,23600,75,23600,23200,22.65,28301.25,0.839240506329114,0.8440677966101695,23614.95,2025-03-27 15:01:00,TIME,9.100000000000001,1016.2499999999998,97.85228512249999,918.3977148774998
2025-03-28,2025-04-03,bull_put,2025-03-28 10:20:00,23550,75,23550,23150,99.5,22537.5,0.8417721518987342,0.8338983050847457,23535.6,2025-04-01 10:25:00,SL,162.25,-4706.25,119.3934820625,-4825.6434820625
2025-04-01,2025-04-03,bear_call,2025-04-01 10:24:00,23400,75,23400,23800,104.44999999999999,22166.25,0.0012658227848101266,0.003389830508474576,23403.5,2025-04-02 15:01:00,TIME,26.8,5823.749999999999,108.33361196749999,5715.4163880324995
2025-04-02,2025-04-03,bull_put,2025-04-02 10:21:00,23250,75,23250,22850,68.65,24851.25,0.9025316455696203,0.8745762711864407,23254.0,2025-04-03 15:01:00,TIME,3.6999999999999997,4871.25,103.5702308825,4767.6797691175
2025-04-03,2025-04-03,bear_call,2025-04-03 11:04:00,23250,75,23250,23650,29.7,27772.5,0.15443037974683543,0.10847457627118644,23273.55,2025-04-03 15:01:00,TIME,2.15,2066.25,97.78987171249999,1968.4601282875
2025-04-04,2025-04-09,bull_put,2025-04-04 10:19:00,22950,75,22950,22550,103.85,22211.25,0.9455696202531646,0.9525423728813559,22974.0,2025-04-07 09:16:00,SL,299.15,-14647.499999999998,176.09899319000002,-14823.598993189999
2025-04-07,2025-04-09,bull_put,2025-04-07 10:30:00,22000,75,22000,21600,112.24999999999997,21581.25,0.9860759493670886,0.8101694915254237,22005.15,2025-04-07 12:17:00,SL,156.45000000000005,-3315.0000000000055,164.11072115000002,-3479.1107211500057
2025-04-08,2025-04-09,bear_call,2025-04-08 10:17:00,22400,75,22400,22800,134.25,19931.25,0.08227848101265822,0.09491525423728814,22386.9,2025-04-08 11:09:00,SL,185.15,-3817.5000000000005,124.72200807499998,-3942.2220080750003
2025-04-08,2025-04-09,bear_call,2025-04-08 11:15:00,22450,75,22450,22850,153.1,18517.5,0.056962025316455694,0.18983050847457628,22436.55,2025-04-08 12:11:00,SL,197.70000000000002,-3345.000000000002,128.673954245,-3473.673954245002
2025-04-08,2025-04-09,bear_call,2025-04-08 12:20:00,22500,75,22500,22900,165.55,17583.75,0.06962025316455696,0.12542372881355932,22512.4,2025-04-08 12:32:00,SL,206.1,-3041.2499999999986,130.4072903825,-3171.6572903824986
2025-04-07,2025-04-09,bull_put,2025-04-07 12:42:00,21900,75,21900,21500,131.45,20141.25,0.9810126582278481,0.8711864406779661,21892.5,2025-04-08 15:01:00,TIME,16.499999999999996,8621.25,138.7894613375,8482.4605386625
2025-04-08,2025-04-09,bear_call,2025-04-08 12:41:00,22600,75,22600,23000,156.15,18288.75,0.11772151898734177,0.1423728813559322,22612.6,2025-04-09 15:01:00,TIME,0.35,11685.0,115.648538675,11569.351461325
2025-04-09,2025-04-09,bull_put,2025-04-09 10:18:00,22400,75,22400,22000,35.400000000000006,27345.0,0.8582278481012658,0.888135593220339,22405.6,2025-04-09 15:01:00,TIME,3.9,2362.5000000000005,98.79453382999999,2263.7054661700004
2025-04-11,2025-04-17,bull_put,2025-04-11 10:16:00,22850,75,22850,22450,124.99999999999999,20625.0,0.8949367088607595,0.9457627118644067,22841.1,2025-04-15 15:01:00,TIME,7.400000000000001,8819.999999999998,122.78516429000001,8697.214835709998
2025-04-15,2025-04-17,bear_call,2025-04-15 10:20:00,23300,75,23300,23700,100.51,22461.75,0.189873417721519,0.1694915254237288,23301.2,2025-04-16 15:01:00,TIME,114.90000000000002,-1079.2500000000011,113.04053384449999,-1192.2905338445012
2025-04-17,2025-04-17,bear_call,2025-04-17 10:55:00,23400,75,23400,23800,60.400000000000006,25470.0,0.035443037974683546,0.09830508474576272,23420.7,2025-04-17 11:17:00,SL,115.36,-4121.999999999999,106.01896786700001,-4228.018967866999
2025-04-17,2025-04-17,bear_call,2025-04-17 11:56:00,23550,75,23550,23950,98.5,22612.5,0.020253164556962026,0.09491525423728814,23573.7,2025-04-17 12:28:00,SL,151.71,-3990.7500000000005,110.6245596245,-4101.374559624501
2025-04-17,2025-04-17,bear_call,2025-04-17 12:38:00,23700,75,23700,24100,38.550000000000004,27108.75,0.03670886075949367,0.10508474576271186,23686.3,2025-04-17 13:12:00,SL,96.69999999999999,-4361.249999999999,101.9019848975,-4463.1519848974995
2025-04-16,2025-04-17,bull_put,2025-04-16 10:49:00,23300,75,23300,22900,76.85000000000001,24236.25,0.8177215189873418,0.8033898305084746,23310.25,2025-04-17 15:01:00,TIME,0.2,5748.75,103.75181570750001,5644.9981842925
2025-04-17,2025-04-17,bear_call,2025-04-17 13:22:00,23800,75,23800,24200,26.05,28046.25,0.11772151898734177,0.18983050847457628,23781.35,2025-04-17 15:01:00,TIME,53.699999999999996,-2073.7499999999995,99.03766454750001,-2172.7876645474994
2025-04-21,2025-04-24,bear_call,2025-04-21 10:22:00,24000,75,24000,24400,125.14999999999999,20613.75,0.1759493670886076,0.1288135593220339,24020.05,2025-04-21 11:15:00,SL,167.70000000000002,-3191.250000000002,124.7573363825,-3316.0073363825018
2025-04-21,2025-04-24,bull_put,2025-04-21 11:19:00,24100,75,24100,23700,88.30000000000001,23377.5,0.8620253164556962,0.8915254237288136,24119.5,2025-04-22 15:01:00,TIME,47.9,3030.000000000001,111.24869002999999,2918.751309970001
2025-04-22,2025-04-24,bear_call,2025-04-22 10:30:00,24200,75,24200,24600,79.25,24056.25,0.18354430379746836,0.16610169491525423,24195.35,2025-04-23 09:17:00,SL,134.3,-4128.750000000001,111.65633881250001,-4240.4063388125005
2025-04-23,2025-04-24,bull_put,2025-04-23 10:20:00,24200,75,24200,23800,65.75,25068.75,0.9582278481012658,0.9050847457627119,24218.3,2025-04-24 15:01:00,TIME,0.75,4875.0,102.920213915,4772.079786085
2025-04-24,2025-04-24,bear_call,2025-04-24 10:21:00,24300,75,24300,24700,22.65,28301.25,0.15316455696202533,0.13559322033898305,24285.5,2025-04-24 15:01:00,TIME,0.30000000000000004,1676.2499999999998,97.3846050575,1578.8653949424997
2025-04-25,2025-04-30,bear_call,2025-04-25 10:17:00,24000,75,24000,24400,157.5,18187.5,0.10506329113924051,0.1288135593220339,24016.9,2025-04-25 13:59:00,SL,197.3,-2985.000000000001,139.542842915,-3124.542842915001
2025-04-25,2025-04-30,bear_call,2025-04-25 14:05:00,24100,75,24100,24500,148.64999999999998,18851.25,0.09113924050632911,0.003389830508474576,24123.8,2025-04-28 10:06:00,SL,193.05,-3330.0000000000027,129.852442085,-3459.8524420850026
2025-04-28,2025-04-30,bear_call,2025-04-28 10:24:00,24250,75,24250,24650,109.35000000000001,21798.75,0.14177215189873418,0.14576271186440679,24251.7,2025-04-28 12:19:00,SL,154.5,-3386.2499999999995,116.5549010675,-3502.8049010674995
2025-04-28,2025-04-30,bear_call,2025-04-28 13:05:00,24350,75,24350,24750,102.45,22316.25,0.15063291139240506,0.10847457627118644,24330.9,2025-04-29 15:01:00,TIME,39.55,4717.5,108.88812125000001,4608.61187875
2025-04-29,2025-04-30,bull_put,2025-04-29 10:25:00,24350,75,24350,23950,68.80000000000001,24840.0,0.9050632911392406,0.8610169491525423,24346.4,2025-04-30 15:01:00,TIME,0.7000000000000001,5107.500000000001,103.79287046000002,5003.707129540001
2025-04-30,2025-04-30,bear_call,2025-04-30 10:29:00,24350,75,24350,24750,16.54,28759.5,0.07088607594936709,0.14915254237288136,24338.3,2025-04-30 15:01:00,TIME,42.199999999999996,-1924.4999999999998,97.722024152,-2022.2220241519997
2025-05-02,2025-05-08,bear_call,2025-05-02 10:16:00,24550,75,24550,24950,172.39999999999998,17070.0,0.13037974683544304,0.10238907849829351,24568.2,2025-05-05 15:01:00,TIME,54.15,8868.749999999998,123.08418248749999,8745.665817512498
2025-05-05,2025-05-08,bull_put,2025-05-05 10:18:00,24500,75,24500,24100,86.6,23505.0,0.8189873417721519,0.8203389830508474,24488.95,2025-05-06 14:59:00,SL,137.0,-3780.0000000000005,117.07154007500003,-3897.0715400750005
2025-05-06,2025-05-08,bear_call,2025-05-06 10:18:00,24400,75,24400,24800,61.190000000000005,25410.75,0.17974683544303796,0.17966101694915254,24384.15,2025-05-07 15:01:00,TIME,37.949999999999996,1743.0000000000007,103.662750137,1639.3372498630006
2025-05-07,2025-05-08,bull_put,2025-05-07 10:24:00,24350,75,24350,23950,61.75,25368.75,0.9860759493670886,0.9661016949152542,24330.7,2025-05-08 15:01:00,TIME,76.64999999999999,-1117.4999999999993,107.29210263499999,-1224.7921026349993
2025-05-08,2025-05-08,bear_call,2025-05-08 10:31:00,24400,75,24400,24800,11.65,29126.25,0.13037974683544304,0.10508474576271186,24399.0,2025-05-08 15:01:00,TIME,0.25,855.0,95.9301158,759.0698842
2025-05-09,2025-05-15,bear_call,2025-05-09 10:21:00,24050,75,24050,24450,169.64999999999998,17276.25,0.03291139240506329,0.17064846416382254,24031.5,2025-05-12 09:16:00,SL,312.85,-10740.000000000004,158.94797903,-10898.947979030003
2025-05-12,2025-05-15,bear_call,2025-05-12 10:38:00,24700,75,24700,25100,132.24999999999997,20081.25,0.14050632911392405,0.19661016949152543,24684.85,2025-05-12 12:32:00,SL,174.55,-3172.500000000003,129.00161942,-3301.5016194200034
2025-05-12,2025-05-15,bear_call,2025-05-12 13:05:00,24800,75,24800,25200,139.84999999999997,19511.250000000004,0.1379746835443038,0.10508474576271186,24781.25,2025-05-12 14:15:00,SL,178.75000000000003,-2917.5000000000045,133.76831675,-3051.2683167500045
2025-05-12,2025-05-15,bull_put,2025-05-12 14:15:00,24850,75,24850,24450,117.04999999999998,21221.250000000004,0.9227848101265823,1.0,24866.2,2025-05-13 09:31:00,SL,165.60000000000002,-3641.250000000003,134.8081132475,-3776.058113247503
2025-05-13,2025-05-15,bull_put,2025-05-13 10:17:00,24800,75,24800,24400,138.31,19626.75,0.9493670886075949,0.911864406779661,24783.85,2025-05-13 10:30:00,SL,193.25000000000003,-4120.500000000002,139.01582853199997,-4259.515828532002
2025-05-13,2025-05-15,bull_put,2025-05-13 10:40:00,24700,75,24700,24300,144.2,19185.0,0.9278481012658227,0.8813559322033898,24695.25,2025-05-13 15:13:00,SL,185.70000000000002,-3112.5000000000023,133.7434568,-3246.243456800002
2025-05-14,2025-05-15,bull_put,2025-05-14 10:16:00,24750,75,24750,24350,98.7,22597.5,0.8316455696202532,0.9491525423728814,24758.3,2025-05-14 11:50:00,SL,153.9,-4140.0,115.99761593000001,-4255.99761593
2025-05-14,2025-05-15,bull_put,2025-05-14 12:00:00,24650,75,24650,24250,91.5,23137.5,0.8658227848101265,0.8542372881355932,24662.15,2025-05-14 12:51:00,SL,143.8,-3922.500000000001,113.753706245,-4036.253706245001
2025-05-15,2025-05-15,bear_call,2025-05-15 10:21:00,24550,75,24550,24950,66.34,25024.499999999996,0.08607594936708861,0.1694915254237288,24540.15,2025-05-15 10:37:00,SL,123.60000000000001,-4294.5,108.033728372,-4402.533728372
2025-05-15,2025-05-15,bear_call,2025-05-15 10:47:00,24750,75,24750,25150,86.45,23516.25,0.05443037974683544,0.15593220338983052,24725.4,2025-05-15 13:09:00,SL,155.9,-5208.75,110.1007560725,-5318.8507560725
2025-05-14,2025-05-15,bull_put,2025-05-14 13:01:00,24600,75,24600,24200,111.55,21633.75,0.9088607594936708,0.9457627118644067,24589.75,2025-05-15 15:01:00,TIME,0.30000000000000004,8343.75,108.31488407750001,8235.4351159225
2025-05-15,2025-05-15,bear_call,2025-05-15 14:01:00,25050,75,25050,25450,56.910000000000004,25731.749999999996,0.0759493670886076,0.10508474576271186,25039.8,2025-05-15 15:01:00,TIME,14.250000000000002,3199.5000000000005,101.106488297,3098.3935117030005
2025-05-19,2025-05-22,bull_put,2025-05-19 10:17:00,25050,75,25050,24650,116.85,21236.25,0.8151898734177215,0.9593220338983051,25055.15,2025-05-19 14:07:00,SL,159.0,-3161.2500000000005,127.95089266250001,-3289.2008926625003
2025-05-16,2025-05-22,bear_call,2025-05-16 10:24:00,25000,75,25000,25400,133.5,19987.5,0.07468354430379746,0.0576271186440678,24994.4,2025-05-19 15:01:00,TIME,96.10000000000001,2804.9999999999995,123.332727275,2681.6672727249997
2025-05-20,2025-05-22,bull_put,2025-05-20 10:23:00,24900,75,24900,24500,99.75,22518.75,0.8518987341772152,0.8271186440677966,24894.65,2025-05-20 12:59:00,SL,153.6,-4038.7499999999995,120.0588233075,-4158.8088233075
2025-05-20,2025-05-22,bear_call,2025-05-20 12:59:00,24800,75,24800,25200,110.64999999999999,21701.25,0.024050632911392405,0.07457627118644068,24784.75,2025-05-21 10:17:00,SL,162.4,-3881.250000000001,122.2824343475,-4003.532434347501
2025-05-21,2025-05-22,bull_put,2025-05-21 10:16:00,24900,75,24900,24500,112.55,21558.75,0.8860759493670886,0.9152542372881356,24879.3,2025-05-21 12:11:00,SL,167.2,-4098.749999999999,120.0366948125,-4218.786694812499
2025-05-22,2025-05-22,bull_put,2025-05-22 10:17:00,24600,75,24600,24200,47.010000000000005,26474.25,0.8873417721518987,0.8610169491525423,24611.15,2025-05-22 12:50:00,SL,102.7,-4176.75,103.43038602950001,-4280.1803860295
2025-05-21,2025-05-22,bear_call,2025-05-21 12:11:00,24750,75,24750,25150,101.9,22357.5,0.035443037974683546,0.14576271186440679,24759.8,2025-05-22 15:01:00,TIME,0.95,7571.25,107.9681075975,7463.2818924025
2025-05-22,2025-05-22,bull_put,2025-05-22 13:13:00,24550,75,24550,24150,47.15,26463.75,0.8518987341772152,0.9254237288135593,24530.9,2025-05-22 15:01:00,TIME,2.4499999999999997,3352.4999999999995,99.644173595,3252.8558264049993
2025-05-23,2025-05-29,bear_call,2025-05-23 10:17:00,24800,75,24800,25200,160.81,17939.25,0.09240506329113925,0.14576271186440679,24796.5,2025-05-23 10:56:00,SL,195.70000000000002,-2616.750000000001,142.46054847949998,-2759.210548479501
2025-05-23,2025-05-29,bull_put,2025-05-23 10:57:00,24900,75,24900,24500,116.8,21240.0,0.8278481012658228,0.8169491525423729,24906.9,2025-05-26 15:01:00,TIME,93.79,1725.7499999999993,126.0782297195,1599.6717702804992
2025-05-26,2025-05-29,bear_call,2025-05-26 10:17:00,25050,75,25050,25450,156.35,18273.75,0.09873417721518987,0.030508474576271188,25035.8,2025-05-27 15:01:00,TIME,85.89999999999999,5283.75,125.68870510249998,5158.0612948975
2025-05-27,2025-05-29,bull_put,2025-05-27 10:34:00,24750,75,24750,24350,131.45,20141.25,0.8683544303797468,0.9355932203389831,24773.35,2025-05-28 15:01:00,TIME,93.05,2879.9999999999995,120.83844596,2759.1615540399994
2025-05-28,2025-05-29,bear_call,2025-05-28 10:16:00,24750,75,24750,25150,112.19999999999999,21585.0,0.09240506329113925,0.04067796610169491,24738.5,2025-05-29 09:16:00,SL,154.85000000000002,-3198.7500000000027,120.21524912750002,-3318.965249127503
2025-05-29,2025-05-29,bear_call,2025-05-29 10:31:00,24750,75,24750,25150,56.61,25754.25,0.06835443037974684,0.0576271186440678,24762.45,2025-05-29 15:01:00,TIME,52.5,308.24999999999994,102.8936955845,205.35630441549995
2025-05-30,2025-06-05,bear_call,2025-05-30 10:16:00,24800,75,24800,25200,138.75,19593.75,0.0759493670886076,0.020338983050847456,24777.5,2025-06-02 15:01:00,TIME,142.20000000000002,-258.75000000000125,132.92104421750003,-391.6710442175013
2025-06-02,2025-06-05,bull_put,2025-06-02 10:24:00,24600,75,24600,24200,144.04999999999998,19196.25,0.8012658227848102,0.8406779661016949,24575.05,2025-06-03 15:01:00,TIME,108.20000000000002,2688.7499999999973,124.5904747175,2564.1595252824973
2025-06-03,2025-06-05,bear_call,2025-06-03 10:30:00,24700,75,24700,25100,160.45,17966.25,0.04430379746835443,0.11186440677966102,24719.95,2025-06-04 15:01:00,TIME,50.699999999999996,8231.25,124.92919003249999,8106.3208099675
2025-06-05,2025-06-05,bear_call,2025-06-05 10:19:00,24700,75,24700,25100,42.5,26812.5,0.14177215189873418,0.0847457627118644,24714.4,2025-06-05 12:04:00,SL,109.7,-5040.0,103.20760907,-5143.20760907
2025-06-04,2025-06-05,bull_put,2025-06-04 10:23:00,24600,75,24600,24200,83.2,23760.0,0.9126582278481012,0.9423728813559322,24594.15,2025-06-05 15:01:00,TIME,0.24999999999999994,6221.25,104.3156104475,6116.9343895525
2025-06-05,2025-06-05,bear_call,2025-06-05 12:20:00,24850,75,24850,25250,70.2,24735.0,0.0620253164556962,0.17627118644067796,24852.4,2025-06-05 15:01:00,TIME,0.35,5238.750000000001,102.06833567750002,5136.681664322501
2025-06-06,2025-06-12,bull_put,2025-06-06 10:23:00,24750,75,24750,24350,116.30000000000001,21277.5,0.9417721518987342,0.823728813559322,24762.2,2025-06-09 15:01:00,TIME,24.999999999999996,6847.500000000001,114.29927639000002,6733.200723610001
2025-06-09,2025-06-12,bear_call,2025-06-09 11:00:00,25150,75,25150,25550,110.19999999999999,21735.0,0.1848101265822785,0.061016949152542375,25128.95,2025-06-10 15:01:00,TIME,58.4,3884.999999999999,111.94222522999999,3773.057774769999
2025-06-11,2025-06-12,bear_call,2025-06-11 10:21:00,25150,75,25150,25550,56.25000000000001,25781.25,0.13924050632911392,0.1694915254237288,25147.1,2025-06-11 11:55:00,SL,112.5,-4218.749999999999,105.96576976250002,-4324.715769762499
2025-06-10,2025-06-12,bull_put,2025-06-10 10:16:00,25150,75,25150,24750,86.7,23497.5,0.8924050632911392,0.9186440677966101,25158.4,2025-06-11 15:01:00,TIME,71.6,1132.5000000000007,109.24781925500001,1023.2521807450007
2025-06-12,2025-06-12,bull_put,2025-06-12 10:25:00,25100,75,25100,24700,53.35,25998.75,0.8253164556962025,0.823728813559322,25098.05,2025-06-12 13:27:00,SL,106.15,-3960.0000000000005,103.91266819999998,-4063.9126682000006
2025-06-11,2025-06-12,bear_call,2025-06-11 12:12:00,25200,75,25200,25600,75.6,24330.0,0.1341772151898734,0.1288135593220339,25204.7,2025-06-12 15:01:00,TIME,0.25,5651.25,103.25835188749998,5547.9916481125
2025-06-12,2025-06-12,bull_put,2025-06-12 13:55:00,24900,75,24900,24500,47.25,26456.25,0.9607594936708861,0.9016949152542373,24898.55,2025-06-12 15:01:00,TIME,6.5,3056.25,99.72706625749998,2956.5229337425
2025-06-16,2025-06-19,bear_call,2025-06-16 10:51:00,24850,75,24850,25250,138.0,19650.0,0.12784810126582277,0.13220338983050847,24865.2,2025-06-16 12:44:00,SL,177.6,-2969.9999999999995,124.52652463999999,-3094.5265246399995
2025-06-13,2025-06-19,bull_put,2025-06-13 10:24:00,24650,75,24650,24250,122.35,20823.75,0.9278481012658227,0.8542372881355932,24651.6,2025-06-16 15:01:00,TIME,31.699999999999996,6798.75,121.25062339249999,6677.4993766075
2025-06-16,2025-06-19,bear_call,2025-06-16 12:49:00,24950,75,24950,25350,121.24999999999999,20906.25,0.10506329113924051,0.09152542372881356,24930.0,2025-06-17 15:01:00,TIME,50.35,5317.499999999998,112.685788265,5204.814211734998
2025-06-17,2025-06-19,bull_put,2025-06-17 10:17:00,24850,75,24850,24450,82.7,23797.5,0.8962025316455696,0.9627118644067797,24867.4,2025-06-18 15:01:00,TIME,90.3,-569.9999999999995,110.88304802,-680.8830480199996
2025-06-18,2025-06-19,bear_call,2025-06-18 10:21:00,24900,75,24900,25300,91.15,23163.75,0.10632911392405063,0.09830508474576272,24904.7,2025-06-19 15:01:00,TIME,0.4000000000000001,6806.25,104.98973972750001,6701.2602602725
2025-06-19,2025-06-19,bull_put,2025-06-19 11:31:00,24800,75,24800,24400,15.45,28841.25,0.8784810126582279,0.8169491525423729,24805.45,2025-06-19 15:01:00,TIME,3.6999999999999997,881.25,96.56679674749999,784.6832032525
2025-06-20,2025-06-26,bull_put,2025-06-20 10:25:00,25000,75,25000,24600,108.69999999999999,21847.5,0.930379746835443,0.823728813559322,24978.95,2025-06-23 09:34:00,SL,153.75,-3378.750000000001,126.6602493125,-3505.410249312501
2025-06-24,2025-06-26,bear_call,2025-06-24 10:21:00,25200,75,25200,25600,123.14999999999998,20763.75,0.03291139240506329,0.0711864406779661,25212.7,2025-06-24 11:42:00,SL,164.3,-3086.2500000000027,118.4223628025,-3204.672362802503
2025-06-23,2025-06-26,bull_put,2025-06-23 10:17:00,24850,75,24850,24450,103.94999999999999,22203.75,0.810126582278481,0.8372881355932204,24864.35,2025-06-24 15:01:00,TIME,32.699999999999996,5343.75,112.9878369725,5230.7621630275
2025-06-24,2025-06-26,bear_call,2025-06-24 12:20:00,25300,75,25300,25700,114.55,21408.75,0.04430379746835443,0.15254237288135594,25284.8,2025-06-25 15:01:00,TIME,47.949999999999996,4995.0,109.91506138999999,4885.08493861
2025-06-26,2025-06-26,bear_call,2025-06-26 10:16:00,25400,75,25400,25800,68.75,24843.75,0.18354430379746836,0.15593220338983052,25393.35,2025-06-26 13:54:00,SL,119.15,-3780.0000000000005,106.00776164,-3886.0077616400004
2025-06-25,2025-06-26,bull_put,2025-06-25 10:20:00,25200,75,25200,24800,70.5,24712.5,0.8911392405063291,0.8033898305084746,25191.0,2025-06-26 15:01:00,TIME,0.30000000000000004,5265.0,103.22090799499999,5161.779092005
2025-06-26,2025-06-26,bear_call,2025-06-26 14:07:00,25500,75,25500,25900,38.150000000000006,27138.75,0.03291139240506329,0.05084745762711865,25485.7,2025-06-26 15:01:00,TIME,47.849999999999994,-727.4999999999991,100.14025787000003,-827.6402578699991
2025-06-27,2025-07-03,bull_put,2025-06-27 10:16:00,25600,75,25600,25200,112.95,21528.75,0.8987341772151899,0.9016949152542373,25576.35,2025-06-30 14:07:00,SL,156.85,-3292.4999999999995,123.31741488499998,-3415.8174148849994
2025-06-30,2025-07-03,bear_call,2025-06-30 10:22:00,25550,75,25550,25950,140.45,19466.25,0.1291139240506329,0.0847457627118644,25572.65,2025-07-01 15:01:00,TIME,88.3,3911.2499999999995,116.95701131749999,3794.2929886824995
2025-07-01,2025-07-03,bull_put,2025-07-01 10:28:00,25550,75,25550,25150,86.6,23505.0,0.9,0.8745762711864407,25537.65,2025-07-02 13:27:00,SL,136.65,-3753.750000000001,111.45478103750001,-3865.204781037501
2025-07-03,2025-07-03,bull_put,2025-07-03 10:26:00,25550,75,25550,25150,39.00000000000001,27075.0,0.9822784810126582,0.9491525423728814,25565.3,2025-07-03 14:26:00,SL,94.2,-4140.0,101.88728981000001,-4241.88728981
2025-07-02,2025-07-03,bear_call,2025-07-02 10:17:00,25500,75,25500,25900,91.75,23118.75,0.13164556962025317,0.09830508474576272,25518.05,2025-07-03 15:01:00,TIME,0.45,6847.5,104.811058085,6742.688941915
2025-07-04,2025-07-10,bull_put,2025-07-04 10:24:00,25400,75,25400,25000,105.14999999999998,22113.75,0.9405063291139241,0.8271186440677966,25415.5,2025-07-07 15:01:00,TIME,69.35,2684.9999999999986,113.60504984,2571.3949501599986
2025-07-07,2025-07-10,bear_call,2025-07-07 10:22:00,25450,75,25450,25850,105.05000000000001,22121.25,0.1911392405063291,0.15932203389830507,25436.55,2025-07-08 15:01:00,TIME,114.35,-697.4999999999987,112.919633525,-810.4196335249987
2025-07-08,2025-07-10,bull_put,2025-07-08 10:20:00,25450,75,25450,25050,74.60000000000001,24405.0,0.8949367088607595,0.9661016949152542,25459.95,2025-07-09 15:01:00,TIME,41.2,2505.0000000000005,105.58417714999999,2399.4158228500005
2025-07-09,2025-07-10,bear_call,2025-07-09 10:30:00,25500,75,25500,25900,87.80000000000001,23415.0,0.06329113924050633,0.030508474576271188,25518.7,2025-07-10 15:01:00,TIME,0.3,6562.500000000001,104.35911535999999,6458.140884640001
2025-07-10,2025-07-10,bull_put,2025-07-10 11:13:00,25400,75,25400,25000,44.25,26681.25,0.8683544303797468,0.8372881355932204,25388.85,2025-07-10 15:01:00,TIME,51.3,-528.7499999999998,101.0000314175,-629.7500314174997
2025-07-14,2025-07-17,bull_put,2025-07-14 10:22:00,25150,75,25150,24750,96.60000000000001,22755.0,0.9227848101265823,0.8983050847457628,25125.05,2025-07-14 13:08:00,SL,144.40000000000003,-3585.000000000002,114.970091,-3699.970091000002
2025-07-11,2025-07-17,bear_call,2025-07-11 10:20:00,25250,75,25250,25650,113.54999999999998,21483.750000000004,0.07341772151898734,0.07457627118644068,25239.55,2025-07-14 15:01:00,TIME,52.0,4616.249999999999,112.1469941225,4504.1030058774995
2025-07-15,2025-07-17,bear_call,2025-07-15 10:19:00,25100,75,25100,25500,92.65,23051.25,0.14936708860759493,0.03728813559322034,25113.75,2025-07-15 11:02:00,SL,144.05,-3855.0000000000005,112.92197712500001,-3967.9219771250005
2025-07-14,2025-07-17,bull_put,2025-07-14 13:14:00,25050,75,25050,24650,94.0,22950.0,0.9835443037974684,0.9016949152542373,25026.1,2025-07-15 15:01:00,TIME,28.0,4950.0,107.655383285,4842.344616715
2025-07-15,2025-07-17,bear_call,2025-07-15 11:17:00,25200,75,25200,25600,100.8,22440.0,0.026582278481012658,0.08135593220338982,25216.9,2025-07-16 15:01:00,TIME,65.6,2640.0,109.142376155,2530.857623845
2025-07-16,2025-07-17,bull_put,2025-07-16 10:21:00,25150,75,25150,24750,55.050000000000004,25871.25,0.8468354430379746,0.9186440677966101,25148.9,2025-07-17 15:01:00,TIME,35.55,1462.5000000000005,101.82984332000001,1360.6701566800004
2025-07-17,2025-07-17,bear_call,2025-07-17 10:31:00,25150,75,25150,25550,38.4,27120.0,0.017721518987341773,0.023728813559322035,25144.35,2025-07-17 15:01:00,TIME,0.7000000000000001,2827.4999999999995,98.76908465,2728.7309153499996
2025-07-18,2025-07-24,bear_call,2025-07-18 10:16:00,25000,75,25000,25400,125.74999999999999,20568.75,0.06455696202531645,0.06779661016949153,24996.35,2025-07-21 15:01:00,TIME,137.60000000000002,-888.7500000000027,118.3448234825,-1007.0948234825028
2025-07-21,2025-07-24,bull_put,2025-07-21 10:32:00,25050,75,25050,24650,76.75,24243.75,0.889873417721519,0.8745762711864407,25059.6,2025-07-22 15:01:00,TIME,52.099999999999994,1848.7500000000005,106.7333977025,1742.0166022975004
2025-07-22,2025-07-24,bear_call,2025-07-22 10:30:00,25100,75,25100,25500,79.2,24060.0,0.06835443037974684,0.08135593220338982,25102.0,2025-07-23 14:15:00,SL,133.45000000000002,-4068.750000000001,108.54826156249999,-4177.298261562501
2025-07-23,2025-07-24,bull_put,2025-07-23 10:29:00,25100,75,25100,24700,47.9,26407.5,0.8772151898734177,0.9050847457627119,25109.2,2025-07-24 15:01:00,TIME,34.3,1020.0000000000001,100.93899483500002,919.0610051650001
2025-07-24,2025-07-24,bear_call,2025-07-24 10:39:00,25150,75,25150,25550,42.550000000000004,26808.75,0.1518987341772152,0.10508474576271186,25171.2,2025-07-24 15:01:00,TIME,0.45000000000000007,3157.5,99.14525130499999,3058.354748695
2025-07-28,2025-07-31,bull_put,2025-07-28 10:25:00,24900,75,24900,24500,93.30000000000001,23002.5,0.8379746835443038,0.8576271186440678,24876.25,2025-07-28 10:49:00,SL,142.55,-3693.75,114.77443139750001,-3808.5244313975
2025-07-28,2025-07-31,bull_put,2025-07-28 10:52:00,24800,75,24800,24400,83.6,23730.0,0.9556962025316456,0.9050847457627119,24801.0,2025-07-28 13:16:00,SL,131.55,-3596.2500000000014,112.94638405250001,-3709.1963840525013
2025-07-25,2025-07-31,bear_call,2025-07-25 10:32:00,24850,75,24850,25250,119.04999999999998,21071.250000000004,0.11772151898734177,0.17288135593220338,24855.5,2025-07-28 15:01:00,TIME,45.0,5553.749999999999,113.53586329250001,5440.214136707499
2025-07-29,2025-07-31,bear_call,2025-07-29 10:28:00,24650,75,24650,25050,85.75,23568.75,0.10253164556962026,0.04067796610169491,24635.0,2025-07-29 13:33:00,SL,134.4,-3648.7500000000005,112.79543446250001,-3761.5454344625005
2025-07-28,2025-07-31,bull_put,2025-07-28 13:41:00,24700,75,24700,24300,95.75,22818.75,0.9164556962025316,0.9491525423728814,24680.6,2025-07-29 15:01:00,TIME,31.65,4807.5,108.687768575,4698.812231425
2025-07-30,2025-07-31,bull_put,2025-07-30 10:19:00,24850,75,24850,24450,61.550000000000004,25383.75,0.8683544303797468,0.8677966101694915,24855.2,2025-07-31 09:16:00,SL,165.65,-7807.5,108.98327817500001,-7916.483278175
2025-07-31,2025-07-31,bull_put,2025-07-31 10:26:00,24700,75,24700,24300,57.0,25725.0,0.8848101265822785,0.8169491525423729,24686.75,2025-07-31 15:01:00,TIME,0.8,4215.0,100.86420917000001,4114.13579083
2025-08-01,2025-08-07,bull_put,2025-08-01 10:21:00,24750,75,24750,24350,107.1,21967.5,0.8658227848101265,0.8779661016949153,24766.1,2025-08-01 11:45:00,SL,152.90000000000003,-3435.000000000003,121.88885891000001,-3556.8888589100034
2025-08-01,2025-08-07,bear_call,2025-08-01 11:45:00,24650,75,24650,25050,119.35,21048.75,0.05949367088607595,0.1016949152542373,24646.9,2025-08-04 15:01:00,TIME,140.20000000000002,-1563.7500000000018,119.3629489475,-1683.1129489475018
2025-08-04,2025-08-07,bull_put,2025-08-04 10:19:00,24650,75,24650,24250,106.34999999999998,22023.750000000004,0.839240506329114,0.9050847457627119,24643.6,2025-08-05 15:01:00,TIME,96.05,772.4999999999987,114.18333242,658.3166675799987
2025-08-05,2025-08-07,bear_call,2025-08-05 10:31:00,24600,75,24600,25000,104.35,22173.75,0.09873417721518987,0.05423728813559322,24615.95,2025-08-06 15:01:00,TIME,58.39999999999999,3446.25,109.66238024750001,3336.5876197525
2025-08-06,2025-08-07,bull_put,2025-08-06 10:17:00,24600,75,24600,24200,61.6,25380.0,0.9645569620253165,0.9491525423728814,24615.85,2025-08-07 09:17:00,SL,118.05,-4233.75,105.97940927750001,-4339.7294092775
2025-08-07,2025-08-07,bull_put,2025-08-07 10:19:00,24500,75,24500,24100,37.0,27225.0,0.8177215189873418,0.8372881355932204,24484.45,2025-08-07 10:46:00,SL,93.39999999999999,-4229.999999999999,101.822725295,-4331.822725294999
2025-08-07,2025-08-07,bear_call,2025-08-07 10:46:00,24400,75,24400,24800,50.400000000000006,26220.0,0.16455696202531644,0.13220338983050847,24422.05,2025-08-07 14:39:00,SL,110.3,-4492.499999999999,103.828693325,-4596.328693324999
2025-08-08,2025-08-14,bull_put,2025-08-08 10:27:00,24500,75,24500,24100,103.39999999999999,22245.0,0.9810126582278481,0.9661016949152542,24480.75,2025-08-08 15:13:00,SL,156.10000000000002,-3952.5000000000023,120.376029005,-4072.8760290050022
2025-08-11,2025-08-14,bull_put,2025-08-11 10:18:00,24400,75,24400,24000,80.9,23932.5,0.9265822784810127,0.9050847457627119,24415.45,2025-08-12 15:01:00,TIME,34.2,3502.5,107.09277588500001,3395.407224115
2025-08-12,2025-08-14,bear_call,2025-08-12 10:20:00,24650,75,24650,25050,99.7,22522.5,0.17721518987341772,0.0711864406779661,24650.9,2025-08-13 15:01:00,TIME,63.19999999999999,2737.500000000001,108.50645616499999,2628.9935438350008
2025-08-13,2025-08-14,bull_put,2025-08-13 10:29:00,24600,75,24600,24200,59.35000000000001,25548.75,0.859493670886076,0.9084745762711864,24596.4,2025-08-14 15:01:00,TIME,1.05,4372.500000000001,101.421630515,4271.078369485001
2025-08-14,2025-08-14,bear_call,2025-08-14 10:55:00,24650,75,24650,25050,35.550000000000004,27333.75,0.13544303797468354,0.08813559322033898,24645.1,2025-08-14 15:01:00,TIME,9.3,1968.7500000000002,98.61402233749999,1870.1359776625002
2025-08-18,2025-08-21,bear_call,2025-08-18 10:26:00,25000,75,25000,25400,115.94999999999999,21303.75,0.027848101265822784,0.17627118644067796,24979.7,2025-08-19 15:01:00,TIME,74.3,3123.7499999999995,112.34337028249999,3011.4066297174995
2025-08-19,2025-08-21,bull_put,2025-08-19 10:21:00,24950,75,24950,24550,81.95,23853.75,0.9037974683544304,0.8576271186440678,24926.0,2025-08-20 15:01:00,TIME,19.25,4702.5,105.1859486,4597.3140514
2025-08-20,2025-08-21,bear_call,2025-08-20 10:23:00,25000,75,25000,25400,62.15,25338.75,0.1518987341772152,0.11186440677966102,24990.65,2025-08-21 09:59:00,SL,115.3,-3986.25,105.2628661775,-4091.5128661775
2025-08-21,2025-08-21,bull_put,2025-08-21 10:28:00,25150,75,25150,24750,43.35,26748.75,0.8911392405063291,0.8711864406779661,25136.7,2025-08-21 15:01:00,TIME,54.15,-809.9999999999998,101.04837004999999,-911.0483700499998
2025-08-22,2025-08-28,bear_call,2025-08-22 10:17:00,24950,75,24950,25350,110.0,21750.0,0.09746835443037975,0.1423728813559322,24950.9,2025-08-25 15:01:00,TIME,97.45,941.2499999999998,112.46304212749999,828.7869578724998
2025-08-25,2025-08-28,bull_put,2025-08-25 10:19:00,24900,75,24900,24500,67.30000000000001,24952.5,0.8493670886075949,0.9016949152542373,24909.65,2025-08-26 09:23:00,SL,128.4,-4582.5,108.69995435000001,-4691.19995435
2025-08-26,2025-08-28,bear_call,2025-08-26 10:16:00,24800,75,24800,25200,59.55,25533.75,0.060759493670886074,0.05084745762711865,24783.75,2025-08-28 15:01:00,TIME,0.3500000000000001,4440.0,101.635627145,4338.364372855
2025-08-28,2025-08-28,bull_put,2025-08-28 10:26:00,24600,75,24600,24200,47.25000000000001,26456.25,0.979746835443038,0.9050847457627119,24578.1,2025-08-28 15:01:00,SL,103.85,-4244.999999999999,103.14700775,-4348.147007749999
2025-09-01,2025-09-02,bear_call,2025-09-01 10:22:00,24500,75,24500,24900,86.4,23520.0,0.10759493670886076,0.12203389830508475,24512.05,2025-09-01 13:32:00,SL,134.95000000000002,-3641.250000000001,108.7974280925,-3750.047428092501
2025-08-29,2025-09-02,bull_put,2025-08-29 10:17:00,24500,75,24500,24100,81.95,23853.75,0.8734177215189873,0.9355932203389831,24483.25,2025-09-01 15:01:00,TIME,15.150000000000002,5010.0,105.29325707000001,4904.70674293
2025-09-02,2025-09-02,bear_call,2025-09-02 10:17:00,24750,75,24750,25150,31.600000000000005,27630.0,0.11392405063291139,0.1016949152542373,24726.1,2025-09-02 15:01:00,TIME,0.3,2347.5000000000005,97.901877695,2249.5981223050003
2025-09-03,2025-09-09,bear_call,2025-09-03 10:17:00,24600,75,24600,25000,111.4,21645.0,0.060759493670886074,0.14576271186440679,24591.35,2025-09-03 15:03:00,SL,156.0,-3344.9999999999995,116.61325059500001,-3461.6132505949995
2025-09-04,2025-09-09,bull_put,2025-09-04 10:20:00,24850,75,24850,24450,76.65,24251.25,0.9518987341772152,0.8101694915254237,24857.8,2025-09-04 14:23:00,SL,131.05,-4080.0000000000005,112.08084410000001,-4192.080844100001
2025-09-05,2025-09-09,bear_call,2025-09-05 10:22:00,24650,75,24650,25050,91.69999999999999,23122.5,0.043037974683544304,0.13559322033898305,24638.4,2025-09-05 13:47:00,SL,150.6,-4417.5,112.39121893999999,-4529.89121894
2025-09-05,2025-09-09,bull_put,2025-09-05 13:56:00,24750,75,24750,24350,64.55000000000001,25158.75,0.9354430379746835,0.8033898305084746,24752.9,2025-09-08 15:01:00,TIME,29.249999999999996,2647.500000000001,103.62458169499999,2543.875418305001
2025-09-08,2025-09-09,bear_call,2025-09-08 10:16:00,24800,75,24800,25200,69.10000000000001,24817.5,0.04810126582278481,0.020338983050847456,24793.85,2025-09-09 15:01:00,TIME,63.2,442.50000000000045,104.15860284499999,338.34139715500044
2025-09-09,2025-09-09,bull_put,2025-09-09 10:51:00,24850,75,24850,24450,49.10000000000001,26317.5,0.8240506329113924,0.8101694915254237,24829.15,2025-09-09 15:01:00,TIME,2.6499999999999995,3483.750000000001,99.9762327875,3383.773767212501
2025-09-10,2025-09-16,bull_put,2025-09-10 10:26:00,25050,75,25050,24650,96.9,22732.5,0.8734177215189873,0.8847457627118644,25025.05,2025-09-11 15:01:00,TIME,80.64999999999999,1218.7500000000011,112.10265277250001,1106.647347227501
2025-09-11,2025-09-16,bear_call,2025-09-11 10:46:00,25000,75,25000,25400,97.4,22695.0,0.09873417721518987,0.0576271186440678,24975.25,2025-09-12 10:42:00,SL,146.15,-3656.25,111.80881475749999,-3768.0588147575
2025-09-12,2025-09-16,bull_put,2025-09-12 10:22:00,25100,75,25100,24700,70.0,24750.0,0.8075949367088607,0.9254237288135593,25077.8,2025-09-15 15:01:00,TIME,41.74999999999999,2118.7500000000005,104.6264945975,2014.1235054025005
2025-09-15,2025-09-16,bear_call,2025-09-15 10:42:00,25100,75,25100,25500,55.4,25845.0,0.024050632911392405,0.05423728813559322,25085.75,2025-09-16 12:29:00,SL,108.3,-3967.5,104.19486240500001,-4071.694862405
2025-09-16,2025-09-16,bull_put,2025-09-16 11:12:00,25150,75,25150,24750,25.549999999999997,28083.75,0.8822784810126583,0.8779661016949153,25161.65,2025-09-16 15:01:00,TIME,0.24999999999999994,1897.4999999999998,97.321109435,1800.1788905649998
2025-09-17,2025-09-23,bear_call,2025-09-17 10:16:00,25300,75,25300,25700,126.25,20531.25,0.0670886075949367,0.08813559322033898,25311.85,2025-09-18 09:16:00,SL,171.60000000000002,-3401.250000000002,118.1580437225,-3519.408043722502
2025-09-18,2025-09-23,bull_put,2025-09-18 10:42:00,25400,75,25400,25000,48.5,26362.5,0.8518987341772152,0.9254237288135593,25422.15,2025-09-19 09:38:00,SL,103.25,-4106.25,105.9018166775,-4212.1518166775
2025-09-22,2025-09-23,bull_put,2025-09-22 11:41:00,25300,75,25300,24900,47.3,26452.5,0.8987341772151899,0.9254237288135593,25284.15,2025-09-22 14:45:00,SL,103.75,-4233.75,103.88098627250001,-4337.6309862725
2025-09-19,2025-09-23,bear_call,2025-09-19 10:17:00,25300,75,25300,25700,93.10000000000001,23017.5,0.10759493670886076,0.1864406779661017,25313.95,2025-09-22 15:01:00,TIME,26.1,5025.0,106.158027185,4918.841972815
2025-09-23,2025-09-23,bear_call,2025-09-23 10:19:00,25150,75,25150,25550,35.95,27303.75,0.04050632911392405,0.13220338983050847,25132.45,2025-09-23 12:37:00,SL,95.0,-4428.75,101.8483328825,-4530.5983328825
2025-09-23,2025-09-23,bear_call,2025-09-23 12:45:00,25200,75,25200,25600,32.25,27581.25,0.015189873417721518,0.13559322033898305,25184.85,2025-09-23 15:01:00,TIME,3.3,2171.25,98.0429703575,2073.2070296425
2025-09-24,2025-09-30,bull_put,2025-09-24 10:18:00,25100,75,25100,24700,71.69999999999999,24622.5,0.8493670886075949,0.8203389830508474,25106.6,2025-09-25 11:45:00,SL,121.85000000000002,-3761.2500000000027,110.1056430725,-3871.3556430725025
2025-09-26,2025-09-30,bull_put,2025-09-26 11:58:00,24750,75,24750,24350,49.900000000000006,26257.5,0.8354430379746836,0.8333333333333334,24773.3,2025-09-26 13:59:00,SL,112.19999999999999,-4672.499999999999,106.376622215,-4778.876622214999
2025-09-25,2025-09-30,bear_call,2025-09-25 10:36:00,25050,75,25050,25450,89.4,23295.0,0.08481012658227848,0.020338983050847456,25027.95,2025-09-26 15:01:00,TIME,9.2,6015.0,106.24777290499999,5908.752227095
2025-09-26,2025-09-30,bull_put,2025-09-26 14:10:00,24650,75,24650,24250,69.0,24825.0,0.8873417721518987,0.9184397163120568,24658.0,2025-09-29 15:01:00,TIME,45.449999999999996,1766.2500000000002,105.01325249749999,1661.2367475025003
2025-09-29,2025-09-30,bear_call,2025-09-29 10:29:00,24750,75,24750,25150,105.95,22053.75,0.12278481012658228,0.18305084745762712,24770.3,2025-09-30 15:01:00,TIME,0.2,7931.25,106.2673727525,7824.9826272475
2025-09-30,2025-09-30,bull_put,2025-09-30 10:19:00,24650,75,24650,24250,43.6,26730.0,0.8405063291139241,0.8033898305084746,24650.25,2025-09-30 15:01:00,TIME,19.65,1796.2500000000002,99.93163234250001,1696.3183676575002
2025-10-03,2025-10-07,bear_call,2025-10-03 10:17:00,24800,75,24800,25200,85.5,23587.5,0.11645569620253164,0.05423728813559322,24787.95,2025-10-03 14:53:00,SL,133.45000000000002,-3596.2500000000014,109.25845790749999,-3705.5084579075015
2025-10-01,2025-10-07,bull_put,2025-10-01 10:31:00,24650,75,24650,24250,75.89999999999999,24307.5,0.9227848101265823,0.9457627118644067,24674.8,2025-10-03 15:01:00,TIME,11.4,4837.499999999999,105.31416714500003,4732.185832854999
2025-10-06,2025-10-07,bear_call,2025-10-06 10:30:00,24950,75,24950,25350,69.15,24813.75,0.17974683544303796,0.17966101694915254,24966.3,2025-10-06 13:00:00,SL,120.75,-3869.9999999999995,106.26388635499998,-3976.2638863549996
2025-10-06,2025-10-07,bull_put,2025-10-06 13:10:00,25050,75,25050,24650,42.9,26782.5,0.8075949367088607,0.9186440677966101,25060.15,2025-10-07 15:01:00,TIME,0.25,3198.75,99.72646370750002,3099.0235362925
2025-10-07,2025-10-07,bear_call,2025-10-07 10:18:00,25200,75,25200,25600,38.45,27116.25,0.10759493670886076,0.1016949152542373,25178.85,2025-10-07 15:01:00,TIME,0.3,2861.2500000000005,98.60768002250002,2762.6423199775004
2025-10-08,2025-10-14,bear_call,2025-10-08 10:21:00,25150,75,25150,25550,102.5,22312.5,0.1379746835443038,0.1016949152542373,25131.8,2025-10-09 15:01:00,TIME,112.1,-719.9999999999995,111.50744852000001,-831.5074485199996
2025-10-09,2025-10-14,bull_put,2025-10-09 10:19:00,25050,75,25050,24650,72.60000000000001,24555.0,0.9088607594936708,0.9186440677966101,25043.7,2025-10-10 15:01:00,TIME,8.2,4830.0,104.473949045,4725.526050955
2025-10-10,2025-10-14,bear_call,2025-10-10 10:25:00,25300,75,25300,25700,97.2,22710.0,0.12784810126582277,0.12542372881355932,25277.5,2025-10-13 15:01:00,TIME,31.999999999999993,4890.000000000001,106.60147205000001,4783.398527950001
2025-10-13,2025-10-14,bull_put,2025-10-13 10:28:00,25200,75,25200,24800,62.05,25346.25,0.8316455696202532,0.8271186440677966,25195.85,2025-10-14 12:29:00,SL,115.55,-4012.5,105.84619860500001,-4118.346198605
2025-10-14,2025-10-14,bear_call,2025-10-14 10:18:00,25200,75,25200,25600,51.15,26163.75,0.10379746835443038,0.14576271186440679,25179.4,2025-10-14 15:01:00,TIME,0.6,3791.25,100.14628480249999,3691.1037151975
2025-10-16,2025-10-20,bear_call,2025-10-16 10:54:00,25450,75,25450,25850,112.7,21547.5,0.1962025316455696,0.15932203389830507,25456.15,2025-10-16 13:13:00,SL,158.00000000000003,-3397.500000000002,113.90375867,-3511.403758670002
2025-10-16,2025-10-20,bear_call,2025-10-16 13:18:00,25500,75,25500,25900,118.25,21131.25,0.11772151898734177,0.06779661016949153,25509.65,2025-10-16 14:36:00,SL,162.75000000000003,-3337.5000000000023,115.06921398499998,-3452.569213985002
2025-10-15,2025-10-20,bull_put,2025-10-15 10:16:00,25250,75,25250,24850,66.80000000000001,24990.0,0.9329113924050633,0.8677966101694915,25254.8,2025-10-16 15:01:00,TIME,10.75,4203.750000000001,104.96148361250002,4098.788516387501
2025-10-20,2025-10-20,bear_call,2025-10-20 10:31:00,25800,75,25800,26200,68.95,24828.75,0.039240506329113925,0.19661016949152543,25822.0,2025-10-20 13:03:00,SL,121.3,-3926.2499999999995,106.17734731249999,-4032.4273473124995
2025-10-17,2025-10-20,bull_put,2025-10-17 10:18:00,25700,75,25700,25300,77.85,24161.25,0.9405063291139241,0.8508474576271187,25683.95,2025-10-20 15:01:00,TIME,0.25,5820.0,104.50792272499999,5715.492077275
2025-10-20,2025-10-20,bear_call,2025-10-20 13:17:00,25900,75,25900,26300,28.2,27885.0,0.19367088607594937,0.1152542372881356,25888.1,2025-10-20 15:01:00,TIME,0.4,2085.0,97.52359101500001,1987.476408985
2025-10-21,2025-10-28,bear_call,2025-10-21 13:52:00,25900,75,25900,26300,129.59999999999997,20280.000000000004,0.015286624203821656,0.12542372881355932,25879.15,2025-10-23 09:16:00,SL,207.05,-5808.750000000004,124.74969128749999,-5933.499691287504
2025-10-23,2025-10-28,bull_put,2025-10-23 10:40:00,26100,75,26100,25700,80.75,23943.75,0.8343949044585988,0.8344827586206897,26080.55,2025-10-23 14:21:00,SL,130.85,-3757.4999999999995,113.81281673000002,-3871.3128167299997
2025-10-24,2025-10-28,bull_put,2025-10-24 10:34:00,25850,75,25850,25450,79.5,24037.5,0.8687898089171975,0.8813559322033898,25834.5,2025-10-24 13:40:00,SL,133.9,-4080.0000000000005,112.087815605,-4192.087815605
2025-10-24,2025-10-28,bear_call,2025-10-24 13:40:00,25750,75,25750,26150,91.65,23126.25,0.10191082802547771,0.0711864406779661,25736.0,2025-10-27 09:16:00,SL,175.4,-6281.25,114.18875837750001,-6395.4387583775
2025-10-27,2025-10-28,bear_call,2025-10-27 10:37:00,25950,75,25950,26350,117.7,21172.5,0.14936708860759493,0.1152542372881356,25951.0,2025-10-28 15:01:00,TIME,1.5,8715.0,108.00344922500001,8606.996550775
2025-10-28,2025-10-28,bull_put,2025-10-28 10:45:00,25900,75,25900,25500,58.45,25616.25,0.9443037974683545,0.888135593220339,25891.15,2025-10-28 15:01:00,TIME,12.450000000000001,3450.0,101.32279326499999,3348.677206735
2025-10-29,2025-11-04,bull_put,2025-10-29 10:24:00,26000,75,26000,25600,86.45,23516.25,0.910126582278481,0.8677966101694915,26015.55,2025-10-30 09:53:00,SL,134.95000000000002,-3637.500000000001,116.12978434999998,-3753.629784350001
2025-10-30,2025-11-04,bear_call,2025-10-30 10:20:00,25950,75,25950,26350,117.2,21210.0,0.04050632911392405,0.04406779661016949,25929.65,2025-10-31 15:01:00,TIME,40.849999999999994,5726.250000000001,112.6992871325,5613.550712867501
2025-10-31,2025-11-04,bull_put,2025-10-31 10:43:00,25800,75,25800,25400,75.75,24318.75,0.8721518987341772,0.8372881355932204,25806.35,2025-11-03 09:17:00,SL,137.05,-4597.500000000001,109.870863695,-4707.3708636950005
2025-11-04,2025-11-04,bull_put,2025-11-04 10:23:00,25700,75,25700,25300,50.6,26205.0,0.8772151898734177,0.8135593220338984,25693.6,2025-11-04 14:52:00,SL,103.35,-3956.2499999999995,103.4090528375,-4059.6590528374995
2025-11-03,2025-11-04,bear_call,2025-11-03 10:17:00,25700,75,25700,26100,100.7,22447.5,0.09367088607594937,0.09830508474576272,25704.55,2025-11-04 15:01:00,TIME,0.55,7511.25,106.4331625175,7404.8168374825
2025-11-06,2025-11-11,bear_call,2025-11-06 10:38:00,25550,75,25550,25950,108.85,21836.25,0.12025316455696203,0.19661016949152543,25525.25,2025-11-07 15:01:00,TIME,67.44999999999999,3105.0000000000005,111.28506503,2993.7149349700003
2025-11-07,2025-11-11,bull_put,2025-11-07 10:18:00,25350,75,25350,24950,72.75,24543.75,0.930379746835443,0.8372881355932204,25349.85,2025-11-10 15:01:00,TIME,4.8,5096.25,103.70027039749999,4992.5497296025
2025-11-10,2025-11-11,bear_call,2025-11-10 10:38:00,25600,75,25600,26000,79.6,24030.0,0.11518987341772152,0.12542372881355932,25605.1,2025-11-11 15:01:00,TIME,94.2,-1095.0000000000007,106.340947445,-1201.3409474450007
2025-11-11,2025-11-11,bull_put,2025-11-11 10:53:00,25450,75,25450,25050,30.299999999999997,27727.5,0.8037974683544303,0.8779661016949153,25470.25,2025-11-11 15:01:00,TIME,0.25,2253.75,97.7483506175,2156.0016493825
2025-11-12,2025-11-18,bear_call,2025-11-12 10:22:00,25850,75,25850,26250,131.89999999999998,20107.5,0.08987341772151898,0.15254237288135594,25836.85,2025-11-12 12:37:00,SL,173.15,-3093.7500000000023,122.3994546575,-3216.1494546575022
2025-11-12,2025-11-18,bear_call,2025-11-12 12:47:00,25900,75,25900,26300,145.2,19110.0,0.19240506329113924,0.11864406779661017,25915.3,2025-11-13 15:01:00,TIME,110.20000000000002,2624.9999999999977,119.89213337,2505.1078666299977
2025-11-13,2025-11-18,bull_put,2025-11-13 10:25:00,25900,75,25900,25500,79.5,24037.5,0.8088607594936709,0.9050847457627119,25913.2,2025-11-14 09:17:00,SL,135.05,-4166.250000000001,114.7195565225,-4280.969556522501
2025-11-14,2025-11-18,bull_put,2025-11-14 10:19:00,25800,75,25800,25400,91.8,23115.0,0.950632911392405,0.8745762711864407,25799.75,2025-11-17 15:01:00,TIME,9.250000000000002,6191.25,107.3754941525,6083.8745058475
2025-11-17,2025-11-18,bear_call,2025-11-17 10:28:00,25950,75,25950,26350,83.0,23775.0,0.04050632911392405,0.006779661016949152,25944.35,2025-11-18 15:01:00,TIME,1.5499999999999998,6108.75,103.70332754750001,6005.0466724525
2025-11-18,2025-11-18,bull_put,2025-11-18 10:20:00,25900,75,25900,25500,43.85,26711.25,0.859493670886076,0.9084745762711864,25908.15,2025-11-18 15:01:00,TIME,2.3,3116.2500000000005,99.3448474625,3016.9051525375003
2025-11-20,2025-11-25,bear_call,2025-11-20 10:58:00,26150,75,26150,26550,112.55,21558.75,0.15443037974683543,0.16610169491525423,26134.5,2025-11-20 13:50:00,SL,155.85000000000002,-3247.500000000002,116.86271174,-3364.362711740002
2025-11-19,2025-11-25,bull_put,2025-11-19 10:34:00,26000,75,26000,25600,112.89999999999999,21532.5,0.8734177215189873,0.8169491525423729,25976.1,2025-11-20 15:01:00,TIME,37.55,5651.25,113.2694330675,5537.9805669325
2025-11-20,2025-11-25,bear_call,2025-11-20 14:02:00,26200,75,26200,26600,133.6,19980.0,0.17341772151898735,0.09152542372881356,26217.25,2025-11-21 15:01:00,TIME,54.849999999999994,5906.25,113.6719682675,5792.5780317325
2025-11-21,2025-11-25,bull_put,2025-11-21 10:52:00,26100,75,26100,25700,96.95,22728.75,0.8569620253164557,0.8372881355932204,26075.95,2025-11-24 15:01:00,TIME,95.35,120.00000000000064,110.41597494499999,9.584025055000652
2025-11-24,2025-11-25,bear_call,2025-11-24 10:18:00,26100,75,26100,26500,93.75,22968.75,0.13544303797468354,0.1423728813559322,26112.6,2025-11-25 15:01:00,TIME,0.45000000000000007,6997.5,104.800150025,6892.699849975
2025-11-25,2025-11-25,bull_put,2025-11-25 11:16:00,25950,75,25950,25550,45.50000000000001,26587.5,0.9316455696202531,0.9355932203389831,25950.25,2025-11-25 15:01:00,TIME,65.85,-1526.249999999999,101.6037986975,-1627.853798697499
2025-11-26,2025-12-02,bull_put,2025-11-26 10:34:00,26100,75,26100,25700,97.0,22725.0,0.9113924050632911,0.8813559322033898,26083.5,2025-11-27 15:01:00,TIME,58.1,2917.5,111.18715602500001,2806.312843975
2025-11-27,2025-12-02,bear_call,2025-11-27 10:26:00,26250,75,26250,26650,132.5,20062.5,0.1848101265822785,0.18983050847457628,26274.8,2025-11-28 15:01:00,TIME,75.24999999999999,4293.750000000001,113.87985947749999,4179.870140522501
2025-11-28,2025-12-02,bull_put,2025-11-28 10:31:00,26250,75,26250,25850,77.85000000000001,24161.25,0.8936708860759494,0.8542372881355932,26241.0,2025-12-01 15:01:00,TIME,111.89999999999999,-2553.7499999999986,108.6068005775,-2662.3568005774987
2025-12-01,2025-12-02,bear_call,2025-12-01 10:17:00,26300,75,26300,26700,69.2,24810.0,0.15063291139240506,0.07457627118644068,26275.2,2025-12-02 15:01:00,TIME,0.25,5171.25,102.0286266725,5069.2213733275
2025-12-02,2025-12-02,bull_put,2025-12-02 10:21:00,26050,75,26050,25650,33.4,27495.0,0.8215189873417722,0.8542372881355932,26065.35,2025-12-02 15:01:00,TIME,42.15,-656.25,99.48812087749998,-755.7381208775
2025-12-03,2025-12-09,bull_put,2025-12-03 10:22:00,25950,75,25950,25550,102.7,22297.5,0.8645569620253165,0.8847457627118644,25931.4,2025-12-04 15:01:00,TIME,46.05,4248.75,110.67902819750002,4138.0709718025
2025-12-04,2025-12-09,bear_call,2025-12-04 10:50:00,26100,75,26100,26500,108.5,21862.5,0.15443037974683543,0.1152542372881356,26083.4,2025-12-05 12:35:00,SL,153.35,-3363.7499999999995,114.20944487749999,-3477.9594448774997
2025-12-05,2025-12-09,bull_put,2025-12-05 10:16:00,26100,75,26100,25700,65.7,25072.5,0.9253164556962026,0.8779661016949153,26086.05,2025-12-08 13:22:00,SL,116.5,-3810.0,106.767048695,-3916.767048695
2025-12-08,2025-12-09,bear_call,2025-12-08 10:34:00,26100,75,26100,26500,68.4,24870.0,0.13924050632911392,0.1152542372881356,26084.35,2025-12-09 15:01:00,TIME,0.2,5115.0,102.00483117499998,5012.995168825
2025-12-09,2025-12-09,bull_put,2025-12-09 10:17:00,25800,75,25800,25400,41.95,26853.75,0.9607594936708861,0.9593220338983051,25804.8,2025-12-09 15:01:00,TIME,0.45,3112.5,99.08159727499998,3013.418402725
2025-12-10,2025-12-16,bull_put,2025-12-10 10:16:00,25950,75,25950,25550,97.95,22653.75,0.8721518987341772,0.8542372881355932,25930.15,2025-12-10 11:00:00,SL,144.9,-3521.25,116.9356023875,-3638.1856023875
2025-12-10,2025-12-16,bull_put,2025-12-10 11:05:00,25850,75,25850,25450,95.0,22875.0,0.9037974683544304,0.823728813559322,25852.95,2025-12-11 09:39:00,SL,142.35,-3551.2499999999995,115.7707540625,-3667.0207540624997
2025-12-11,2025-12-16,bear_call,2025-12-11 10:23:00,25800,75,25800,26200,123.19999999999999,20760.0,0.06962025316455696,0.0576271186440678,25797.15,2025-12-11 12:21:00,SL,165.20000000000002,-3150.0000000000023,119.11299482,-3269.1129948200023
2025-12-11,2025-12-16,bull_put,2025-12-11 12:23:00,25900,75,25900,25500,83.8,23715.0,0.8620253164556962,0.8271186440677966,25890.1,2025-12-12 15:01:00,TIME,23.05,4556.25,106.5337186175,4449.7162813825
2025-12-12,2025-12-16,bear_call,2025-12-12 10:23:00,26000,75,26000,26400,82.10000000000001,23842.5,0.039240506329113925,0.010169491525423728,25976.0,2025-12-15 15:01:00,TIME,74.8,547.5000000000009,106.55892503,440.9410749700009
2025-12-15,2025-12-16,bull_put,2025-12-15 10:19:00,25950,75,25950,25550,58.6,25605.0,0.8531645569620253,0.8101694915254237,25971.15,2025-12-16 15:01:00,TIME,67.0,-629.9999999999999,103.33169412500001,-733.3316941249999
2025-12-16,2025-12-16,bear_call,2025-12-16 10:36:00,25900,75,25900,26300,41.9,26857.5,0.13037974683544304,0.14915254237288136,25905.8,2025-12-16 15:01:00,TIME,1.9999999999999998,2992.5,99.107055335,2893.392944665
2025-12-17,2025-12-23,bear_call,2025-12-17 10:25:00,25850,75,25850,26250,109.7,21772.5,0.035443037974683546,0.12203389830508475,25826.4,2025-12-18 15:01:00,TIME,81.85,2088.7500000000005,112.0575119375,1976.6924880625004
2025-12-18,2025-12-23,bull_put,2025-12-18 10:18:00,25800,75,25800,25400,75.45,24341.25,0.9645569620253165,0.9661016949152542,25811.75,2025-12-19 15:01:00,TIME,19.799999999999997,4173.75,105.0933352175,4068.6566647825002
2025-12-19,2025-12-23,bear_call,2025-12-19 10:58:00,25950,75,25950,26350,90.4,23220.0,0.10632911392405063,0.0711864406779661,25961.8,2025-12-22 09:16:00,SL,170.45000000000002,-6003.750000000001,111.2907412025,-6115.040741202501
2025-12-22,2025-12-23,bear_call,2025-12-22 10:31:00,26100,75,26100,26500,76.4,24270.0,0.19873417721518988,0.18305084745762712,26122.55,2025-12-23 15:01:00,TIME,97.7,-1597.4999999999998,106.02751989500001,-1703.5275198949998
2025-12-23,2025-12-23,bull_put,2025-12-23 10:42:00,26200,75,26200,25800,48.2,26385.0,0.8772151898734177,0.847457627118644,26176.55,2025-12-23 15:01:00,TIME,8.05,3011.2500000000005,99.97015844750001,2911.2798415525003
2025-12-24,2025-12-30,bear_call,2025-12-24 10:39:00,26200,75,26200,26600,112.4,21570.0,0.1,0.07796610169491526,26221.8,2025-12-26 15:01:00,TIME,19.3,6982.500000000001,108.31348505,6874.186514950001
2025-12-26,2025-12-30,bull_put,2025-12-26 10:30:00,26100,75,26100,25700,64.9,25132.5,0.8949367088607595,0.976271186440678,26091.75,2025-12-29 11:07:00,SL,117.69999999999999,-3959.9999999999986,106.178407325,-4066.1784073249987
2025-12-29,2025-12-30,bear_call,2025-12-29 10:17:00,26050,75,26050,26450,43.0,26775.0,0.12531645569620253,0.1288135593220339,26029.3,2025-12-30 15:01:00,TIME,0.24999999999999994,3206.25,99.2490673625,3107.0009326375002
2025-12-30,2025-12-30,bull_put,2025-12-30 10:21:00,25950,75,25950,25550,30.3,27727.5,0.9316455696202531,0.8067796610169492,25962.75,2025-12-30 15:01:00,TIME,19.8,787.5,98.414091605,689.085908395
2025-12-31,2026-01-06,bull_put,2025-12-31 10:16:00,26000,65,26000,25600,69.85,21459.75,0.8835443037974684,0.8338983050847457,26004.05,2026-01-01 15:01:00,TIME,22.1,3103.7499999999995,102.85660638550002,3000.8933936144995
2026-01-01,2026-01-06,bear_call,2026-01-01 10:41:00,26150,65,26150,26550,89.45,20185.75,0.039240506329113925,0.13559322033898305,26152.7,2026-01-02 09:44:00,SL,138.70000000000002,-3201.250000000001,107.7910006243,-3309.041000624301
2026-01-02,2026-01-06,bear_call,2026-01-02 10:22:00,26250,65,26250,26650,85.85000000000001,20419.75,0.12151898734177215,0.1694915254237288,26252.3,2026-01-05 10:19:00,SL,135.8,-3246.75,106.9000976945,-3353.6500976945
2026-01-05,2026-01-06,bull_put,2026-01-05 10:19:00,26350,65,26350,25950,46.45,22980.75,0.9632911392405064,0.911864406779661,26358.15,2026-01-05 13:50:00,SL,102.2,-3623.75,102.5845445305,-3726.3345445305
2026-01-06,2026-01-06,bull_put,2026-01-06 10:33:00,26250,65,26250,25850,42.00000000000001,23270.0,0.8088607594936709,0.8135593220338984,26232.05,2026-01-06 11:18:00,SL,95.35,-3467.749999999999,101.1859636065,-3568.935963606499
2026-01-05,2026-01-06,bear_call,2026-01-05 13:50:00,26250,65,26250,26650,57.400000000000006,22269.0,0.010126582278481013,0.061016949152542375,26269.95,2026-01-06 15:01:00,TIME,0.3,3711.5000000000005,99.873595868,3611.6264041320005
2026-01-06,2026-01-06,bull_put,2026-01-06 11:27:00,26150,65,26150,25750,23.9,24446.5,0.9582278481012658,0.8372881355932204,26161.55,2026-01-06 15:01:00,TIME,0.55,1517.7499999999998,96.6798323405,1421.0701676594997
2026-01-07,2026-01-13,bull_put,2026-01-07 10:16:00,26200,65,26200,25800,86.3,20390.5,0.9759493670886076,1.0,26183.8,2026-01-08 09:27:00,SL,137.70000000000002,-3341.0000000000014,109.231902033,-3450.2319020330015
2026-01-09,2026-01-13,bull_put,2026-01-09 10:23:00,25900,65,25900,25500,76.25,21043.75,0.8848101265822785,0.9186440677966101,25875.2,2026-01-09 11:36:00,SL,126.40000000000002,-3259.7500000000014,108.2713620825,-3368.0213620825016
2026-01-09,2026-01-13,bull_put,2026-01-09 12:04:00,25750,65,25750,25350,61.21,22021.350000000002,0.8860759493670886,0.864406779661017,25752.05,2026-01-09 14:42:00,SL,122.61000000000001,-3991.000000000001,106.72220816580001,-4097.722208165801
2026-01-08,2026-01-13,bear_call,2026-01-08 10:20:00,26050,65,26050,26450,90.8,20098.0,0.03164556962025317,0.010169491525423728,26037.15,2026-01-09 15:01:00,TIME,8.15,5372.249999999999,104.27705334849999,5267.972946651499
2026-01-12,2026-01-13,bear_call,2026-01-12 10:17:00,25550,65,25550,25950,88.5,20247.5,0.08987341772151898,0.06440677966101695,25550.4,2026-01-12 12:22:00,SL,160.55,-4683.250000000001,109.4660595345,-4792.716059534501
2026-01-13,2026-01-13,bear_call,2026-01-13 10:17:00,25750,65,25750,26150,47.050000000000004,22941.75,0.17088607594936708,0.14576271186440679,25739.15,2026-01-13 10:32:00,SL,105.14999999999999,-3776.499999999999,102.34430657799999,-3878.8443065779993
2026-01-12,2026-01-13,bull_put,2026-01-12 12:28:00,25700,65,25700,25300,79.6,20826.0,0.9721518987341772,0.8542372881355932,25675.3,2026-01-13 15:01:00,TIME,0.65,5131.749999999999,102.8613870835,5028.888612916499
2026-01-13,2026-01-13,bear_call,2026-01-13 10:36:00,25800,65,25800,26200,39.85,23409.75,0.11518987341772152,0.0711864406779661,25783.95,2026-01-13 15:01:00,TIME,0.8500000000000001,2535.0,98.27585829799999,2436.724141702
2026-01-14,2026-01-20,bear_call,2026-01-14 10:19:00,25700,65,25700,26100,111.89999999999999,18726.5,0.09240506329113925,0.15254237288135594,25678.3,2026-01-14 11:31:00,SL,155.25,-2817.7500000000005,115.55483815250001,-2933.3048381525005
2026-01-14,2026-01-20,bull_put,2026-01-14 11:50:00,25800,65,25800,25400,96.30000000000001,19740.5,0.8886075949367088,0.8677966101694915,25784.75,2026-01-14 13:38:00,SL,143.65,-3077.7499999999995,114.48619067649997,-3192.2361906764995
2026-01-14,2026-01-20,bear_call,2026-01-14 13:38:00,25700,65,25700,26100,102.60000000000001,19331.0,0.1189873417721519,0.013559322033898305,25684.75,2026-01-16 10:09:00,SL,147.05,-2889.25,111.96748170450002,-3001.2174817045
2026-01-16,2026-01-20,bull_put,2026-01-16 10:29:00,25850,65,25850,25450,74.05,21186.75,0.8734177215189873,0.8406779661016949,25860.9,2026-01-16 12:29:00,SL,126.35000000000001,-3399.500000000001,108.68392002699998,-3508.183920027001
2026-01-16,2026-01-20,bear_call,2026-01-16 12:52:00,25750,65,25750,26150,103.3,19285.5,0.12784810126582277,0.0711864406779661,25740.45,2026-01-19 15:01:00,TIME,21.0,5349.5,105.93662458,5243.56337542
2026-01-19,2026-01-20,bull_put,2026-01-19 10:21:00,25550,65,25550,25150,77.50000000000001,20962.5,0.8367088607594937,0.8847457627118644,25544.95,2026-01-20 09:55:00,SL,129.74,-3395.5999999999995,106.28352385740001,-3501.8835238573993
2026-01-20,2026-01-20,bear_call,2026-01-20 10:16:00,25450,65,25450,25850,63.09,21899.149999999998,0.14177215189873418,0.12203389830508475,25468.6,2026-01-20 15:01:00,TIME,0.25000000000000006,4084.6000000000004,100.54636580740001,3984.0536341926004
2026-01-21,2026-01-27,bear_call,2026-01-21 10:23:00,25100,65,25100,25500,152.75,16071.25,0.0379746835443038,0.1694915254237288,25124.35,2026-01-21 12:38:00,SL,195.0,-2746.25,126.6463225825,-2872.8963225825
2026-01-21,2026-01-27,bull_put,2026-01-21 12:46:00,25250,65,25250,24850,93.80000000000001,19903.0,0.9632911392405064,0.9186440677966101,25260.15,2026-01-21 14:27:00,SL,141.5,-3100.499999999999,120.695366071,-3221.195366070999
2026-01-22,2026-01-27,bull_put,2026-01-22 10:16:00,25400,65,25400,25000,91.5,20052.5,0.859493670886076,0.8440677966101695,25384.2,2026-01-22 10:31:00,SL,140.95,-3214.249999999999,116.28695721550001,-3330.536957215499
2026-01-22,2026-01-27,bull_put,2026-01-22 10:35:00,25300,65,25300,24900,90.0,20150.0,0.8734177215189873,0.9457627118644067,25310.85,2026-01-22 11:13:00,SL,137.40000000000003,-3081.0000000000023,115.913540568,-3196.913540568002
2026-01-22,2026-01-27,bull_put,2026-01-22 11:22:00,25250,65,25250,24850,101.6,19396.0,0.8493670886075949,0.8677966101694915,25239.4,2026-01-23 13:31:00,SL,156.35,-3558.75,115.98090938249999,-3674.7309093825
2026-01-23,2026-01-27,bear_call,2026-01-23 10:19:00,25250,65,25250,25650,115.59999999999998,18486.000000000004,0.07215189873417721,0.0576271186440678,25254.25,2026-01-27 15:01:00,TIME,0.55,7478.249999999999,106.59144514249999,7371.658554857499
2026-01-27,2026-01-27,bull_put,2026-01-27 11:05:00,25000,65,25000,24600,68.8,21528.0,0.9139240506329114,0.8542372881355932,25011.05,2026-01-27 15:01:00,TIME,0.9000000000000001,4413.499999999999,101.047857866,4312.452142133999
2026-01-29,2026-02-03,bear_call,2026-01-29 10:21:00,25200,65,25200,25600,145.5,16542.5,0.16455696202531644,0.09491525423728814,25198.3,2026-01-29 12:49:00,SL,183.85,-2492.7499999999995,131.8143158675,-2624.5643158674993
2026-01-28,2026-02-03,bull_put,2026-01-28 10:24:00,25300,65,25300,24900,132.10000000000002,17413.5,0.9367088607594937,0.9288135593220339,25276.1,2026-01-29 15:01:00,TIME,81.8,3269.500000000002,125.325518676,3144.174481324002
2026-01-29,2026-02-03,bear_call,2026-01-29 13:14:00,25350,65,25350,25750,145.6,16536.0,0.12531645569620253,0.09830508474576272,25349.45,2026-01-30 15:01:00,TIME,132.0,883.9999999999997,126.02343627299999,757.9765637269996
2026-01-30,2026-02-03,bull_put,2026-01-30 10:33:00,25300,65,25300,24900,129.1,17608.5,0.920253164556962,0.8271186440677966,25297.55,2026-02-01 12:20:00,SL,198.85000000000002,-4533.750000000002,132.9270367755,-4666.677036775502
2026-02-02,2026-02-03,bull_put,2026-02-02 10:28:00,24850,65,24850,24450,102.45,19340.75,0.9544303797468354,0.9389830508474576,24848.25,2026-02-02 11:02:00,SL,154.75,-3399.5,117.384358267,-3516.884358267
2026-02-01,2026-02-03,bear_call,2026-02-01 10:32:00,25350,65,25350,25750,137.0,17095.0,0.18227848101265823,0.10847457627118644,25355.9,2026-02-02 15:01:00,TIME,13.05,8056.75,116.13435918549999,7940.6156408145
2026-02-02,2026-02-03,bull_put,2026-02-02 11:29:00,24700,65,24700,24300,96.95,19698.25,0.9126582278481012,0.9084745762711864,24717.2,2026-02-03 15:01:00,TIME,0.10000000000000002,6295.250000000001,105.6551718825,6189.594828117501
2026-02-03,2026-02-03,bear_call,2026-02-03 12:26:00,25800,65,25800,26200,65.39999999999999,21749.0,0.19367088607594937,0.13220338983050847,25804.0,2026-02-03 15:01:00,TIME,3.25,4039.7499999999995,100.99649149249998,3938.7535085074996
2026-02-04,2026-02-10,bear_call,2026-02-04 10:20:00,25750,65,25750,26150,137.05,17091.75,0.1189873417721519,0.10847457627118644,25757.35,2026-02-05 15:01:00,TIME,81.39999999999999,3617.2500000000014,117.0203130985,3500.2296869015013
2026-02-05,2026-02-10,bull_put,2026-02-05 10:21:00,25700,65,25700,25300,111.5,18752.5,0.8734177215189873,0.9559322033898305,25683.55,2026-02-06 09:36:00,SL,157.45000000000002,-2986.750000000001,117.0256596995,-3103.775659699501
2026-02-06,2026-02-10,bull_put,2026-02-06 10:19:00,25550,65,25550,25150,90.30000000000001,20130.5,0.9924050632911392,0.9932203389830508,25551.7,2026-02-09 15:01:00,TIME,6.6000000000000005,5440.500000000001,105.63032526200001,5334.869674738001
2026-02-09,2026-02-10,bear_call,2026-02-09 11:31:00,25850,65,25850,26250,78.45,20900.75,0.17974683544303796,0.12542372881355932,25851.4,2026-02-10 10:34:00,SL,128.75,-3269.5,106.16704841,-3375.66704841
2026-02-10,2026-02-10,bull_put,2026-02-10 10:17:00,25950,65,25950,25550,34.4,23764.0,0.8924050632911392,0.9627118644067797,25963.65,2026-02-10 15:01:00,TIME,14.150000000000002,1316.2499999999998,98.4007381115,1217.8492618884998
2026-02-11,2026-02-17,bull_put,2026-02-11 10:19:00,25950,65,25950,25550,85.55,20439.25,0.9987341772151899,0.9050847457627119,25948.5,2026-02-12 09:31:00,SL,135.15,-3224.0000000000005,112.792990213,-3336.7929902130004
2026-02-12,2026-02-17,bear_call,2026-02-12 10:26:00,25850,65,25850,26250,117.39999999999999,18369.0,0.0620253164556962,0.03728813559322034,25861.85,2026-02-13 15:01:00,TIME,13.750000000000002,6737.249999999999,108.58842883249999,6628.6615711674995
2026-02-13,2026-02-17,bull_put,2026-02-13 10:31:00,25550,65,25550,25150,75.55,21089.25,0.9354430379746835,0.8338983050847457,25556.35,2026-02-13 15:27:00,SL,141.25000000000003,-4270.500000000002,111.469771628,-4381.969771628002
2026-02-16,2026-02-17,bear_call,2026-02-16 10:25:00,25550,65,25550,25950,74.5,21157.5,0.05189873417721519,0.13559322033898305,25526.8,2026-02-16 14:33:00,SL,124.9,-3276.0000000000005,107.444793762,-3383.4447937620002
2026-02-17,2026-02-17,bull_put,2026-02-17 10:20:00,25700,65,25700,25300,52.800000000000004,22568.0,0.8037974683544303,0.8745762711864407,25690.7,2026-02-17 15:01:00,TIME,1.4500000000000002,3337.75,99.59867656749998,3238.1513234325002
2026-02-18,2026-02-24,bear_call,2026-02-18 10:18:00,25650,65,25650,26050,123.74999999999999,17956.25,0.053164556962025315,0.07457627118644068,25650.5,2026-02-18 13:24:00,SL,167.9,-2869.7500000000014,117.89807078449999,-2987.648070784501
2026-02-18,2026-02-24,bear_call,2026-02-18 13:26:00,25750,65,25750,26150,110.6,18811.0,0.17848101265822786,0.013559322033898305,25736.05,2026-02-18 15:01:00,SL,157.70000000000002,-3061.5000000000014,115.02878636,-3176.5287863600015
2026-02-19,2026-02-24,bear_call,2026-02-19 10:28:00,25750,65,25750,26150,108.15,18970.25,0.15316455696202533,0.0711864406779661,25738.6,2026-02-20 15:01:00,TIME,64.75,2821.0000000000005,109.700970126,2711.2990298740006
2026-02-20,2026-02-24,bull_put,2026-02-20 10:17:00,25500,65,25500,25100,87.15,20335.25,0.9329113924050633,0.9084745762711864,25517.6,2026-02-23 15:01:00,TIME,21.7,4254.25,108.0669165555,4146.1830834445
2026-02-24,2026-02-24,bull_put,2026-02-24 10:20:00,25500,65,25500,25100,56.45,22330.75,0.8405063291139241,0.8440677966101695,25500.3,2026-02-24 12:48:00,SL,112.15,-3620.5,103.23563266299999,-3723.735632663
2026-02-23,2026-02-24,bear_call,2026-02-23 10:28:00,25700,65,25700,26100,99.00000000000001,19565.0,0.14050632911392405,0.10847457627118644,25709.35,2026-02-24 15:01:00,TIME,0.19999999999999996,6422.000000000001,104.414600882,6317.585399118001
2026-02-24,2026-02-24,bull_put,2026-02-24 12:56:00,25400,65,25400,25000,34.7,23744.5,0.8670886075949367,0.8949152542372881,25406.45,2026-02-24 15:01:00,TIME,4.5,1963.0000000000002,97.88968281999999,1865.1103171800003
2026-02-25,2026-03-02,bull_put,2026-02-25 10:17:00,25650,65,25650,25250,89.35,20192.25,0.9481012658227848,0.9016949152542373,25644.7,2026-02-25 12:35:00,SL,139.90000000000003,-3285.7500000000027,116.9410644095,-3402.691064409503
2026-02-26,2026-03-02,bull_put,2026-02-26 10:50:00,25550,65,25550,25150,88.15,20270.25,0.8746835443037975,0.9152542372881356,25548.15,2026-02-26 12:21:00,SL,140.7,-3415.749999999999,114.98083551549999,-3530.730835515499
2026-02-25,2026-03-02,bear_call,2026-02-25 12:44:00,25500,65,25500,25900,135.54999999999998,17189.250000000004,0.1189873417721519,0.11186440677966102,25514.4,2026-02-26 15:01:00,TIME,113.45000000000002,1436.4999999999977,115.63940389999999,1320.8605960999978
2026-02-26,2026-03-02,bull_put,2026-02-26 12:28:00,25450,65,25450,25050,102.35,19347.25,0.9417721518987342,0.847457627118644,25436.65,2026-02-27 10:06:00,SL,149.40000000000003,-3058.2500000000027,115.48048944950001,-3173.730489449503
2026-03-02,2026-03-02,bull_put,2026-03-02 10:59:00,24850,65,24850,24450,63.849999999999994,21849.75,0.9632911392405064,0.8101694915254237,24855.9,2026-03-02 12:15:00,SL,130.25000000000003,-4316.000000000002,105.01904698400001,-4421.019046984002
2026-03-02,2026-03-02,bull_put,2026-03-02 13:34:00,24700,65,24700,24300,58.65,22187.75,0.8632911392405064,0.9593220338983051,24689.65,2026-03-02 13:57:00,SL,117.15,-3802.5000000000005,103.65488822699999,-3906.1548882270004
2026-02-27,2026-03-02,bear_call,2026-02-27 10:17:00,25300,65,25300,25700,105.9,19116.5,0.09240506329113925,0.06440677966101695,25309.55,2026-03-02 15:01:00,TIME,0.25,6867.25,105.92050794049999,6761.3294920595
2026-03-02,2026-03-02,bull_put,2026-03-02 14:03:00,24600,65,24600,24200,43.7,23159.5,0.8202531645569621,0.9423728813559322,24622.0,2026-03-02 15:01:00,TIME,0.6000000000000001,2801.5,98.616579783,2702.883420217
2026-03-04,2026-03-10,bear_call,2026-03-04 10:20:00,24400,65,24400,24800,187.64999999999998,13802.750000000002,0.09240506329113925,0.1864406779661017,24387.0,2026-03-04 14:14:00,SL,224.25,-2379.0000000000014,156.89834948499998,-2535.8983494850013
2026-03-05,2026-03-10,bear_call,2026-03-05 10:23:00,24600,65,24600,25000,157.85,15739.75,0.17341772151898735,0.10508474576271186,24582.7,2026-03-05 14:41:00,SL,220.5,-4072.2500000000005,134.6130212575,-4206.863021257501
2026-03-06,2026-03-10,bear_call,2026-03-06 10:31:00,24650,65,24650,25050,150.3,16230.5,0.03417721518987342,0.03728813559322034,24634.8,2026-03-09 15:01:00,TIME,14.049999999999999,8856.25,115.8272900205,8740.4227099795
2026-03-10,2026-03-10,bear_call,2026-03-10 10:23:00,24150,65,24150,24550,86.85,20354.75,0.020253164556962026,0.05423728813559322,24164.0,2026-03-10 14:09:00,SL,139.5,-3422.2500000000005,107.09291086049998,-3529.3429108605005
2026-03-09,2026-03-10,bull_put,2026-03-09 10:38:00,23800,65,23800,23400,122.69999999999997,18024.5,0.8734177215189873,0.864406779661017,23775.15,2026-03-10 15:01:00,TIME,0.15000000000000002,7965.749999999998,116.38023879349998,7849.369761206498
2026-03-11,2026-03-17,bear_call,2026-03-11 10:36:00,24100,65,24100,24500,175.60000000000002,14585.999999999998,0.04177215189873418,0.030508474576271188,24097.4,2026-03-12 15:01:00,TIME,53.3,7949.500000000002,128.87621652800001,7820.623783472001
2026-03-12,2026-03-17,bull_put,2026-03-12 10:22:00,23600,65,23600,23200,127.1,17738.5,0.9050632911392406,0.8915254237288136,23623.6,2026-03-13 09:16:00,SL,170.95000000000005,-2850.250000000003,144.2082280475,-2994.4582280475033
2026-03-13,2026-03-17,bull_put,2026-03-13 10:29:00,23350,65,23350,22950,132.0,17420.0,0.9405063291139241,0.9355932203389831,23346.5,2026-03-13 13:09:00,SL,171.70000000000005,-2580.5000000000027,142.565738309,-2723.065738309003
2026-03-13,2026-03-17,bear_call,2026-03-13 13:09:00,23200,65,23200,23600,160.3,15580.5,0.14050632911392405,0.0711864406779661,23200.6,2026-03-16 14:37:00,SL,197.1,-2391.999999999999,134.573003611,-2526.573003610999
2026-03-16,2026-03-17,bull_put,2026-03-16 11:00:00,23050,65,23050,22650,123.4,17979.0,0.9759493670886076,0.888135593220339,23032.25,2026-03-17 15:01:00,TIME,0.09999999999999998,8014.500000000001,112.757553045,7901.742446955001
2026-03-17,2026-03-17,bear_call,2026-03-17 10:28:00,23550,65,23550,23950,55.150000000000006,22415.25,0.0620253164556962,0.1152542372881356,23533.2,2026-03-17 15:01:00,TIME,79.1,-1556.7499999999993,101.96174933150002,-1658.7117493314993
2026-03-18,2026-03-24,bull_put,2026-03-18 10:16:00,23650,65,23650,23250,116.69999999999997,18414.5,0.8683544303797468,0.8169491525423729,23673.75,2026-03-19 09:16:00,SL,209.00000000000003,-5999.500000000004,147.511397612,-6147.011397612004
2026-03-19,2026-03-24,bull_put,2026-03-19 10:23:00,23250,65,23250,22850,133.7,17309.5,0.8822784810126583,0.8033898305084746,23246.8,2026-03-19 14:43:00,SL,174.85000000000002,-2674.7500000000023,146.6920080345,-2821.442008034502
2026-03-20,2026-03-24,bear_call,2026-03-20 10:18:00,23200,65,23200,23600,169.14999999999998,15005.250000000002,0.11392405063291139,0.08135593220338982,23224.95,2026-03-23 15:01:00,TIME,15.5,9987.249999999998,122.9676153815,9864.282384618498
2026-03-24,2026-03-24,bear_call,2026-03-24 10:31:00,22700,65,22700,23100,91.85000000000001,20029.75,0.0620253164556962,0.18983050847457628,22721.55,2026-03-24 11:57:00,SL,154.15,-4049.5,108.76139814199998,-4158.261398142
2026-03-24,2026-03-24,bear_call,2026-03-24 12:06:00,22750,65,22750,23150,78.2,20917.0,0.05063291139240506,0.1694915254237288,22769.5,2026-03-24 12:24:00,SL,131.05,-3435.2500000000005,106.32531751449999,-3541.5753175145005
2026-03-23,2026-03-24,bull_put,2026-03-23 10:37:00,22600,65,22600,22200,141.05,16831.75,0.9189873417721519,0.8542372881355932,22575.75,2026-03-24 15:01:00,TIME,0.3,9148.75,119.5097475265,9029.2402524735
2026-03-24,2026-03-24,bear_call,2026-03-24 12:58:00,22950,65,22950,23350,84.65,20497.75,0.008860759493670886,0.18983050847457628,22955.1,2026-03-24 15:01:00,TIME,1.7000000000000002,5391.75,102.79414401150001,5288.9558559885
2026-03-25,2026-03-30,bear_call,2026-03-25 10:24:00,23300,65,23300,23700,168.85,15024.75,0.19240506329113924,0.17288135593220338,23288.1,2026-03-25 11:08:00,SL,205.50000000000003,-2382.2500000000023,149.38358229649998,-2531.633582296502
2026-03-25,2026-03-30,bull_put,2026-03-25 11:08:00,23400,65,23400,23000,129.64999999999998,17572.75,0.8835443037974684,0.9389830508474576,23418.65,2026-03-27 09:16:00,SL,206.55,-4998.500000000002,156.84837012700004,-5155.3483701270015
2026-03-27,2026-03-30,bull_put,2026-03-27 10:24:00,23000,65,23000,22600,133.7,17309.5,0.810126582278481,0.8711864406779661,22996.0,2026-03-27 14:35:00,SL,175.7,-2730.0,139.278902237,-2869.278902237
2026-03-30,2026-03-30,bull_put,2026-03-30 10:39:00,22550,65,22550,22150,91.80000000000001,20033.0,0.9139240506329114,0.8406779661016949,22546.3,2026-03-30 13:55:00,SL,138.35000000000002,-3025.750000000001,107.72627724350002,-3133.476277243501
2026-03-30,2026-03-30,bull_put,2026-03-30 14:02:00,22450,65,22450,22050,48.1,22873.5,0.9063291139240506,0.8779661016949153,22447.8,2026-03-30 15:01:00,SL,128.55,-5229.250000000001,102.68800479650001,-5331.9380047965005
2026-04-01,2026-04-07,bear_call,2026-04-01 10:25:00,22850,65,22850,23250,169.75,14966.25,0.030379746835443037,0.18983050847457628,22828.35,2026-04-02 15:01:00,TIME,125.75000000000001,2859.999999999999,139.04761236,2720.952387639999
2026-04-06,2026-04-07,bear_call,2026-04-06 10:19:00,22600,65,22600,23000,153.45,16025.75,0.1620253164556962,0.11864406779661017,22619.85,2026-04-06 12:50:00,SL,195.15000000000003,-2710.5000000000027,134.7750074,-2845.275007400003
2026-04-06,2026-04-07,bear_call,2026-04-06 13:05:00,22750,65,22750,23150,151.6,16146.0,0.08227848101265822,0.17627118644067796,22767.4,2026-04-06 13:17:00,SL,190.14999999999998,-2505.749999999999,132.2611586925,-2638.011158692499
2026-04-02,2026-04-07,bull_put,2026-04-02 10:29:00,22200,65,22200,21800,140.09999999999997,16893.500000000004,0.859493670886076,0.8169491525423729,22216.75,2026-04-06 15:01:00,TIME,14.250000000000002,8180.249999999998,126.91875521050001,8053.331244789498
2026-04-06,2026-04-07,bear_call,2026-04-06 13:30:00,22850,65,22850,23250,151.64999999999998,16142.750000000002,0.1670886075949367,0.17288135593220338,22860.2,2026-04-06 15:12:00,SL,189.55,-2463.5000000000023,130.32103035300003,-2593.8210303530022
2026-04-07,2026-04-07,bull_put,2026-04-07 10:18:00,22950,65,22950,22550,87.7,20299.5,0.9037974683544304,0.8610169491525423,22949.35,2026-04-07 10:59:00,SL,141.8,-3516.5000000000005,108.536545462,-3625.0365454620005
2026-04-07,2026-04-07,bull_put,2026-04-07 11:19:00,22900,65,22900,22500,85.35,20452.25,0.8582278481012658,0.8779661016949153,22887.15,2026-04-07 15:01:00,TIME,0.24999999999999994,5531.5,102.80452403700001,5428.695475963
2026-04-08,2026-04-13,bull_put,2026-04-08 10:21:00,23900,65,23900,23500,132.64999999999998,17377.75,0.8316455696202532,0.8338983050847457,23902.0,2026-04-09 14:24:00,SL,172.75,-2606.5000000000014,136.583660961,-2743.0836609610014
2026-04-09,2026-04-13,bear_call,2026-04-09 10:17:00,23850,65,23850,24250,144.0,16640.0,0.1468354430379747,0.19661016949152543,23828.45,2026-04-10 09:55:00,SL,183.45000000000002,-2564.250000000001,127.34483165350001,-2691.594831653501
2026-04-10,2026-04-13,bull_put,2026-04-10 10:20:00,24000,65,24000,23600,108.25,18963.75,0.8379746835443038,0.8067796610169492,24014.15,2026-04-13 09:16:00,SL,281.95,-11290.5,126.23932039600001,-11416.739320396
2026-04-13,2026-04-13,bear_call,2026-04-13 10:16:00,23650,65,23650,24050,59.75,22116.25,0.0670886075949367,0.1152542372881356,23646.15,2026-04-13 10:28:00,SL,111.75,-3380.0,103.763129191,-3483.763129191
2026-04-13,2026-04-13,bear_call,2026-04-13 10:43:00,23700,65,23700,24100,64.95,21778.25,0.12658227848101267,0.17627118644067796,23700.85,2026-04-13 11:51:00,SL,123.89999999999999,-3831.749999999999,104.5560605835,-3936.306060583499
2026-04-13,2026-04-13,bull_put,2026-04-13 11:51:00,23800,65,23800,23400,61.35,22012.25,0.9658227848101266,0.9525423728813559,23797.15,2026-04-13 15:01:00,TIME,3.9499999999999997,3731.0,100.487250468,3630.512749532
2026-04-16,2026-04-21,bull_put,2026-04-16 10:19:00,24300,65,24300,23900,123.89999999999999,17946.5,0.8696202531645569,0.8847457627118644,24323.4,2026-04-16 12:01:00,SL,170.39999999999998,-3022.499999999999,131.040798597,-3153.540798596999
2026-04-15,2026-04-21,bear_call,2026-04-15 10:37:00,24250,65,24250,24650,160.05,15596.75,0.15949367088607594,0.16610169491525423,24248.55,2026-04-16 15:01:00,TIME,125.7,2232.7500000000005,125.05531080950001,2107.6946891905004
2026-04-16,2026-04-21,bull_put,2026-04-16 12:11:00,24200,65,24200,23800,137.45,17065.75,0.9164556962025316,0.8576271186440678,24178.95,2026-04-17 15:01:00,TIME,76.65,3951.999999999999,121.42715147599999,3830.5728485239993
2026-04-17,2026-04-21,bear_call,2026-04-17 10:32:00,24300,65,24300,24700,132.04999999999998,17416.750000000004,0.15443037974683543,0.13559322033898305,24282.9,2026-04-20 10:31:00,SL,173.15,-2671.5000000000014,119.815876291,-2791.3158762910016
2026-04-20,2026-04-21,bull_put,2026-04-20 10:18:00,24400,65,24400,24000,112.5,18687.5,0.9658227848101266,0.9322033898305084,24396.1,2026-04-21 15:01:00,TIME,0.3,7293.0,108.47430242399999,7184.525697576
2026-04-21,2026-04-21,bear_call,2026-04-21 10:21:00,24500,65,24500,24900,55.400000000000006,22399.0,0.07848101265822785,0.09830508474576272,24500.5,2026-04-21 15:01:00,TIME,88.75,-2167.7499999999995,102.18502383750001,-2269.9350238374996
2026-04-23,2026-04-28,bull_put,2026-04-23 10:20:00,24300,65,24300,23900,142.34999999999997,16747.250000000004,0.8139240506329114,0.8372881355932204,24287.0,2026-04-23 12:32:00,SL,181.65,-2554.5000000000027,133.442888157,-2687.942888157003
2026-04-22,2026-04-28,bear_call,2026-04-22 10:22:00,24350,65,24350,24750,149.25,16298.75,0.10379746835443038,0.19661016949152543,24364.1,2026-04-23 15:01:00,TIME,81.5,4403.75,123.35914900450001,4280.3908509955
2026-04-23,2026-04-28,bull_put,2026-04-23 12:41:00,24200,65,24200,23800,138.25,17013.75,0.9253164556962026,0.8508474576271187,24192.25,2026-04-24 09:33:00,SL,181.14999999999998,-2788.4999999999986,129.855264832,-2918.3552648319987
2026-04-24,2026-04-28,bear_call,2026-04-24 10:25:00,23950,65,23950,24350,131.45,17455.75,0.05949367088607595,0.07796610169491526,23943.9,2026-04-27 09:49:00,SL,177.55,-2996.5000000000014,120.95123308500001,-3117.451233085001
2026-04-27,2026-04-28,bull_put,2026-04-27 10:17:00,24100,65,24100,23700,86.45,20380.75,0.8139240506329114,0.8169491525423729,24099.1,2026-04-27 11:37:00,SL,135.60000000000002,-3194.7500000000014,110.36924116449998,-3305.1192411645015
2026-04-27,2026-04-28,bull_put,2026-04-27 11:49:00,24000,65,24000,23600,83.55000000000001,20569.25,0.9113924050632911,0.888135593220339,24011.75,2026-04-28 15:01:00,TIME,3.9999999999999996,5170.750000000001,103.55096086450001,5067.199039135501
2026-04-28,2026-04-28,bear_call,2026-04-28 10:32:00,24150,65,24150,24550,43.050000000000004,23201.75,0.11772151898734177,0.08813559322033898,24159.9,2026-04-28 15:01:00,TIME,0.25,2782.0000000000005,98.46815695,2683.5318430500006
2026-04-29,2026-05-05,bull_put,2026-04-29 10:21:00,24250,65,24250,23850,111.69999999999999,18739.5,0.9392405063291139,0.8576271186440678,24265.35,2026-04-29 15:27:00,SL,156.45,-2908.75,125.46787136049998,-3034.2178713605
2026-04-30,2026-05-05,bear_call,2026-04-30 10:18:00,23800,65,23800,24200,136.65,17117.75,0.11139240506329114,0.06440677966101695,23810.05,2026-04-30 12:26:00,SL,178.75,-2736.4999999999995,128.623754864,-2865.1237548639997
2026-04-30,2026-05-05,bull_put,2026-04-30 12:43:00,23900,65,23900,23500,122.55,18034.25,0.8848101265822785,0.847457627118644,23913.1,2026-05-04 15:01:00,TIME,33.449999999999996,5791.5,113.26843641800001,5678.231563582
2026-05-05,2026-05-05,bull_put,2026-05-05 10:21:00,24000,65,24000,23600,54.1,22483.5,0.8556962025316456,0.9016949152542373,23991.65,2026-05-05 11:48:00,SL,116.7,-4069.0,102.98790030800001,-4171.9879003080005
2026-05-04,2026-05-05,bear_call,2026-05-04 10:23:00,24150,65,24150,24550,123.64999999999999,17962.75,0.15569620253164557,0.18305084745762712,24152.3,2026-05-05 15:01:00,TIME,0.3,8017.75,108.6173581745,7909.1326418255
2026-05-05,2026-05-05,bull_put,2026-05-05 12:07:00,23900,65,23900,23500,31.049999999999997,23981.75,0.8784810126582279,0.8711864406779661,23919.8,2026-05-05 15:01:00,TIME,0.3,1998.7499999999998,97.3420972815,1901.4079027184998
2026-05-06,2026-05-12,bull_put,2026-05-06 10:22:00,24150,65,24150,23750,114.94999999999999,18528.25,0.9468354430379747,0.8915254237288136,24153.95,2026-05-06 12:23:00,SL,158.0,-2798.250000000001,125.71480693250001,-2923.964806932501
2026-05-06,2026-05-12,bear_call,2026-05-06 12:23:00,24050,65,24050,24450,147.5,16412.5,0.07215189873417721,0.08135593220338982,24046.8,2026-05-06 14:14:00,SL,188.60000000000002,-2671.5000000000014,131.74876901599998,-2803.2487690160015
2026-05-07,2026-05-12,bear_call,2026-05-07 10:51:00,24350,65,24350,24750,140.29999999999998,16880.500000000004,0.07341772151898734,0.02711864406779661,24350.7,2026-05-07 12:41:00,SL,180.05,-2583.750000000002,128.0241588475,-2711.774158847502
2026-05-06,2026-05-12,bull_put,2026-05-06 14:14:00,24150,65,24150,23750,115.7,18479.5,0.9164556962025316,1.0,24132.5,2026-05-07 15:01:00,TIME,65.7,3250.0,115.23201157699998,3134.767988423
2026-05-07,2026-05-12,bear_call,2026-05-07 12:51:00,24450,65,24450,24850,131.7,17439.5,0.035443037974683546,0.1288135593220339,24435.15,2026-05-08 15:01:00,TIME,51.099999999999994,5239.0,114.86744295699998,5124.132557043
2026-05-08,2026-05-12,bull_put,2026-05-08 10:24:00,24250,65,24250,23850,122.69999999999999,18024.5,0.959493670886076,0.847457627118644,24230.25,2026-05-11 09:16:00,SL,244.10000000000002,-7891.000000000002,126.96969830399999,-8017.969698304002
2026-05-11,2026-05-12,bear_call,2026-05-11 10:18:00,23900,65,23900,24300,97.9,19636.5,0.11772151898734177,0.11186440677966102,23875.6,2026-05-11 13:46:00,SL,145.85,-3116.749999999999,112.1592427545,-3228.9092427544992
2026-05-11,2026-05-12,bull_put,2026-05-11 13:49:00,24000,65,24000,23600,92.7,19974.5,0.8607594936708861,0.8915254237288136,23981.0,2026-05-11 14:58:00,SL,142.35,-3227.2499999999995,110.04533814349999,-3337.2953381434995
2026-05-12,2026-05-12,bull_put,2026-05-12 10:18:00,23650,65,23650,23250,44.0,23140.0,0.9721518987341772,0.9830508474576272,23666.7,2026-05-12 12:09:00,SL,101.7,-3750.5,101.680215826,-3852.1802158259998
2026-05-12,2026-05-12,bear_call,2026-05-12 12:09:00,23550,65,23550,23950,59.400000000000006,22139.0,0.0949367088607595,0.07457627118644068,23564.95,2026-05-12 15:01:00,TIME,0.25,3844.7500000000005,100.31584530549999,3744.4341546945006
2026-05-14,2026-05-19,bear_call,2026-05-14 10:23:00,23500,65,23500,23900,136.2,17147.0,0.09113924050632911,0.08135593220338982,23476.85,2026-05-14 11:34:00,SL,182.14999999999998,-2986.749999999999,127.8589137025,-3114.608913702499
2026-05-14,2026-05-19,bear_call,2026-05-14 12:02:00,23650,65,23650,24050,148.5,16347.5,0.13924050632911392,0.18305084745762712,23658.0,2026-05-14 14:08:00,SL,190.5,-2730.0,129.237146435,-2859.237146435
2026-05-13,2026-05-19,bull_put,2026-05-13 10:17:00,23400,65,23400,23000,121.75,18086.25,0.9898734177215189,0.911864406779661,23422.1,2026-05-14 15:01:00,TIME,51.25,4582.5,120.54267568900002,4461.957324311
2026-05-15,2026-05-19,bull_put,2026-05-15 10:23:00,23800,65,23800,23400,117.39999999999999,18369.0,0.8202531645569621,0.8677966101694915,23814.25,2026-05-15 11:32:00,SL,162.4,-2925.000000000001,124.079399737,-3049.079399737001
2026-05-15,2026-05-19,bear_call,2026-05-15 11:57:00,23700,65,23700,24100,134.85,17234.75,0.1848101265822785,0.17627118644067796,23718.35,2026-05-18 15:01:00,TIME,79.75,3581.4999999999995,114.70400438300001,3466.7959956169993
2026-05-18,2026-05-19,bull_put,2026-05-18 10:17:00,23400,65,23400,23000,115.75,18476.25,0.8113924050632911,0.8915254237288136,23375.45,2026-05-19 15:01:00,TIME,0.25,7507.5,107.811004607,7399.688995393
2026-05-19,2026-05-19,bear_call,2026-05-19 10:20:00,23750,65,23750,24150,41.050000000000004,23331.75,0.07468354430379746,0.1288135593220339,23725.7,2026-05-19 15:01:00,TIME,0.24999999999999994,2652.0000000000005,98.308435414,2553.6915645860004
2026-05-20,2026-05-26,bear_call,2026-05-20 10:24:00,23500,65,23500,23900,139.15,16955.25,0.05822784810126582,0.0576271186440678,23481.65,2026-05-20 11:28:00,SL,179.5,-2622.7499999999995,131.21957241950003,-2753.9695724194994
2026-05-20,2026-05-26,bull_put,2026-05-20 11:30:00,23600,65,23600,23200,136.89999999999998,17101.5,0.8329113924050633,0.8305084745762712,23599.85,2026-05-21 15:01:00,TIME,106.70000000000002,1962.9999999999975,124.78853771200001,1838.2114622879974
2026-05-21,2026-05-26,bear_call,2026-05-21 10:34:00,23750,65,23750,24150,142.75,16721.25,0.13924050632911392,0.10847457627118644,23771.75,2026-05-22 15:01:00,TIME,103.25,2567.5,117.90385866399998,2449.596141336
2026-05-22,2026-05-26,bull_put,2026-05-22 10:35:00,23800,65,23800,23400,118.79999999999998,18278.000000000004,0.8544303797468354,0.9254237288135593,23778.15,2026-05-25 15:01:00,TIME,13.600000000000001,6837.999999999999,110.755003418,6727.244996581999
2026-05-25,2026-05-26,bear_call,2026-05-25 10:52:00,24000,65,24000,24400,85.75,20426.25,0.15569620253164557,0.15254237288135594,23979.85,2026-05-25 15:29:00,SL,138.55,-3432.000000000001,108.50502431,-3540.505024310001
2026-05-26,2026-05-26,bear_call,2026-05-26 10:21:00,24050,65,24050,24450,48.00000000000001,22880.0,0.10379746835443038,0.12542372881355932,24051.0,2026-05-26 15:01:00,TIME,0.35000000000000003,3097.2500000000005,98.94429864850001,2998.3057013515004
2026-05-27,2026-06-02,bull_put,2026-05-27 10:18:00,23950,65,23950,23550,110.74999999999997,18801.25,0.9582278481012658,0.864406779661017,23953.75,2026-05-29 13:12:00,SL,156.5,-2973.750000000002,117.54553223450002,-3091.295532234502
2026-06-01,2026-06-02,bull_put,2026-06-01 10:39:00,23550,65,23550,23150,82.25,20653.75,0.9518987341772152,0.9559322033898305,23546.35,2026-06-01 14:02:00,SL,129.85000000000002,-3094.0000000000014,108.197680572,-3202.1976805720014
2026-05-29,2026-06-02,bear_call,2026-05-29 10:28:00,23900,65,23900,24300,148.5,16347.5,0.17974683544303796,0.1288135593220339,23920.5,2026-06-01 15:01:00,TIME,4.8,9340.5,111.98079985999999,9228.51920014
2026-06-02,2026-06-02,bear_call,2026-06-02 10:16:00,23250,65,23250,23650,58.35,22207.25,0.08481012658227848,0.14915254237288136,23272.3,2026-06-02 10:24:00,SL,123.7,-4247.75,103.8165651645,-4351.5665651645
2026-06-02,2026-06-02,bear_call,2026-06-02 10:50:00,23350,65,23350,23750,40.2,23387.0,0.10632911392405063,0.15932203389830507,23330.7,2026-06-02 12:47:00,SL,98.3,-3776.4999999999995,101.18424814600002,-3877.6842481459994
2026-06-02,2026-06-02,bull_put,2026-06-02 13:13:00,23500,65,23500,23100,37.900000000000006,23536.5,0.9620253164556962,0.9322033898305084,23492.25,2026-06-02 15:01:00,TIME,63.85,-1686.7499999999998,99.84442919150001,-1786.5944291914998
2026-06-03,2026-06-09,bull_put,2026-06-03 10:19:00,23250,65,23250,22850,124.64999999999999,17897.75,0.8886075949367088,0.8406779661016949,23257.8,2026-06-04 15:01:00,TIME,62.75,4023.4999999999995,116.616168234,3906.8838317659997
2026-06-05,2026-06-09,bull_put,2026-06-05 10:26:00,23500,65,23500,23100,106.99999999999997,19045.0,0.8746835443037975,0.9220338983050848,23495.3,2026-06-05 10:40:00,SL,154.8,-3107.0000000000027,117.647060187,-3224.647060187003
2026-06-04,2026-06-09,bear_call,2026-06-04 10:17:00,23400,65,23400,23800,152.2,16107.0,0.16329113924050634,0.05423728813559322,23420.8,2026-06-05 15:01:00,TIME,107.10000000000001,2931.4999999999986,121.856630539,2809.6433694609987
2026-06-05,2026-06-09,bull_put,2026-06-05 10:51:00,23400,65,23400,23000,118.89999999999998,18271.5,0.9759493670886076,0.9694915254237289,23385.6,2026-06-08 09:16:00,SL,229.95000000000005,-7218.250000000005,124.1330102355,-7342.383010235504
2026-06-09,2026-06-09,bear_call,2026-06-09 10:23:00,23150,65,23150,23550,58.45,22200.75,0.18354430379746836,0.16271186440677965,23156.1,2026-06-09 14:41:00,SL,111.89999999999999,-3474.249999999999,103.2310392755,-3577.481039275499
2026-06-08,2026-06-09,bull_put,2026-06-08 10:32:00,23200,65,23200,22800,99.45,19535.75,0.8924050632911392,0.8915254237288136,23195.8,2026-06-09 15:01:00,TIME,0.75,6415.5,105.360037829,6310.139962171
2026-06-10,2026-06-16,bull_put,2026-06-10 10:36:00,23350,65,23350,22950,123.6,17966.0,0.9607594936708861,0.8576271186440678,23344.1,2026-06-10 14:46:00,SL,165.65,-2733.250000000001,125.0696311805,-2858.319631180501
2026-06-12,2026-06-16,bear_call,2026-06-12 10:48:00,23350,65,23350,23750,120.69999999999999,18154.5,0.13544303797468354,0.03728813559322034,23332.65,2026-06-12 13:37:00,SL,164.00000000000003,-2814.5000000000027,116.15154854599997,-2930.6515485460027
2026-06-12,2026-06-16,bear_call,2026-06-12 14:11:00,23500,65,23500,23900,121.55,18099.25,0.19873417721518988,0.04067796610169491,23498.3,2026-06-12 14:54:00,SL,165.25,-2840.5,118.62823059799999,-2959.128230598
2026-06-11,2026-06-16,bull_put,2026-06-11 10:18:00,23150,65,23150,22750,113.74999999999997,18606.25,0.8113924050632911,0.8372881355932204,23167.35,2026-06-12 15:01:00,TIME,17.85,6233.499999999998,110.20201616499999,6123.297983834998
2026-06-15,2026-06-16,bull_put,2026-06-15 10:31:00,23950,65,23950,23550,85.25,20458.75,0.889873417721519,0.8169491525423729,23969.05,2026-06-15 15:13:00,SL,140.65,-3601.0000000000005,109.20247356899998,-3710.2024735690006
2026-06-16,2026-06-16,bull_put,2026-06-16 10:16:00,23900,65,23900,23500,40.85,23344.75,0.8227848101265823,0.8169491525423729,23911.05,2026-06-16 15:01:00,TIME,0.25,2639.0,98.32025632700001,2540.679743673
2026-06-17,2026-06-23,bull_put,2026-06-17 10:20:00,24050,65,24050,23650,119.35,18242.25,0.9518987341772152,0.9186440677966101,24066.95,2026-06-18 15:01:00,TIME,69.15,3262.999999999999,113.449893161,3149.550106838999
2026-06-18,2026-06-23,bear_call,2026-06-18 10:18:00,24100,65,24100,24500,109.44999999999999,18885.75,0.11772151898734177,0.061016949152542375,24121.1,2026-06-19 15:01:00,TIME,51.349999999999994,3776.4999999999995,109.02849707799999,3667.4715029219997
2026-06-19,2026-06-23,bull_put,2026-06-19 11:11:00,23950,65,23950,23550,93.9,19896.5,0.8759493670886076,0.8406779661016949,23957.55,2026-06-22 15:01:00,TIME,13.25,5242.25,105.25926433150002,5136.9907356685
2026-06-23,2026-06-23,bull_put,2026-06-23 10:22:00,24150,65,24150,23750,44.6,23101.0,0.8151898734177215,0.8067796610169492,24127.8,2026-06-23 11:46:00,SL,109.2,-4199.0,101.94605100600002,-4300.946051006
2026-06-22,2026-06-23,bear_call,2026-06-22 10:34:00,24150,65,24150,24550,67.4,21619.0,0.1670886075949367,0.10847457627118644,24144.15,2026-06-23 15:01:00,TIME,0.19999999999999996,4368.0,101.086210076,4266.913789924
2026-06-23,2026-06-23,bull_put,2026-06-23 12:28:00,23950,65,23950,23550,41.300000000000004,23315.5,0.9898734177215189,0.8779661016949153,23951.6,2026-06-23 15:01:00,SL,100.3,-3834.9999999999995,101.24046324,-3936.2404632399994
2026-06-25,2026-06-30,bear_call,2026-06-25 10:55:00,24200,65,24200,24600,90.60000000000001,20111.0,0.0810126582278481,0.10847457627118644,24180.8,2026-06-25 12:11:00,SL,137.50000000000003,-3048.5000000000014,109.857122213,-3158.3571222130013
2026-06-24,2026-06-30,bull_put,2026-06-24 10:25:00,23950,65,23950,23550,117.64999999999999,18352.75,0.9873417721518988,0.8169491525423729,23945.8,2026-06-25 15:01:00,TIME,44.949999999999996,4725.499999999999,111.947844275,4613.5521557249995
2026-06-29,2026-06-30,bull_put,2026-06-29 10:23:00,24100,65,24100,23700,81.85,20679.75,0.9632911392405064,0.9966101694915255,24085.95,2026-06-29 12:13:00,SL,131.6,-3233.75,108.21751040150001,-3341.9675104015
2026-06-25,2026-06-30,bear_call,2026-06-25 12:18:00,24250,65,24250,24650,107.05,19041.75,0.17974683544303796,0.18305084745762712,24242.6,2026-06-29 15:01:00,TIME,11.400000000000002,6217.249999999999,106.22153898249998,6111.0284610174995
2026-06-30,2026-06-30,bear_call,2026-06-30 10:41:00,23900,65,23900,24300,47.95,22883.25,0.1468354430379747,0.1016949152542373,23884.5,2026-06-30 11:24:00,SL,114.6,-4332.249999999999,102.6155242325,-4434.865524232499
2026-06-29,2026-06-30,bull_put,2026-06-29 12:45:00,23950,65,23950,23550,82.0,20670.0,0.8367088607594937,0.8203389830508474,23944.45,2026-06-30 15:01:00,TIME,95.74999999999999,-893.7499999999991,105.61847232350001,-999.3684723234991
2026-06-30,2026-06-30,bear_call,2026-06-30 11:30:00,24000,65,24000,24400,41.050000000000004,23331.75,0.10253164556962026,0.19322033898305085,23976.55,2026-06-30 15:01:00,TIME,0.35000000000000003,2645.5,98.329450798,2547.170549202
2026-07-02,2026-07-07,bear_call,2026-07-02 10:34:00,24100,65,24100,24500,113.45,18625.75,0.15569620253164557,0.17966101694915254,24097.45,2026-07-02 14:40:00,SL,157.5,-2863.25,113.0978563395,-2976.3478563395
2026-07-01,2026-07-07,bull_put,2026-07-01 10:18:00,24000,65,24000,23600,113.30000000000001,18635.5,0.8924050632911392,0.8440677966101695,23996.1,2026-07-02 15:01:00,TIME,39.05,4826.250000000001,111.09947533150002,4715.150524668501
2026-07-03,2026-07-07,bear_call,2026-07-03 10:17:00,24300,65,24300,24700,112.80000000000001,18668.0,0.06835443037974684,0.06440677966101695,24322.7,2026-07-06 12:14:00,SL,158.6,-2976.999999999999,110.943102667,-3087.943102666999
2026-07-06,2026-07-07,bull_put,2026-07-06 10:19:00,24400,65,24400,24000,73.05,21251.75,0.9151898734177215,0.9423728813559322,24385.55,2026-07-07 15:01:00,TIME,2.8,4566.25,101.94062868649999,4464.3093713135
2026-07-07,2026-07-07,bear_call,2026-07-07 10:41:00,24500,65,24500,24900,20.8,24648.0,0.0810126582278481,0.06779661016949153,24477.45,2026-07-07 15:01:00,TIME,0.45000000000000007,1322.75,96.4281660945,1226.3218339055
2026-07-08,2026-07-14,bear_call,2026-07-08 10:16:00,24250,65,24250,24650,105.0,19175.0,0.03164556962025317,0.1423728813559322,24232.05,2026-07-09 15:01:00,TIME,37.75,4371.25,108.3230465985,4262.9269534015
2026-07-09,2026-07-14,bull_put,2026-07-09 10:25:00,24050,65,24050,23650,107.95,18983.25,0.9658227848101266,0.9288135593220339,24055.35,2026-07-09 15:07:00,SL,163.65,-3620.5,118.769540104,-3739.269540104
2026-07-10,2026-07-14,bear_call,2026-07-10 10:31:00,24200,65,24200,24600,101.0,19435.0,0.14050632911392405,0.07796610169491526,24195.1,2026-07-13 15:01:00,TIME,78.3,1475.5000000000002,107.33248286199999,1368.1675171380002
2026-07-13,2026-07-14,bull_put,2026-07-13 10:29:00,24150,65,24150,23750,94.7,19844.5,0.979746835443038,0.9186440677966101,24143.15,2026-07-14 15:01:00,TIME,85.94999999999999,568.7500000000009,107.05282134350001,461.6971786565009
2026-07-14,2026-07-14,bear_call,2026-07-14 10:16:00,24100,65,24100,24500,37.50000000000001,23562.5,0.07215189873417721,0.10847457627118644,24080.65,2026-07-14 15:01:00,TIME,3.3499999999999996,2219.7500000000005,98.08368923649999,2121.6663107635004
